idx,char,examples,distractors,batch,category,meanings,radical,components,complexity,retired
1,一,"[{""idx"": 1}, {""idx"": 2}, {""idx"": 3}, {""idx"": 4}, {""idx"": 5}, {""idx"": 6, ""batch"": 2}, {""idx"": 7, ""batch"": 2}]","[{""word"": ""一水"", ""reading"": ""いっすい"", ""meaning"": ""(non-word)""}, {""word"": ""一肉"", ""reading"": ""いちにく"", ""meaning"": ""(non-word)""}, {""word"": ""一茶"", ""reading"": ""いっちゃ"", ""meaning"": ""(non-word)""}]",1,Numbers,one; one radical (no.1),一,一,1,false
2,二,"[{""idx"": 8}, {""idx"": 9}, {""idx"": 10}, {""idx"": 11}, {""idx"": 12}, {""idx"": 13, ""batch"": 2}, {""idx"": 14, ""batch"": 2}]","[{""word"": ""二水"", ""reading"": ""にすい"", ""meaning"": ""(non-word)""}, {""word"": ""二肉"", ""reading"": ""にに く"", ""meaning"": ""(non-word)""}, {""word"": ""二油"", ""reading"": ""にゆ"", ""meaning"": ""(non-word)""}]",1,Numbers,two; two radical (no. 7),二,二,2,false
3,三,"[{""idx"": 15}, {""idx"": 16}, {""idx"": 17}, {""idx"": 18}, {""idx"": 19}, {""idx"": 20, ""batch"": 2}]","[{""word"": ""三肉"", ""reading"": ""さんにく"", ""meaning"": ""(non-word)""}, {""word"": ""三茶"", ""reading"": ""さんちゃ"", ""meaning"": ""(non-word)""}, {""word"": ""三電"", ""reading"": ""さんでん"", ""meaning"": ""(non-word)""}]",1,Numbers,three,一,一 二,3,false
4,四,"[{""idx"": 21}, {""idx"": 22}, {""idx"": 23}, {""idx"": 24}, {""idx"": 25}, {""idx"": 26, ""batch"": 2}]","[{""word"": ""四水"", ""reading"": ""しすい"", ""meaning"": ""(non-word)""}, {""word"": ""四肉"", ""reading"": ""しにく"", ""meaning"": ""(non-word)""}, {""word"": ""四道"", ""reading"": ""しどう"", ""meaning"": ""(non-word)""}]",1,Numbers,four,囗,儿 囗,5,false
5,五,"[{""idx"": 27}, {""idx"": 28}, {""idx"": 29}, {""idx"": 30}, {""idx"": 31}, {""idx"": 32, ""batch"": 2}, {""idx"": 33, ""batch"": 2}]","[{""word"": ""五肉"", ""reading"": ""ごにく"", ""meaning"": ""(non-word)""}, {""word"": ""五茶"", ""reading"": ""ごちゃ"", ""meaning"": ""(non-word)""}, {""word"": ""五山"", ""reading"": ""ごやま"", ""meaning"": ""(non-word)""}]",1,Numbers,five,二,五,4,false
6,六,"[{""idx"": 34}, {""idx"": 35}, {""idx"": 36}, {""idx"": 37}, {""idx"": 38}, {""idx"": 39, ""batch"": 2}]","[{""word"": ""六肉"", ""reading"": ""ろくにく"", ""meaning"": ""(non-word)""}, {""word"": ""六水"", ""reading"": ""ろくすい"", ""meaning"": ""(non-word)""}, {""word"": ""六茶"", ""reading"": ""ろくちゃ"", ""meaning"": ""(non-word)""}]",1,Numbers,six,八,ハ 亠,4,false
7,七,"[{""idx"": 40}, {""idx"": 41}, {""idx"": 42}, {""idx"": 43}, {""idx"": 44}, {""idx"": 45, ""batch"": 2}]","[{""word"": ""七肉"", ""reading"": ""しちにく"", ""meaning"": ""(non-word)""}, {""word"": ""七油"", ""reading"": ""ななゆ"", ""meaning"": ""(non-word)""}, {""word"": ""七電"", ""reading"": ""しちでん"", ""meaning"": ""(non-word)""}]",1,Numbers,seven,一,乙 匕 ノ,2,false
8,八,"[{""idx"": 46}, {""idx"": 47}, {""idx"": 48}, {""idx"": 49}, {""idx"": 50}, {""idx"": 51, ""batch"": 2}]","[{""word"": ""八肉"", ""reading"": ""はちにく"", ""meaning"": ""(non-word)""}, {""word"": ""八茶"", ""reading"": ""はっちゃ"", ""meaning"": ""(non-word)""}, {""word"": ""八水"", ""reading"": ""はっすい"", ""meaning"": ""(non-word)""}]",1,Numbers,eight; eight radical (no. 12),八,ハ,2,false
9,九,"[{""idx"": 52}, {""idx"": 53}, {""idx"": 54}, {""idx"": 55}, {""idx"": 56}, {""idx"": 57, ""batch"": 2}]","[{""word"": ""九肉"", ""reading"": ""きゅうにく"", ""meaning"": ""(non-word)""}, {""word"": ""九茶"", ""reading"": ""きゅうちゃ"", ""meaning"": ""(non-word)""}, {""word"": ""九道"", ""reading"": ""くどう"", ""meaning"": ""(non-word)""}]",1,Numbers,nine,乙,九,2,false
10,十,"[{""idx"": 58}, {""idx"": 59}, {""idx"": 60}, {""idx"": 61}, {""idx"": 62}, {""idx"": 63, ""batch"": 2}, {""idx"": 854}, {""idx"": 855}, {""idx"": 856}]","[{""word"": ""十肉"", ""reading"": ""じゅうにく"", ""meaning"": ""(non-word)""}, {""word"": ""十茶"", ""reading"": ""じゅっちゃ"", ""meaning"": ""(non-word)""}, {""word"": ""十油"", ""reading"": ""じゅうゆ"", ""meaning"": ""(non-word)""}]",1,Numbers,ten,十,十,2,false
11,百,"[{""idx"": 64}, {""idx"": 65}, {""idx"": 66}, {""idx"": 67}, {""idx"": 68}, {""idx"": 69, ""batch"": 2}]","[{""word"": ""百肉"", ""reading"": ""ひゃくにく"", ""meaning"": ""(non-word)""}, {""word"": ""百茶"", ""reading"": ""ひゃくちゃ"", ""meaning"": ""(non-word)""}, {""word"": ""百道"", ""reading"": ""ひゃくどう"", ""meaning"": ""(non-word)""}]",1,Numbers,hundred,白,一 白,6,false
12,千,"[{""idx"": 70}, {""idx"": 71}, {""idx"": 72}, {""idx"": 73}, {""idx"": 74}, {""idx"": 75, ""batch"": 2}]","[{""word"": ""千肉"", ""reading"": ""せんにく"", ""meaning"": ""(non-word)""}, {""word"": ""千茶"", ""reading"": ""せんちゃ"", ""meaning"": ""(non-word)""}, {""word"": ""千水"", ""reading"": ""せんすい"", ""meaning"": ""(non-word)""}]",1,Numbers,thousand,十,ノ 十,3,false
13,万,"[{""idx"": 76}, {""idx"": 77}, {""idx"": 78}, {""idx"": 79, ""batch"": 2}]","[{""word"": ""万肉"", ""reading"": ""まんにく"", ""meaning"": ""(non-word)""}, {""word"": ""万茶"", ""reading"": ""まんちゃ"", ""meaning"": ""(non-word)""}, {""word"": ""万電"", ""reading"": ""まんでん"", ""meaning"": ""(non-word)""}]",1,Numbers,"ten thousand; 10,000",一,｜ ノ 一,3,false
14,日,"[{""idx"": 80}, {""idx"": 81}, {""idx"": 82}, {""idx"": 83}, {""idx"": 84}, {""idx"": 85, ""batch"": 2}, {""idx"": 894, ""batch"": 2}]","[{""word"": ""日肉"", ""reading"": ""ひにく"", ""meaning"": ""(non-word)""}, {""word"": ""日茶"", ""reading"": ""にっちゃ"", ""meaning"": ""(non-word)""}, {""word"": ""日油"", ""reading"": ""ひあぶら"", ""meaning"": ""(non-word)""}]",1,Time,day; sun; Japan; counter for days,日,日,4,false
15,月,"[{""idx"": 86}, {""idx"": 87}, {""idx"": 88}, {""idx"": 4}, {""idx"": 89}, {""idx"": 90, ""batch"": 2}, {""idx"": 893, ""batch"": 2}]","[{""word"": ""月肉"", ""reading"": ""つきにく"", ""meaning"": ""(non-word)""}, {""word"": ""月茶"", ""reading"": ""げっちゃ"", ""meaning"": ""(non-word)""}, {""word"": ""月道"", ""reading"": ""つきどう"", ""meaning"": ""(non-word)""}]",1,Time,month; moon,月,月,4,false
16,火,"[{""idx"": 91}, {""idx"": 92}, {""idx"": 93}, {""idx"": 94}, {""idx"": 95}]","[{""word"": ""火肉"", ""reading"": ""ひにく"", ""meaning"": ""(non-word)""}, {""word"": ""火茶"", ""reading"": ""かちゃ"", ""meaning"": ""(non-word)""}, {""word"": ""火米"", ""reading"": ""かまい"", ""meaning"": ""(non-word)""}]",1,Nature,fire,火,火,4,false
17,水,"[{""idx"": 96}, {""idx"": 97}, {""idx"": 98}, {""idx"": 99}, {""idx"": 100}]","[{""word"": ""水肉"", ""reading"": ""みずにく"", ""meaning"": ""(non-word)""}, {""word"": ""水茶"", ""reading"": ""みずちゃ"", ""meaning"": ""(non-word)""}, {""word"": ""水電"", ""reading"": ""すいでん"", ""meaning"": ""(non-word)""}]",1,Nature,water,水,水,4,false
18,木,"[{""idx"": 101}, {""idx"": 102}, {""idx"": 103}, {""idx"": 104}]","[{""word"": ""木肉"", ""reading"": ""きにく"", ""meaning"": ""(non-word)""}, {""word"": ""木茶"", ""reading"": ""もくちゃ"", ""meaning"": ""(non-word)""}, {""word"": ""木油"", ""reading"": ""きあぶら"", ""meaning"": ""(non-word)""}]",1,Nature,tree; wood,木,木,4,false
19,金,"[{""idx"": 105}, {""idx"": 106}, {""idx"": 107}, {""idx"": 108}, {""idx"": 109}]","[{""word"": ""金菜"", ""reading"": ""きんさい"", ""meaning"": ""(non-word)""}, {""word"": ""金麺"", ""reading"": ""きんめん"", ""meaning"": ""(non-word)""}, {""word"": ""金駅"", ""reading"": ""きんえき"", ""meaning"": ""(non-word)""}]",1,Shopping,gold,金,金 王 ハ 𠆢 丷,8,false
20,土,"[{""idx"": 110}, {""idx"": 111}, {""idx"": 112}, {""idx"": 113}, {""idx"": 910}]","[{""word"": ""土肉"", ""reading"": ""つちにく"", ""meaning"": ""(non-word)""}, {""word"": ""土茶"", ""reading"": ""どちゃ"", ""meaning"": ""(non-word)""}, {""word"": ""土油"", ""reading"": ""つちあぶら"", ""meaning"": ""(non-word)""}]",1,Nature,soil; earth; ground; Turkey,土,土,3,false
21,年,"[{""idx"": 114}, {""idx"": 115}, {""idx"": 116}, {""idx"": 117}, {""idx"": 118, ""batch"": 2}]","[{""word"": ""年肉"", ""reading"": ""としにく"", ""meaning"": ""(non-word)""}, {""word"": ""年茶"", ""reading"": ""ねんちゃ"", ""meaning"": ""(non-word)""}, {""word"": ""年水"", ""reading"": ""ねんすい"", ""meaning"": ""(non-word)""}]",1,Time,year; counter for years,干,ノ 一 干 𠂉,6,false
22,時,"[{""idx"": 119}, {""idx"": 120}, {""idx"": 121}, {""idx"": 7}, {""idx"": 122}]","[{""word"": ""時肉"", ""reading"": ""じにく"", ""meaning"": ""(non-word)""}, {""word"": ""時茶"", ""reading"": ""じちゃ"", ""meaning"": ""(non-word)""}, {""word"": ""時米"", ""reading"": ""じまい"", ""meaning"": ""(non-word)""}]",1,Time,time; hour,日,寸 土 日,10,false
23,分,"[{""idx"": 123}, {""idx"": 124}, {""idx"": 125}, {""idx"": 126}, {""idx"": 127, ""batch"": 2}, {""idx"": 890}, {""idx"": 891, ""batch"": 2}]","[{""word"": ""分肉"", ""reading"": ""ぶんにく"", ""meaning"": ""(non-word)""}, {""word"": ""分茶"", ""reading"": ""ぶんちゃ"", ""meaning"": ""(non-word)""}, {""word"": ""分電"", ""reading"": ""ぶんでん"", ""meaning"": ""(non-word)""}]",1,Time,part; minute of time; segment; share; degree; one's lot; duty; understand; know; rate; 1%; chances; shaku/100,刀,刀 ハ,4,false
24,今,"[{""idx"": 128}, {""idx"": 84}, {""idx"": 88}, {""idx"": 115}, {""idx"": 129}]","[{""word"": ""今肉"", ""reading"": ""いまにく"", ""meaning"": ""(non-word)""}, {""word"": ""今茶"", ""reading"": ""いまちゃ"", ""meaning"": ""(non-word)""}, {""word"": ""今油"", ""reading"": ""いまゆ"", ""meaning"": ""(non-word)""}]",1,Time,now,人,𠆢 一,4,false
25,半,"[{""idx"": 124}, {""idx"": 130}, {""idx"": 131}, {""idx"": 132}, {""idx"": 892}]","[{""word"": ""半肉"", ""reading"": ""はんにく"", ""meaning"": ""(non-word)""}, {""word"": ""半茶"", ""reading"": ""はんちゃ"", ""meaning"": ""(non-word)""}, {""word"": ""半電"", ""reading"": ""はんでん"", ""meaning"": ""(non-word)""}]",1,Time,half; middle; odd number; semi-; part-,十,｜ 二 丷 十,5,false
26,間,"[{""idx"": 133}, {""idx"": 120}, {""idx"": 134}, {""idx"": 135}, {""idx"": 136}]","[{""word"": ""間肉"", ""reading"": ""かんにく"", ""meaning"": ""(non-word)""}, {""word"": ""間茶"", ""reading"": ""かんちゃ"", ""meaning"": ""(non-word)""}, {""word"": ""間米"", ""reading"": ""かんまい"", ""meaning"": ""(non-word)""}]",1,Time,interval; space,門,日 門,12,false
27,週,"[{""idx"": 129}, {""idx"": 137}, {""idx"": 138}, {""idx"": 139, ""batch"": 2}]","[{""word"": ""週肉"", ""reading"": ""しゅうにく"", ""meaning"": ""(non-word)""}, {""word"": ""週茶"", ""reading"": ""しゅうちゃ"", ""meaning"": ""(non-word)""}, {""word"": ""週水"", ""reading"": ""しゅうすい"", ""meaning"": ""(non-word)""}]",1,Time,week,辵,口 辶 土 冂,11,false
28,毎,"[{""idx"": 82}, {""idx"": 89}, {""idx"": 116}, {""idx"": 138}, {""idx"": 140, ""batch"": 2}]","[{""word"": ""毎肉"", ""reading"": ""まいにく"", ""meaning"": ""(non-word)""}, {""word"": ""毎茶"", ""reading"": ""まいちゃ"", ""meaning"": ""(non-word)""}, {""word"": ""毎電"", ""reading"": ""まいでん"", ""meaning"": ""(non-word)""}]",1,Time,every,毋,母 毋 𠂉,6,false
29,曜,"[{""idx"": 141}, {""idx"": 142}, {""idx"": 92}, {""idx"": 143}, {""idx"": 111}]","[{""word"": ""曜肉"", ""reading"": ""ようにく"", ""meaning"": ""(non-word)""}, {""word"": ""曜茶"", ""reading"": ""ようちゃ"", ""meaning"": ""(non-word)""}, {""word"": ""曜水"", ""reading"": ""ようすい"", ""meaning"": ""(non-word)""}]",1,Time,weekday,日,ヨ 日 隹,18,false
30,人,"[{""idx"": 144}, {""idx"": 3}, {""idx"": 10}, {""idx"": 145}, {""idx"": 146}, {""idx"": 147, ""batch"": 2}, {""idx"": 919}]","[{""word"": ""人菜"", ""reading"": ""じんさい"", ""meaning"": ""(non-word)""}, {""word"": ""人麺"", ""reading"": ""じんめん"", ""meaning"": ""(non-word)""}, {""word"": ""人駅"", ""reading"": ""じんえき"", ""meaning"": ""(non-word)""}]",1,Humans & Family,person,人,人,2,false
31,私,"[{""idx"": 148}, {""idx"": 149}, {""idx"": 150}, {""idx"": 151}]","[{""word"": ""私肉"", ""reading"": ""しにく"", ""meaning"": ""(non-word)""}, {""word"": ""私茶"", ""reading"": ""しちゃ"", ""meaning"": ""(non-word)""}, {""word"": ""私山"", ""reading"": ""しやま"", ""meaning"": ""(non-word)""}]",1,Humans & Family,private; I; me,禾,禾 厶,7,false
32,男,"[{""idx"": 152}, {""idx"": 153}, {""idx"": 154}, {""idx"": 155}]","[{""word"": ""男肉"", ""reading"": ""だんにく"", ""meaning"": ""(non-word)""}, {""word"": ""男茶"", ""reading"": ""だんちゃ"", ""meaning"": ""(non-word)""}, {""word"": ""男水"", ""reading"": ""だんすい"", ""meaning"": ""(non-word)""}]",1,Humans & Family,male,田,田 力,7,false
33,女,"[{""idx"": 156}, {""idx"": 157}, {""idx"": 158}, {""idx"": 159}]","[{""word"": ""女肉"", ""reading"": ""じょにく"", ""meaning"": ""(non-word)""}, {""word"": ""女茶"", ""reading"": ""じょちゃ"", ""meaning"": ""(non-word)""}, {""word"": ""女電"", ""reading"": ""じょでん"", ""meaning"": ""(non-word)""}]",1,Humans & Family,woman; female,女,女,3,false
34,子,"[{""idx"": 160}, {""idx"": 161}, {""idx"": 153}, {""idx"": 157}]","[{""word"": ""子肉"", ""reading"": ""こにく"", ""meaning"": ""(non-word)""}, {""word"": ""子茶"", ""reading"": ""こちゃ"", ""meaning"": ""(non-word)""}, {""word"": ""子油"", ""reading"": ""こあぶら"", ""meaning"": ""(non-word)""}]",1,Humans & Family,child; sign of the rat; 11PM-1AM; first sign of Chinese zodiac,子,子,3,false
35,名,"[{""idx"": 162}, {""idx"": 163}, {""idx"": 164}, {""idx"": 165}, {""idx"": 915}]","[{""word"": ""名菜"", ""reading"": ""めいさい"", ""meaning"": ""(non-word)""}, {""word"": ""名麺"", ""reading"": ""めいめん"", ""meaning"": ""(non-word)""}, {""word"": ""名駅"", ""reading"": ""めいえき"", ""meaning"": ""(non-word)""}]",1,Humans & Family,name; noted; distinguished; reputation,口,口 夕,6,false
36,友,"[{""idx"": 166}, {""idx"": 167}, {""idx"": 168}, {""idx"": 169}, {""idx"": 170}]","[{""word"": ""友肉"", ""reading"": ""ゆうにく"", ""meaning"": ""(non-word)""}, {""word"": ""友茶"", ""reading"": ""ゆうちゃ"", ""meaning"": ""(non-word)""}, {""word"": ""友水"", ""reading"": ""ゆうすい"", ""meaning"": ""(non-word)""}]",1,Humans & Family,friend,又,ノ 一 又,4,false
37,父,"[{""idx"": 171}, {""idx"": 172}, {""idx"": 173}, {""idx"": 174}]","[{""word"": ""父肉"", ""reading"": ""ちちにく"", ""meaning"": ""(non-word)""}, {""word"": ""父茶"", ""reading"": ""ちちちゃ"", ""meaning"": ""(non-word)""}, {""word"": ""父道"", ""reading"": ""ふどう"", ""meaning"": ""(non-word)""}]",1,Humans & Family,father,父,父,4,false
38,母,"[{""idx"": 175}, {""idx"": 176}, {""idx"": 177}, {""idx"": 178}]","[{""word"": ""母肉"", ""reading"": ""ははにく"", ""meaning"": ""(non-word)""}, {""word"": ""母茶"", ""reading"": ""ぼちゃ"", ""meaning"": ""(non-word)""}, {""word"": ""母電"", ""reading"": ""ぼでん"", ""meaning"": ""(non-word)""}]",1,Humans & Family,mother,毋,母 毋,5,false
39,上,"[{""idx"": 179}, {""idx"": 180}, {""idx"": 181}, {""idx"": 182}, {""idx"": 183}, {""idx"": 898}, {""idx"": 903}]","[{""word"": ""上肉"", ""reading"": ""じょうにく"", ""meaning"": ""(non-word)""}, {""word"": ""上茶"", ""reading"": ""じょうちゃ"", ""meaning"": ""(non-word)""}, {""word"": ""上油"", ""reading"": ""じょうゆ"", ""meaning"": ""(non-word)""}]",1,Transport,above; up,一,一 卜,3,false
40,下,"[{""idx"": 184}, {""idx"": 185}, {""idx"": 186}, {""idx"": 187}, {""idx"": 188}, {""idx"": 897}, {""idx"": 921}]","[{""word"": ""下肉"", ""reading"": ""かにく"", ""meaning"": ""(non-word)""}, {""word"": ""下茶"", ""reading"": ""かちゃ"", ""meaning"": ""(non-word)""}, {""word"": ""下電"", ""reading"": ""かでん"", ""meaning"": ""(non-word)""}]",1,Transport,below; down; descend; give; low; inferior,一,｜ 一 卜,3,false
41,中,"[{""idx"": 189}, {""idx"": 190}, {""idx"": 191}, {""idx"": 192}, {""idx"": 193}, {""idx"": 194, ""batch"": 2}]","[{""word"": ""中肉"", ""reading"": ""ちゅうにく"", ""meaning"": ""(non-word)""}, {""word"": ""中茶"", ""reading"": ""ちゅうちゃ"", ""meaning"": ""(non-word)""}, {""word"": ""中油"", ""reading"": ""ちゅうゆ"", ""meaning"": ""(non-word)""}]",1,Transport,in; inside; middle; mean; center,丨,｜ 口,4,false
42,大,"[{""idx"": 195}, {""idx"": 146}, {""idx"": 196}, {""idx"": 197}, {""idx"": 916}]","[{""word"": ""大菜"", ""reading"": ""だいさい"", ""meaning"": ""(non-word)""}, {""word"": ""大麺"", ""reading"": ""だいめん"", ""meaning"": ""(non-word)""}, {""word"": ""大駅"", ""reading"": ""だいえき"", ""meaning"": ""(non-word)""}]",1,Descriptives,large; big,大,大,3,false
43,小,"[{""idx"": 198}, {""idx"": 199}, {""idx"": 200}, {""idx"": 201}, {""idx"": 202}]","[{""word"": ""小肉"", ""reading"": ""しょうにく"", ""meaning"": ""(non-word)""}, {""word"": ""小茶"", ""reading"": ""しょうちゃ"", ""meaning"": ""(non-word)""}, {""word"": ""小電"", ""reading"": ""しょうでん"", ""meaning"": ""(non-word)""}]",1,Descriptives,little; small,小,小,3,false
44,国,"[{""idx"": 203}, {""idx"": 204}, {""idx"": 192}, {""idx"": 205}, {""idx"": 206}]","[{""word"": ""国肉"", ""reading"": ""こくにく"", ""meaning"": ""(non-word)""}, {""word"": ""国茶"", ""reading"": ""こくちゃ"", ""meaning"": ""(non-word)""}, {""word"": ""国油"", ""reading"": ""こくゆ"", ""meaning"": ""(non-word)""}]",1,City,country,囗,王 囗 丶,8,false
45,山,"[{""idx"": 207}, {""idx"": 94}]","[{""word"": ""山肉"", ""reading"": ""やまにく"", ""meaning"": ""(non-word)""}, {""word"": ""山電"", ""reading"": ""さんでん"", ""meaning"": ""(non-word)""}, {""word"": ""山油"", ""reading"": ""やまあぶら"", ""meaning"": ""(non-word)""}]",1,Nature,mountain,山,山,3,false
46,川,"[{""idx"": 209}, {""idx"": 201}]","[{""word"": ""川肉"", ""reading"": ""かわにく"", ""meaning"": ""(non-word)""}, {""word"": ""川茶"", ""reading"": ""かわちゃ"", ""meaning"": ""(non-word)""}, {""word"": ""川電"", ""reading"": ""せんでん"", ""meaning"": ""(non-word)""}]",1,Nature,stream; river; river or three-stroke river radical (no. 47),巛,川,3,false
47,駅,"[{""idx"": 211}, {""idx"": 212}, {""idx"": 213}, {""idx"": 214}]","[{""word"": ""駅肉"", ""reading"": ""えきにく"", ""meaning"": ""(non-word)""}, {""word"": ""駅茶"", ""reading"": ""えきちゃ"", ""meaning"": ""(non-word)""}, {""word"": ""駅水"", ""reading"": ""えきすい"", ""meaning"": ""(non-word)""}]",1,Transport,station,馬,馬 尸 灬 丶,14,false
48,町,"[{""idx"": 215}, {""idx"": 216}, {""idx"": 217}, {""idx"": 218}]","[{""word"": ""町肉"", ""reading"": ""まちにく"", ""meaning"": ""(non-word)""}, {""word"": ""町茶"", ""reading"": ""まちちゃ"", ""meaning"": ""(non-word)""}, {""word"": ""町油"", ""reading"": ""まちゆ"", ""meaning"": ""(non-word)""}]",1,City,town; village; block; street,田,一 田 亅,7,false
49,道,"[{""idx"": 219}, {""idx"": 220}, {""idx"": 98}]","[{""word"": ""道肉"", ""reading"": ""どうにく"", ""meaning"": ""(non-word)""}, {""word"": ""道茶"", ""reading"": ""どうちゃ"", ""meaning"": ""(non-word)""}, {""word"": ""道米"", ""reading"": ""どうまい"", ""meaning"": ""(non-word)""}]",1,City,road-way; street; district; journey; course; moral; teachings,辵,辶 自 丷 首,12,false
50,店,"[{""idx"": 221}, {""idx"": 222}, {""idx"": 223}, {""idx"": 224}, {""idx"": 225}]","[{""word"": ""店肉"", ""reading"": ""てんにく"", ""meaning"": ""(non-word)""}, {""word"": ""店茶"", ""reading"": ""てんちゃ"", ""meaning"": ""(non-word)""}, {""word"": ""店水"", ""reading"": ""てんすい"", ""meaning"": ""(non-word)""}]",1,Shopping,store; shop,广,口 卜 广,8,false
51,家,"[{""idx"": 226}, {""idx"": 227}, {""idx"": 228}, {""idx"": 229}]","[{""word"": ""家菜"", ""reading"": ""かさい"", ""meaning"": ""(non-word)""}, {""word"": ""家麺"", ""reading"": ""かめん"", ""meaning"": ""(non-word)""}, {""word"": ""家駅"", ""reading"": ""かえき"", ""meaning"": ""(non-word)""}]",1,City,house; home; family; professional; expert; performer,宀,宀 豕,10,false
52,外,"[{""idx"": 230}, {""idx"": 205}, {""idx"": 231}, {""idx"": 232}, {""idx"": 233}]","[{""word"": ""外菜"", ""reading"": ""がいさい"", ""meaning"": ""(non-word)""}, {""word"": ""外麺"", ""reading"": ""がいめん"", ""meaning"": ""(non-word)""}, {""word"": ""外駅"", ""reading"": ""がいえき"", ""meaning"": ""(non-word)""}]",1,Transport,outside,夕,卜 夕,5,false
53,内,"[{""idx"": 234}, {""idx"": 235}, {""idx"": 236}]","[{""word"": ""内肉"", ""reading"": ""ないにく"", ""meaning"": ""(non-word)""}, {""word"": ""内茶"", ""reading"": ""ないちゃ"", ""meaning"": ""(non-word)""}, {""word"": ""内油"", ""reading"": ""ないゆ"", ""meaning"": ""(non-word)""}]",1,Transport,inside; within; between; among; house; home,冂,人 冂,4,false
54,行,"[{""idx"": 237}, {""idx"": 238}, {""idx"": 239}, {""idx"": 240}, {""idx"": 241}]","[{""word"": ""行菜"", ""reading"": ""こうさい"", ""meaning"": ""(non-word)""}, {""word"": ""行麺"", ""reading"": ""こうめん"", ""meaning"": ""(non-word)""}, {""word"": ""行駅"", ""reading"": ""こうえき"", ""meaning"": ""(non-word)""}]",1,Actions,going; journey; carry out; conduct; act; line; row; bank,行,行 彳,6,false
55,来,"[{""idx"": 242}, {""idx"": 243}, {""idx"": 137}, {""idx"": 244}, {""idx"": 895}]","[{""word"": ""来肉"", ""reading"": ""らいにく"", ""meaning"": ""(non-word)""}, {""word"": ""来茶"", ""reading"": ""らいちゃ"", ""meaning"": ""(non-word)""}, {""word"": ""来油"", ""reading"": ""らいゆ"", ""meaning"": ""(non-word)""}]",1,Actions,come; due; next; cause; become,木,｜ 二 米 亠 木,7,false
56,見,"[{""idx"": 245}, {""idx"": 246}, {""idx"": 247}, {""idx"": 248}, {""idx"": 249}]","[{""word"": ""見肉"", ""reading"": ""けんにく"", ""meaning"": ""(non-word)""}, {""word"": ""見茶"", ""reading"": ""けんちゃ"", ""meaning"": ""(non-word)""}, {""word"": ""見米"", ""reading"": ""けんまい"", ""meaning"": ""(non-word)""}]",1,Learning,see; hopes; chances; idea; opinion; look at; visible,見,見 目 儿,7,false
57,食,"[{""idx"": 250}, {""idx"": 251}, {""idx"": 252}, {""idx"": 253}]","[{""word"": ""食菜"", ""reading"": ""しょくさい"", ""meaning"": ""(non-word)""}, {""word"": ""食麺"", ""reading"": ""しょくめん"", ""meaning"": ""(non-word)""}, {""word"": ""食駅"", ""reading"": ""しょくえき"", ""meaning"": ""(non-word)""}]",1,Dining,eat; food,食,食,9,false
58,飲,"[{""idx"": 254}, {""idx"": 255}, {""idx"": 256}, {""idx"": 257}, {""idx"": 911}]","[{""word"": ""飲肉"", ""reading"": ""いんにく"", ""meaning"": ""(non-word)""}, {""word"": ""飲油"", ""reading"": ""いんゆ"", ""meaning"": ""(non-word)""}, {""word"": ""飲山"", ""reading"": ""いんざん"", ""meaning"": ""(non-word)""}]",1,Dining,drink; smoke; take,食,欠 食,12,false
59,言,"[{""idx"": 258}, {""idx"": 259}, {""idx"": 260}, {""idx"": 261}]","[{""word"": ""言肉"", ""reading"": ""げんにく"", ""meaning"": ""(non-word)""}, {""word"": ""言茶"", ""reading"": ""げんちゃ"", ""meaning"": ""(non-word)""}, {""word"": ""言水"", ""reading"": ""げんすい"", ""meaning"": ""(non-word)""}]",1,Learning,say; word,言,言,7,false
60,出,"[{""idx"": 262}, {""idx"": 263}, {""idx"": 264}, {""idx"": 265}, {""idx"": 266}, {""idx"": 895}]","[{""word"": ""出肉"", ""reading"": ""しゅつにく"", ""meaning"": ""(non-word)""}, {""word"": ""出茶"", ""reading"": ""しゅっちゃ"", ""meaning"": ""(non-word)""}, {""word"": ""出油"", ""reading"": ""しゅつゆ"", ""meaning"": ""(non-word)""}]",1,Actions,exit; leave; go out; come out; put out; protrude,凵,｜ 山 凵,5,false
61,入,"[{""idx"": 267}, {""idx"": 268}, {""idx"": 269}, {""idx"": 270}, {""idx"": 914}]","[{""word"": ""入菜"", ""reading"": ""にゅうさい"", ""meaning"": ""(non-word)""}, {""word"": ""入麺"", ""reading"": ""にゅうめん"", ""meaning"": ""(non-word)""}, {""word"": ""入駅"", ""reading"": ""にゅうえき"", ""meaning"": ""(non-word)""}]",1,Actions,enter; insert,入,入,2,false
62,買,"[{""idx"": 271}, {""idx"": 272}, {""idx"": 273}]","[{""word"": ""買肉"", ""reading"": ""ばいにく"", ""meaning"": ""(non-word)""}, {""word"": ""買茶"", ""reading"": ""ばいちゃ"", ""meaning"": ""(non-word)""}, {""word"": ""買米"", ""reading"": ""ばいまい"", ""meaning"": ""(non-word)""}]",1,Shopping,buy,貝,貝 目 ハ 罒,12,false
63,読,"[{""idx"": 274}, {""idx"": 275}, {""idx"": 276}, {""idx"": 902}]","[{""word"": ""読肉"", ""reading"": ""どくにく"", ""meaning"": ""(non-word)""}, {""word"": ""読茶"", ""reading"": ""どくちゃ"", ""meaning"": ""(non-word)""}, {""word"": ""読水"", ""reading"": ""どくすい"", ""meaning"": ""(non-word)""}]",1,Learning,read,言,言 士 儿 冖,14,false
64,書,"[{""idx"": 277}, {""idx"": 278}, {""idx"": 279}]","[{""word"": ""書肉"", ""reading"": ""しょにく"", ""meaning"": ""(non-word)""}, {""word"": ""書茶"", ""reading"": ""しょちゃ"", ""meaning"": ""(non-word)""}, {""word"": ""書油"", ""reading"": ""しょゆ"", ""meaning"": ""(non-word)""}]",1,Learning,write,曰,日 聿,10,false
65,聞,"[{""idx"": 280}, {""idx"": 281}, {""idx"": 282}]","[{""word"": ""聞肉"", ""reading"": ""ぶんにく"", ""meaning"": ""(non-word)""}, {""word"": ""聞茶"", ""reading"": ""ぶんちゃ"", ""meaning"": ""(non-word)""}, {""word"": ""聞水"", ""reading"": ""ぶんすい"", ""meaning"": ""(non-word)""}]",1,Learning,hear; ask; listen,耳,耳 門,14,false
66,話,"[{""idx"": 283}, {""idx"": 284}, {""idx"": 285}, {""idx"": 286}, {""idx"": 287}]","[{""word"": ""話肉"", ""reading"": ""わにく"", ""meaning"": ""(non-word)""}, {""word"": ""話茶"", ""reading"": ""わちゃ"", ""meaning"": ""(non-word)""}, {""word"": ""話米"", ""reading"": ""わまい"", ""meaning"": ""(non-word)""}]",1,Learning,tale; talk,言,言 口 舌,13,false
67,立,"[{""idx"": 288}, {""idx"": 289}, {""idx"": 290}, {""idx"": 149}]","[{""word"": ""立肉"", ""reading"": ""りつにく"", ""meaning"": ""(non-word)""}, {""word"": ""立茶"", ""reading"": ""りっちゃ"", ""meaning"": ""(non-word)""}, {""word"": ""立油"", ""reading"": ""りつゆ"", ""meaning"": ""(non-word)""}]",1,Actions,stand up; rise; set up; erect,立,立,5,false
68,待,"[{""idx"": 291}, {""idx"": 292}, {""idx"": 293}]","[{""word"": ""待肉"", ""reading"": ""たいにく"", ""meaning"": ""(non-word)""}, {""word"": ""待茶"", ""reading"": ""たいちゃ"", ""meaning"": ""(non-word)""}, {""word"": ""待水"", ""reading"": ""たいすい"", ""meaning"": ""(non-word)""}]",1,Actions,wait; depend on,彳,寸 土 彳,9,false
69,高,"[{""idx"": 294}, {""idx"": 295}, {""idx"": 296}, {""idx"": 297}]","[{""word"": ""高肉"", ""reading"": ""こうにく"", ""meaning"": ""(non-word)""}, {""word"": ""高茶"", ""reading"": ""こうちゃ"", ""meaning"": ""(non-word)""}, {""word"": ""高油"", ""reading"": ""こうゆ"", ""meaning"": ""(non-word)""}]",1,Shopping,tall; high; expensive,高,口 高 亠 冂,10,false
70,新,"[{""idx"": 298}, {""idx"": 281}, {""idx"": 299}, {""idx"": 300}]","[{""word"": ""新菜"", ""reading"": ""しんさい"", ""meaning"": ""(non-word)""}, {""word"": ""新麺"", ""reading"": ""しんめん"", ""meaning"": ""(non-word)""}, {""word"": ""新駅"", ""reading"": ""しんえき"", ""meaning"": ""(non-word)""}]",1,Descriptives,new,斤,斤 辛 丷 木 立 亠,13,false
71,本,"[{""idx"": 301}, {""idx"": 81}, {""idx"": 302}, {""idx"": 303}, {""idx"": 304}]","[{""word"": ""本肉"", ""reading"": ""ほんにく"", ""meaning"": ""(non-word)""}, {""word"": ""本茶"", ""reading"": ""ほんちゃ"", ""meaning"": ""(non-word)""}, {""word"": ""本油"", ""reading"": ""ほんゆ"", ""meaning"": ""(non-word)""}]",1,Learning,book; present; main; origin; true; real; counter for long cylindrical things,木,一 木,5,false
72,円,"[{""idx"": 305}, {""idx"": 65}, {""idx"": 71}, {""idx"": 306}]","[{""word"": ""円肉"", ""reading"": ""えんにく"", ""meaning"": ""(non-word)""}, {""word"": ""円茶"", ""reading"": ""えんちゃ"", ""meaning"": ""(non-word)""}, {""word"": ""円水"", ""reading"": ""えんすい"", ""meaning"": ""(non-word)""}]",1,Shopping,circle; yen; round,冂,冂 亠 一 ｜,4,false
73,何,"[{""idx"": 307}, {""idx"": 308}, {""idx"": 309}, {""idx"": 310}]","[{""word"": ""何肉"", ""reading"": ""なにく"", ""meaning"": ""(non-word)""}, {""word"": ""何茶"", ""reading"": ""なちゃ"", ""meaning"": ""(non-word)""}, {""word"": ""何油"", ""reading"": ""なゆ"", ""meaning"": ""(non-word)""}]",1,Function Words,what,人,亻 口 亅 一,7,false
74,安,"[{""idx"": 311}, {""idx"": 312}, {""idx"": 313}, {""idx"": 314}]","[{""word"": ""安肉"", ""reading"": ""あんにく"", ""meaning"": ""(non-word)""}, {""word"": ""安茶"", ""reading"": ""あんちゃ"", ""meaning"": ""(non-word)""}, {""word"": ""安水"", ""reading"": ""あんすい"", ""meaning"": ""(non-word)""}]",1,Shopping,relax; cheap; low; quiet; rested; contented; peaceful,宀,女 宀,6,false
75,多,"[{""idx"": 315}, {""idx"": 316}, {""idx"": 317}]","[{""word"": ""多菜"", ""reading"": ""たさい"", ""meaning"": ""(non-word)""}, {""word"": ""多麺"", ""reading"": ""ためん"", ""meaning"": ""(non-word)""}, {""word"": ""多駅"", ""reading"": ""たえき"", ""meaning"": ""(non-word)""}]",1,Descriptives,many; frequent; much,夕,夕,6,false
76,少,"[{""idx"": 318}, {""idx"": 319}, {""idx"": 118}, {""idx"": 159}, {""idx"": 320}]","[{""word"": ""少肉"", ""reading"": ""しょうにく"", ""meaning"": ""(non-word)""}, {""word"": ""少茶"", ""reading"": ""しょうちゃ"", ""meaning"": ""(non-word)""}, {""word"": ""少水"", ""reading"": ""しょうすい"", ""meaning"": ""(non-word)""}]",1,Descriptives,few; little,小,ノ 小,4,false
77,長,"[{""idx"": 321}, {""idx"": 322}, {""idx"": 154}, {""idx"": 323}]","[{""word"": ""長肉"", ""reading"": ""ちょうにく"", ""meaning"": ""(non-word)""}, {""word"": ""長茶"", ""reading"": ""ちょうちゃ"", ""meaning"": ""(non-word)""}, {""word"": ""長油"", ""reading"": ""ちょうゆ"", ""meaning"": ""(non-word)""}]",1,Descriptives,long; leader; superior; senior,長,長,8,false
78,好,"[{""idx"": 324}, {""idx"": 197}, {""idx"": 325}, {""idx"": 326}]","[{""word"": ""好肉"", ""reading"": ""こうにく"", ""meaning"": ""(non-word)""}, {""word"": ""好茶"", ""reading"": ""こうちゃ"", ""meaning"": ""(non-word)""}, {""word"": ""好水"", ""reading"": ""こうすい"", ""meaning"": ""(non-word)""}]",1,Descriptives,fond; pleasing; like something,女,子 女,6,false
79,米,"[{""idx"": 327}, {""idx"": 328}, {""idx"": 329}, {""idx"": 330}]","[{""word"": ""米肉"", ""reading"": ""べいにく"", ""meaning"": ""(non-word)""}, {""word"": ""米茶"", ""reading"": ""まいちゃ"", ""meaning"": ""(non-word)""}, {""word"": ""米道"", ""reading"": ""べいどう"", ""meaning"": ""(non-word)""}]",1,Dining,rice; USA; metre,米,米,6,false
80,肉,"[{""idx"": 331}, {""idx"": 332}, {""idx"": 333}, {""idx"": 334}]","[{""word"": ""肉茶"", ""reading"": ""にくちゃ"", ""meaning"": ""(non-word)""}, {""word"": ""肉水"", ""reading"": ""にくすい"", ""meaning"": ""(non-word)""}, {""word"": ""肉道"", ""reading"": ""にくどう"", ""meaning"": ""(non-word)""}]",1,Dining,meat,肉,肉 冂 人,6,false
81,魚,"[{""idx"": 335}, {""idx"": 108}, {""idx"": 336}, {""idx"": 337}]","[{""word"": ""魚菜"", ""reading"": ""ぎょさい"", ""meaning"": ""(non-word)""}, {""word"": ""魚麺"", ""reading"": ""ぎょめん"", ""meaning"": ""(non-word)""}, {""word"": ""魚駅"", ""reading"": ""ぎょえき"", ""meaning"": ""(non-word)""}]",1,Nature,fish,魚,魚 田 灬,11,false
82,茶,"[{""idx"": 338}, {""idx"": 339}]","[{""word"": ""茶肉"", ""reading"": ""ちゃにく"", ""meaning"": ""(non-word)""}, {""word"": ""茶米"", ""reading"": ""ちゃまい"", ""meaning"": ""(non-word)""}, {""word"": ""茶電"", ""reading"": ""ちゃでん"", ""meaning"": ""(non-word)""}]",1,Dining,tea,艸,𠆢 艹 木,9,false
83,酒,"[{""idx"": 340}, {""idx"": 341}, {""idx"": 342}, {""idx"": 343}]","[{""word"": ""酒菜"", ""reading"": ""しゅさい"", ""meaning"": ""(non-word)""}, {""word"": ""酒麺"", ""reading"": ""しゅめん"", ""meaning"": ""(non-word)""}, {""word"": ""酒駅"", ""reading"": ""しゅえき"", ""meaning"": ""(non-word)""}]",1,Dining,sake; alcohol,酉,氵 酉,10,false
84,卵,"[{""idx"": 344}, {""idx"": 345}, {""idx"": 346}, {""idx"": 347}]","[{""word"": ""卵肉"", ""reading"": ""らんにく"", ""meaning"": ""(non-word)""}, {""word"": ""卵茶"", ""reading"": ""らんちゃ"", ""meaning"": ""(non-word)""}, {""word"": ""卵水"", ""reading"": ""らんすい"", ""meaning"": ""(non-word)""}]",1,Dining,egg; ovum; spawn; roe,卩,ノ 卜 丶 卩,7,false
85,野,"[{""idx"": 348}, {""idx"": 349}, {""idx"": 350}]","[{""word"": ""野肉"", ""reading"": ""やにく"", ""meaning"": ""(non-word)""}, {""word"": ""野茶"", ""reading"": ""やちゃ"", ""meaning"": ""(non-word)""}, {""word"": ""野水"", ""reading"": ""やすい"", ""meaning"": ""(non-word)""}]",1,Dining,plains; field; rustic; civilian life,里,矛 里 亅,11,false
86,菜,"[{""idx"": 348}, {""idx"": 351}]","[{""word"": ""菜肉"", ""reading"": ""さいにく"", ""meaning"": ""(non-word)""}, {""word"": ""菜茶"", ""reading"": ""さいちゃ"", ""meaning"": ""(non-word)""}, {""word"": ""菜電"", ""reading"": ""さいでん"", ""meaning"": ""(non-word)""}]",1,Dining,vegetable; side dish; greens,艸,爪 木 艹,11,false
87,果,"[{""idx"": 352}, {""idx"": 353}, {""idx"": 354}, {""idx"": 355}]","[{""word"": ""果菜"", ""reading"": ""かさい"", ""meaning"": ""(non-word)""}, {""word"": ""果麺"", ""reading"": ""かめん"", ""meaning"": ""(non-word)""}, {""word"": ""果駅"", ""reading"": ""かえき"", ""meaning"": ""(non-word)""}]",1,Dining,fruit; reward; carry out; achieve; complete; end; finish; succeed,木,｜ 田 木,8,false
88,物,"[{""idx"": 356}, {""idx"": 357}, {""idx"": 272}, {""idx"": 358}, {""idx"": 917}]","[{""word"": ""物肉"", ""reading"": ""ぶつにく"", ""meaning"": ""(non-word)""}, {""word"": ""物茶"", ""reading"": ""ぶっちゃ"", ""meaning"": ""(non-word)""}, {""word"": ""物水"", ""reading"": ""ぶっすい"", ""meaning"": ""(non-word)""}]",1,Function Words,thing; object; matter,牛,勿 牛 勹 ノ,8,false
89,飯,"[{""idx"": 359}, {""idx"": 360}, {""idx"": 361}, {""idx"": 362}, {""idx"": 363}]","[{""word"": ""飯肉"", ""reading"": ""はんにく"", ""meaning"": ""(non-word)""}, {""word"": ""飯茶"", ""reading"": ""はんちゃ"", ""meaning"": ""(non-word)""}, {""word"": ""飯油"", ""reading"": ""はんゆ"", ""meaning"": ""(non-word)""}]",1,Dining,meal; boiled rice,食,食 又 厂,12,false
90,麺,"[{""idx"": 364}, {""idx"": 365}]","[{""word"": ""麺肉"", ""reading"": ""めんにく"", ""meaning"": ""(non-word)""}, {""word"": ""麺茶"", ""reading"": ""めんちゃ"", ""meaning"": ""(non-word)""}, {""word"": ""麺水"", ""reading"": ""めんすい"", ""meaning"": ""(non-word)""}]",1,Dining,noodles; wheat flour,麥,麦 面 夂 土 亠 二,16,false
91,油,"[{""idx"": 366}, {""idx"": 367}]","[{""word"": ""油肉"", ""reading"": ""ゆにく"", ""meaning"": ""(non-word)""}, {""word"": ""油茶"", ""reading"": ""ゆちゃ"", ""meaning"": ""(non-word)""}, {""word"": ""油道"", ""reading"": ""ゆどう"", ""meaning"": ""(non-word)""}]",1,Dining,oil; fat,水,｜ 氵 日 田,8,false
92,塩,"[{""idx"": 368}, {""idx"": 369}, {""idx"": 370}, {""idx"": 371}]","[{""word"": ""塩肉"", ""reading"": ""えんにく"", ""meaning"": ""(non-word)""}, {""word"": ""塩茶"", ""reading"": ""しおちゃ"", ""meaning"": ""(non-word)""}, {""word"": ""塩道"", ""reading"": ""えんどう"", ""meaning"": ""(non-word)""}]",1,Dining,salt,土,口 皿 土 ノ 一 人 𠂉,13,false
93,糖,"[{""idx"": 372}, {""idx"": 373}]","[{""word"": ""糖肉"", ""reading"": ""とうにく"", ""meaning"": ""(non-word)""}, {""word"": ""糖茶"", ""reading"": ""とうちゃ"", ""meaning"": ""(non-word)""}, {""word"": ""糖水"", ""reading"": ""とうすい"", ""meaning"": ""(non-word)""}]",1,Dining,sugar,米,口 米 广,16,false
94,車,"[{""idx"": 374}, {""idx"": 375}, {""idx"": 376}, {""idx"": 377}]","[{""word"": ""車肉"", ""reading"": ""しゃにく"", ""meaning"": ""(non-word)""}, {""word"": ""車茶"", ""reading"": ""しゃちゃ"", ""meaning"": ""(non-word)""}, {""word"": ""車油"", ""reading"": ""しゃゆ"", ""meaning"": ""(non-word)""}]",1,Transport,car,車,車,7,false
95,電,"[{""idx"": 375}, {""idx"": 378}, {""idx"": 285}]","[{""word"": ""電肉"", ""reading"": ""でんにく"", ""meaning"": ""(non-word)""}, {""word"": ""電茶"", ""reading"": ""でんちゃ"", ""meaning"": ""(non-word)""}, {""word"": ""電米"", ""reading"": ""でんまい"", ""meaning"": ""(non-word)""}]",1,Transport,electricity,雨,雨 田 乙,13,false
96,学,"[{""idx"": 379}, {""idx"": 380}, {""idx"": 196}, {""idx"": 381}, {""idx"": 382}]","[{""word"": ""学肉"", ""reading"": ""がくにく"", ""meaning"": ""(non-word)""}, {""word"": ""学茶"", ""reading"": ""がくちゃ"", ""meaning"": ""(non-word)""}, {""word"": ""学油"", ""reading"": ""がくゆ"", ""meaning"": ""(non-word)""}]",1,Learning,study; learning; science,子,子 ⺌ 冖,8,false
97,校,"[{""idx"": 379}, {""idx"": 295}, {""idx"": 323}, {""idx"": 383}]","[{""word"": ""校肉"", ""reading"": ""こうにく"", ""meaning"": ""(non-word)""}, {""word"": ""校茶"", ""reading"": ""こうちゃ"", ""meaning"": ""(non-word)""}, {""word"": ""校水"", ""reading"": ""こうすい"", ""meaning"": ""(non-word)""}]",1,City,exam; school; printing; proof; correction,木,父 木 亠,10,false
98,生,"[{""idx"": 384}, {""idx"": 380}, {""idx"": 385}, {""idx"": 386}, {""idx"": 899}, {""idx"": 900}, {""idx"": 912}, {""idx"": 920}]","[{""word"": ""生菜"", ""reading"": ""せいさい"", ""meaning"": ""(non-word)""}, {""word"": ""生麺"", ""reading"": ""せいめん"", ""meaning"": ""(non-word)""}, {""word"": ""生駅"", ""reading"": ""せいえき"", ""meaning"": ""(non-word)""}]",1,Humans & Family,life; genuine; birth,生,生,5,false
99,白,"[{""idx"": 387}, {""idx"": 388}, {""idx"": 389}, {""idx"": 390}, {""idx"": 351}, {""idx"": 908}]","[{""word"": ""白肉"", ""reading"": ""はくにく"", ""meaning"": ""(non-word)""}, {""word"": ""白茶"", ""reading"": ""しらちゃ"", ""meaning"": ""(non-word)""}, {""word"": ""白油"", ""reading"": ""はくゆ"", ""meaning"": ""(non-word)""}]",1,Descriptives,white,白,白,5,false
100,手,"[{""idx"": 391}, {""idx"": 180}, {""idx"": 185}, {""idx"": 392}, {""idx"": 393}, {""idx"": 903}]","[{""word"": ""手肉"", ""reading"": ""しゅにく"", ""meaning"": ""(non-word)""}, {""word"": ""手茶"", ""reading"": ""しゅちゃ"", ""meaning"": ""(non-word)""}, {""word"": ""手米"", ""reading"": ""てまい"", ""meaning"": ""(non-word)""}]",1,Humans & Family,hand,手,手,4,false
101,美,"[{""idx"": 394}, {""idx"": 395}, {""idx"": 396}, {""idx"": 397}, {""idx"": 907}]","[{""word"": ""美麺"", ""reading"": ""びめん"", ""meaning"": ""(non-word)""}, {""word"": ""美駅"", ""reading"": ""びえき"", ""meaning"": ""(non-word)""}, {""word"": ""美糖"", ""reading"": ""びとう"", ""meaning"": ""(non-word)""}]",2,Dining,beauty; beautiful,羊,王 大 丷 羊,9,false
102,牛,"[{""idx"": 398}, {""idx"": 332}, {""idx"": 399}, {""idx"": 400}]","[{""word"": ""牛茶"", ""reading"": ""ぎゅうちゃ"", ""meaning"": ""(non-word)""}, {""word"": ""牛駅"", ""reading"": ""ぎゅうえき"", ""meaning"": ""(non-word)""}, {""word"": ""牛糖"", ""reading"": ""ぎゅうとう"", ""meaning"": ""(non-word)""}]",2,Nature,cow,牛,牛,4,false
103,鳥,"[{""idx"": 401}, {""idx"": 402}, {""idx"": 403}, {""idx"": 404}]","[{""word"": ""鳥茶"", ""reading"": ""とりちゃ"", ""meaning"": ""(non-word)""}, {""word"": ""鳥駅"", ""reading"": ""とりえき"", ""meaning"": ""(non-word)""}, {""word"": ""鳥糖"", ""reading"": ""とりとう"", ""meaning"": ""(non-word)""}]",2,Nature,bird; chicken,鳥,鳥 灬,11,false
104,味,"[{""idx"": 405}, {""idx"": 406}, {""idx"": 407}, {""idx"": 395}, {""idx"": 408}]","[{""word"": ""味駅"", ""reading"": ""みえき"", ""meaning"": ""(non-word)""}, {""word"": ""味麺"", ""reading"": ""みめん"", ""meaning"": ""(non-word)""}, {""word"": ""味糖"", ""reading"": ""みとう"", ""meaning"": ""(non-word)""}]",2,Dining,flavor; taste,口,｜ 口 二 ハ 木 亠,8,false
105,甘,"[{""idx"": 409}, {""idx"": 410}, {""idx"": 411}]","[{""word"": ""甘駅"", ""reading"": ""かんえき"", ""meaning"": ""(non-word)""}, {""word"": ""甘車"", ""reading"": ""かんしゃ"", ""meaning"": ""(non-word)""}, {""word"": ""甘麺"", ""reading"": ""かんめん"", ""meaning"": ""(non-word)""}]",2,Dining,sweet; coax; pamper; be content; sugary,甘,甘,5,false
106,焼,"[{""idx"": 412}, {""idx"": 413}, {""idx"": 334}, {""idx"": 346}]","[{""word"": ""焼駅"", ""reading"": ""やきえき"", ""meaning"": ""(non-word)""}, {""word"": ""焼糖"", ""reading"": ""しょうとう"", ""meaning"": ""(non-word)""}, {""word"": ""焼線"", ""reading"": ""しょうせん"", ""meaning"": ""(non-word)""}]",2,Dining,bake; burning,火,火 十 儿,12,false
107,豆,"[{""idx"": 414}, {""idx"": 415}]","[{""word"": ""豆駅"", ""reading"": ""まめえき"", ""meaning"": ""(non-word)""}, {""word"": ""豆車"", ""reading"": ""まめしゃ"", ""meaning"": ""(non-word)""}, {""word"": ""豆線"", ""reading"": ""とうせん"", ""meaning"": ""(non-word)""}]",2,Dining,beans; pea; midget,豆,口 豆 丷,7,false
108,鉄,"[{""idx"": 416}, {""idx"": 417}, {""idx"": 418}, {""idx"": 419}]","[{""word"": ""鉄茶"", ""reading"": ""てつちゃ"", ""meaning"": ""(non-word)""}, {""word"": ""鉄糖"", ""reading"": ""てっとう"", ""meaning"": ""(non-word)""}, {""word"": ""鉄豆"", ""reading"": ""てつまめ"", ""meaning"": ""(non-word)""}]",2,Transport,iron,金,ノ 金 二 矢 大 𠂉,13,false
109,船,"[{""idx"": 420}, {""idx"": 421}, {""idx"": 422}]","[{""word"": ""船茶"", ""reading"": ""せんちゃ"", ""meaning"": ""(non-word)""}, {""word"": ""船糖"", ""reading"": ""せんとう"", ""meaning"": ""(non-word)""}, {""word"": ""船麺"", ""reading"": ""せんめん"", ""meaning"": ""(non-word)""}]",2,Transport,ship; boat,舟,口 舟 ハ,11,false
110,飛,"[{""idx"": 423}, {""idx"": 424}, {""idx"": 425}]","[{""word"": ""飛茶"", ""reading"": ""ひちゃ"", ""meaning"": ""(non-word)""}, {""word"": ""飛糖"", ""reading"": ""ひとう"", ""meaning"": ""(non-word)""}, {""word"": ""飛豆"", ""reading"": ""ひまめ"", ""meaning"": ""(non-word)""}]",2,Transport,fly; skip (pages); scatter,飛,飛,9,false
111,機,"[{""idx"": 424}, {""idx"": 426}, {""idx"": 427}]","[{""word"": ""機茶"", ""reading"": ""きちゃ"", ""meaning"": ""(non-word)""}, {""word"": ""機糖"", ""reading"": ""きとう"", ""meaning"": ""(non-word)""}, {""word"": ""機麺"", ""reading"": ""きめん"", ""meaning"": ""(non-word)""}]",2,Transport,loom; mechanism; machine; airplane; opportunity; potency; efficacy; occasion,木,ノ 木 丶 幺 戈,16,false
112,橋,"[{""idx"": 428}, {""idx"": 429}]","[{""word"": ""橋茶"", ""reading"": ""はしちゃ"", ""meaning"": ""(non-word)""}, {""word"": ""橋糖"", ""reading"": ""きょうとう"", ""meaning"": ""(non-word)""}, {""word"": ""橋豆"", ""reading"": ""きょうまめ"", ""meaning"": ""(non-word)""}]",2,Transport,bridge,木,ノ 口 木 冂,16,false
113,切,"[{""idx"": 430}, {""idx"": 431}, {""idx"": 393}, {""idx"": 432}]","[{""word"": ""切茶"", ""reading"": ""せっちゃ"", ""meaning"": ""(non-word)""}, {""word"": ""切糖"", ""reading"": ""せっとう"", ""meaning"": ""(non-word)""}, {""word"": ""切麺"", ""reading"": ""せつめん"", ""meaning"": ""(non-word)""}]",2,Actions,cut; cutoff; be sharp,刀,刀 匕,4,false
114,市,"[{""idx"": 433}, {""idx"": 434}, {""idx"": 435}, {""idx"": 909}]","[{""word"": ""市茶"", ""reading"": ""しちゃ"", ""meaning"": ""(non-word)""}, {""word"": ""市糖"", ""reading"": ""しとう"", ""meaning"": ""(non-word)""}, {""word"": ""市麺"", ""reading"": ""しめん"", ""meaning"": ""(non-word)""}]",2,City,market; city; town,巾,巾 亠,5,false
115,公,"[{""idx"": 436}, {""idx"": 437}]","[{""word"": ""公茶"", ""reading"": ""こうちゃ"", ""meaning"": ""(non-word)""}, {""word"": ""公糖"", ""reading"": ""こうとう"", ""meaning"": ""(non-word)""}, {""word"": ""公麺"", ""reading"": ""こうめん"", ""meaning"": ""(non-word)""}]",2,City,public; prince; official; governmental,八,ハ 厶,4,false
116,園,"[{""idx"": 436}, {""idx"": 438}]","[{""word"": ""園茶"", ""reading"": ""えんちゃ"", ""meaning"": ""(non-word)""}, {""word"": ""園糖"", ""reading"": ""えんとう"", ""meaning"": ""(non-word)""}, {""word"": ""園豆"", ""reading"": ""えんまめ"", ""meaning"": ""(non-word)""}]",2,City,park; garden; yard; farm,囗,衣 口 土 囗,13,false
117,場,"[{""idx"": 439}, {""idx"": 440}, {""idx"": 434}]","[{""word"": ""場茶"", ""reading"": ""ばちゃ"", ""meaning"": ""(non-word)""}, {""word"": ""場糖"", ""reading"": ""じょうとう"", ""meaning"": ""(non-word)""}, {""word"": ""場麺"", ""reading"": ""じょうめん"", ""meaning"": ""(non-word)""}]",2,City,location; place,土,土 日 一 勿,12,false
118,病,"[{""idx"": 441}, {""idx"": 442}, {""idx"": 443}]","[{""word"": ""病茶"", ""reading"": ""びょうちゃ"", ""meaning"": ""(non-word)""}, {""word"": ""病糖"", ""reading"": ""びょうとう"", ""meaning"": ""(non-word)""}, {""word"": ""病麺"", ""reading"": ""びょうめん"", ""meaning"": ""(non-word)""}]",2,City,ill; sick,疒,一 人 冂 疒,10,false
119,院,"[{""idx"": 442}, {""idx"": 444}]","[{""word"": ""院茶"", ""reading"": ""いんちゃ"", ""meaning"": ""(non-word)""}, {""word"": ""院糖"", ""reading"": ""いんとう"", ""meaning"": ""(non-word)""}, {""word"": ""院豆"", ""reading"": ""いんまめ"", ""meaning"": ""(non-word)""}]",2,City,Inst.; institution; temple; mansion; school,阜,二 儿 宀 阝 元,10,false
120,銀,"[{""idx"": 239}, {""idx"": 445}]","[{""word"": ""銀茶"", ""reading"": ""ぎんちゃ"", ""meaning"": ""(non-word)""}, {""word"": ""銀糖"", ""reading"": ""ぎんとう"", ""meaning"": ""(non-word)""}, {""word"": ""銀麺"", ""reading"": ""ぎんめん"", ""meaning"": ""(non-word)""}]",2,City,silver,金,金 艮,14,false
121,屋,"[{""idx"": 303}, {""idx"": 446}, {""idx"": 447}, {""idx"": 448}]","[{""word"": ""屋茶"", ""reading"": ""やちゃ"", ""meaning"": ""(non-word)""}, {""word"": ""屋糖"", ""reading"": ""やとう"", ""meaning"": ""(non-word)""}, {""word"": ""屋豆"", ""reading"": ""やまめ"", ""meaning"": ""(non-word)""}]",2,Shopping,roof; house; shop; dealer; seller,尸,至 土 厶 尸,9,false
122,事,"[{""idx"": 449}, {""idx"": 450}, {""idx"": 451}, {""idx"": 452}, {""idx"": 251, ""batch"": 2}]","[{""word"": ""事肉"", ""reading"": ""じにく"", ""meaning"": ""(non-word)""}, {""word"": ""事茶"", ""reading"": ""じちゃ"", ""meaning"": ""(non-word)""}, {""word"": ""事水"", ""reading"": ""じすい"", ""meaning"": ""(non-word)""}]",2,Function Words,matter; thing; fact; business; reason; possibly,亅,一 口 亅 ヨ,8,false
123,方,"[{""idx"": 453}, {""idx"": 454}, {""idx"": 455}, {""idx"": 456}]","[{""word"": ""方肉"", ""reading"": ""ほうにく"", ""meaning"": ""(non-word)""}, {""word"": ""方茶"", ""reading"": ""ほうちゃ"", ""meaning"": ""(non-word)""}, {""word"": ""方油"", ""reading"": ""ほうゆ"", ""meaning"": ""(non-word)""}]",2,Function Words,direction; person; alternative,方,方,4,false
124,所,"[{""idx"": 457}, {""idx"": 439}, {""idx"": 458}, {""idx"": 459}, {""idx"": 460}, {""idx"": 461, ""batch"": 2}]","[{""word"": ""所肉"", ""reading"": ""しょにく"", ""meaning"": ""(non-word)""}, {""word"": ""所茶"", ""reading"": ""しょちゃ"", ""meaning"": ""(non-word)""}, {""word"": ""所水"", ""reading"": ""しょすい"", ""meaning"": ""(non-word)""}]",2,Function Words,place; extent,戶,斤 戸 一 尸,8,false
125,訳,"[{""idx"": 462}, {""idx"": 463}, {""idx"": 464}, {""idx"": 901}]","[{""word"": ""訳肉"", ""reading"": ""やくにく"", ""meaning"": ""(non-word)""}, {""word"": ""訳茶"", ""reading"": ""やくちゃ"", ""meaning"": ""(non-word)""}, {""word"": ""訳水"", ""reading"": ""やくすい"", ""meaning"": ""(non-word)""}]",2,Function Words,translate; reason; circumstance; case,言,言 尸 丶,11,false
126,程,"[{""idx"": 465}, {""idx"": 466}, {""idx"": 467}]","[{""word"": ""程肉"", ""reading"": ""ていにく"", ""meaning"": ""(non-word)""}, {""word"": ""程茶"", ""reading"": ""ていちゃ"", ""meaning"": ""(non-word)""}, {""word"": ""程油"", ""reading"": ""ていゆ"", ""meaning"": ""(non-word)""}]",2,Function Words,extent; degree; law; formula; distance; limits; amount,禾,王 禾 口,12,false
127,全,"[{""idx"": 468}, {""idx"": 469}, {""idx"": 313}, {""idx"": 470}, {""idx"": 471}, {""idx"": 904}]","[{""word"": ""全肉"", ""reading"": ""ぜんにく"", ""meaning"": ""(non-word)""}, {""word"": ""全茶"", ""reading"": ""ぜんちゃ"", ""meaning"": ""(non-word)""}, {""word"": ""全水"", ""reading"": ""ぜんすい"", ""meaning"": ""(non-word)""}]",2,Function Words,whole; entire; all; complete; fulfill,入,王 ハ 𠆢,6,false
128,皆,"[{""idx"": 472}, {""idx"": 473}]","[{""word"": ""皆肉"", ""reading"": ""みなにく"", ""meaning"": ""(non-word)""}, {""word"": ""皆茶"", ""reading"": ""みなちゃ"", ""meaning"": ""(non-word)""}, {""word"": ""皆水"", ""reading"": ""みなみず"", ""meaning"": ""(non-word)""}]",2,Function Words,all; everything,白,白 比,9,false
129,他,"[{""idx"": 474}, {""idx"": 475}, {""idx"": 476}, {""idx"": 477}]","[{""word"": ""他肉"", ""reading"": ""たにく"", ""meaning"": ""(non-word)""}, {""word"": ""他茶"", ""reading"": ""たちゃ"", ""meaning"": ""(non-word)""}, {""word"": ""他油"", ""reading"": ""たゆ"", ""meaning"": ""(non-word)""}]",2,Function Words,other; another; the others,人,亻 也,5,false
130,別,"[{""idx"": 478}, {""idx"": 479}, {""idx"": 480}, {""idx"": 481}]","[{""word"": ""別肉"", ""reading"": ""べつにく"", ""meaning"": ""(non-word)""}, {""word"": ""別茶"", ""reading"": ""べっちゃ"", ""meaning"": ""(non-word)""}, {""word"": ""別水"", ""reading"": ""べっすい"", ""meaning"": ""(non-word)""}]",2,Function Words,separate; branch off; diverge; fork; another; extra; specially,刀,刂 口 力 勹,7,false
131,同,"[{""idx"": 482}, {""idx"": 483}, {""idx"": 484}, {""idx"": 485, ""batch"": 2}]","[{""word"": ""同肉"", ""reading"": ""どうにく"", ""meaning"": ""(non-word)""}, {""word"": ""同茶"", ""reading"": ""どうちゃ"", ""meaning"": ""(non-word)""}, {""word"": ""同水"", ""reading"": ""どうすい"", ""meaning"": ""(non-word)""}]",2,Function Words,same; agree; equal,口,口 冂 一,6,false
132,各,"[{""idx"": 486}, {""idx"": 487}, {""idx"": 488}, {""idx"": 489, ""batch"": 2}, {""idx"": 913}]","[{""word"": ""各肉"", ""reading"": ""かくにく"", ""meaning"": ""(non-word)""}, {""word"": ""各茶"", ""reading"": ""かくちゃ"", ""meaning"": ""(non-word)""}, {""word"": ""各水"", ""reading"": ""かくすい"", ""meaning"": ""(non-word)""}]",2,Function Words,each; every; either,口,口 夂 攵,6,false
133,両,"[{""idx"": 455}, {""idx"": 490}, {""idx"": 491}, {""idx"": 492}]","[{""word"": ""両肉"", ""reading"": ""りょうにく"", ""meaning"": ""(non-word)""}, {""word"": ""両茶"", ""reading"": ""りょうちゃ"", ""meaning"": ""(non-word)""}, {""word"": ""両水"", ""reading"": ""りょうすい"", ""meaning"": ""(non-word)""}]",2,Function Words,"both; old Japanese coin; counter for carriages (e.g., in a train); two",一,｜ 一 冂 山,6,false
134,数,"[{""idx"": 493}, {""idx"": 494}, {""idx"": 382}, {""idx"": 495}, {""idx"": 496}, {""idx"": 317, ""batch"": 2}, {""idx"": 896}]","[{""word"": ""数肉"", ""reading"": ""すうにく"", ""meaning"": ""(non-word)""}, {""word"": ""数茶"", ""reading"": ""すうちゃ"", ""meaning"": ""(non-word)""}, {""word"": ""数油"", ""reading"": ""すうゆ"", ""meaning"": ""(non-word)""}]",2,Function Words,number; strength; fate; law; figures,攴,女 米 攵 夂 𠂉,13,false
135,約,"[{""idx"": 497}, {""idx"": 498}, {""idx"": 499}]","[{""word"": ""約肉"", ""reading"": ""やくにく"", ""meaning"": ""(non-word)""}, {""word"": ""約茶"", ""reading"": ""やくちゃ"", ""meaning"": ""(non-word)""}, {""word"": ""約水"", ""reading"": ""やくすい"", ""meaning"": ""(non-word)""}]",2,Function Words,promise; approximately; shrink,糸,糸 幺 小 丶 勹,9,false
136,誰,"[{""idx"": 500}, {""idx"": 501}, {""idx"": 502}, {""idx"": 503}, {""idx"": 504}]","[{""word"": ""誰肉"", ""reading"": ""だれにく"", ""meaning"": ""(non-word)""}, {""word"": ""誰茶"", ""reading"": ""だれちゃ"", ""meaning"": ""(non-word)""}, {""word"": ""誰水"", ""reading"": ""だれみず"", ""meaning"": ""(non-word)""}]",2,Function Words,who; someone; somebody,言,言 隹,15,false
137,幾,"[{""idx"": 505}, {""idx"": 506}, {""idx"": 507}, {""idx"": 508}]","[{""word"": ""幾肉"", ""reading"": ""いくにく"", ""meaning"": ""(non-word)""}, {""word"": ""幾茶"", ""reading"": ""いくちゃ"", ""meaning"": ""(non-word)""}, {""word"": ""幾水"", ""reading"": ""いくみず"", ""meaning"": ""(non-word)""}]",2,Function Words,how many; how much; how far; how long; some; several,幺,ノ 幺 戈 丶,12,false
138,右,"[{""idx"": 509}, {""idx"": 510}, {""idx"": 511}]","[{""word"": ""右肉"", ""reading"": ""うにく"", ""meaning"": ""(non-word)""}, {""word"": ""右茶"", ""reading"": ""うちゃ"", ""meaning"": ""(non-word)""}, {""word"": ""右油"", ""reading"": ""うゆ"", ""meaning"": ""(non-word)""}]",1,Directions,right,口,ノ 一 口,5,false
139,左,"[{""idx"": 512}, {""idx"": 513}]","[{""word"": ""左肉"", ""reading"": ""さにく"", ""meaning"": ""(non-word)""}, {""word"": ""左茶"", ""reading"": ""さちゃ"", ""meaning"": ""(non-word)""}, {""word"": ""左油"", ""reading"": ""さゆ"", ""meaning"": ""(non-word)""}]",1,Directions,left,工,ノ 一 工,5,false
140,東,"[{""idx"": 514}, {""idx"": 515}, {""idx"": 516}, {""idx"": 517}]","[{""word"": ""東肉"", ""reading"": ""とうにく"", ""meaning"": ""(non-word)""}, {""word"": ""東茶"", ""reading"": ""とうちゃ"", ""meaning"": ""(non-word)""}, {""word"": ""東油"", ""reading"": ""とうゆ"", ""meaning"": ""(non-word)""}]",1,Directions,east,木,｜ 一 日 木 田,8,false
141,西,"[{""idx"": 518}, {""idx"": 519}, {""idx"": 520}, {""idx"": 521}]","[{""word"": ""西肉"", ""reading"": ""せいにく"", ""meaning"": ""(non-word)""}, {""word"": ""西茶"", ""reading"": ""せいちゃ"", ""meaning"": ""(non-word)""}, {""word"": ""西油"", ""reading"": ""せいゆ"", ""meaning"": ""(non-word)""}]",1,Directions,west; Spain,襾,西,6,false
142,南,"[{""idx"": 522}, {""idx"": 523}, {""idx"": 524}, {""idx"": 525}]","[{""word"": ""南肉"", ""reading"": ""なんにく"", ""meaning"": ""(non-word)""}, {""word"": ""南茶"", ""reading"": ""なんちゃ"", ""meaning"": ""(non-word)""}, {""word"": ""南油"", ""reading"": ""なんゆ"", ""meaning"": ""(non-word)""}]",1,Directions,south,十,干 十 丷 冂,9,false
143,北,"[{""idx"": 526}, {""idx"": 527}, {""idx"": 220}, {""idx"": 528}, {""idx"": 529}]","[{""word"": ""北肉"", ""reading"": ""ほくにく"", ""meaning"": ""(non-word)""}, {""word"": ""北茶"", ""reading"": ""ほくちゃ"", ""meaning"": ""(non-word)""}, {""word"": ""北油"", ""reading"": ""ほくゆ"", ""meaning"": ""(non-word)""}]",1,Directions,north,匕,匕 爿,5,false
144,前,"[{""idx"": 530}, {""idx"": 162}, {""idx"": 531}, {""idx"": 212}, {""idx"": 532}]","[{""word"": ""前肉"", ""reading"": ""ぜんにく"", ""meaning"": ""(non-word)""}, {""word"": ""前茶"", ""reading"": ""ぜんちゃ"", ""meaning"": ""(non-word)""}, {""word"": ""前油"", ""reading"": ""ぜんゆ"", ""meaning"": ""(non-word)""}]",1,Directions,in front; before,刀,一 刂 月 丷,9,false
145,後,"[{""idx"": 533}, {""idx"": 534}, {""idx"": 535}, {""idx"": 536}, {""idx"": 537}]","[{""word"": ""後肉"", ""reading"": ""ごにく"", ""meaning"": ""(non-word)""}, {""word"": ""後茶"", ""reading"": ""ごちゃ"", ""meaning"": ""(non-word)""}, {""word"": ""後油"", ""reading"": ""ごゆ"", ""meaning"": ""(non-word)""}]",1,Directions,behind; back; later,彳,夂 幺 彳,9,false
146,先,"[{""idx"": 538}, {""idx"": 385}, {""idx"": 139}, {""idx"": 539}, {""idx"": 540}]","[{""word"": ""先肉"", ""reading"": ""せんにく"", ""meaning"": ""(non-word)""}, {""word"": ""先茶"", ""reading"": ""せんちゃ"", ""meaning"": ""(non-word)""}, {""word"": ""先油"", ""reading"": ""せんゆ"", ""meaning"": ""(non-word)""}]",1,Time,before; ahead; previous; future; precedence,儿,ノ 土 儿,6,false
147,天,"[{""idx"": 541}, {""idx"": 542}, {""idx"": 543}]","[{""word"": ""天肉"", ""reading"": ""てんにく"", ""meaning"": ""(non-word)""}, {""word"": ""天茶"", ""reading"": ""てんちゃ"", ""meaning"": ""(non-word)""}, {""word"": ""天油"", ""reading"": ""てんゆ"", ""meaning"": ""(non-word)""}]",1,Nature,heavens; sky; imperial,大,一 大 二,4,false
148,気,"[{""idx"": 544}, {""idx"": 541}, {""idx"": 545}, {""idx"": 127}, {""idx"": 147}, {""idx"": 546, ""batch"": 2}]","[{""word"": ""気肉"", ""reading"": ""きにく"", ""meaning"": ""(non-word)""}, {""word"": ""気茶"", ""reading"": ""きちゃ"", ""meaning"": ""(non-word)""}, {""word"": ""気油"", ""reading"": ""きゆ"", ""meaning"": ""(non-word)""}]",1,Nature,spirit; mind; air; atmosphere; mood,气,气 丶 ノ 𠂉,6,false
149,雨,"[{""idx"": 547}, {""idx"": 548}, {""idx"": 543}]","[{""word"": ""雨肉"", ""reading"": ""うにく"", ""meaning"": ""(non-word)""}, {""word"": ""雨茶"", ""reading"": ""うちゃ"", ""meaning"": ""(non-word)""}, {""word"": ""雨油"", ""reading"": ""うゆ"", ""meaning"": ""(non-word)""}]",1,Nature,rain,雨,雨,8,false
150,午,"[{""idx"": 531}, {""idx"": 535}, {""idx"": 549}]","[{""word"": ""午肉"", ""reading"": ""ごにく"", ""meaning"": ""(non-word)""}, {""word"": ""午茶"", ""reading"": ""ごちゃ"", ""meaning"": ""(non-word)""}, {""word"": ""午油"", ""reading"": ""ごゆ"", ""meaning"": ""(non-word)""}]",1,Time,noon; sign of the horse; 11AM-1PM; seventh sign of Chinese zodiac,十,ノ 干 十 𠂉,4,false
151,休,"[{""idx"": 550}, {""idx"": 551}, {""idx"": 85}, {""idx"": 552}, {""idx"": 553}]","[{""word"": ""休肉"", ""reading"": ""きゅうにく"", ""meaning"": ""(non-word)""}, {""word"": ""休茶"", ""reading"": ""きゅうちゃ"", ""meaning"": ""(non-word)""}, {""word"": ""休油"", ""reading"": ""きゅうゆ"", ""meaning"": ""(non-word)""}]",1,Actions,rest; day off; retire; sleep,人,亻 木,6,false
152,語,"[{""idx"": 554}, {""idx"": 555}, {""idx"": 556}, {""idx"": 557}]","[{""word"": ""語肉"", ""reading"": ""ごにく"", ""meaning"": ""(non-word)""}, {""word"": ""語茶"", ""reading"": ""ごちゃ"", ""meaning"": ""(non-word)""}, {""word"": ""語油"", ""reading"": ""ごゆ"", ""meaning"": ""(non-word)""}]",1,Learning,word; speech; language,言,言 口 五,14,false
153,兄,"[{""idx"": 558}, {""idx"": 559}, {""idx"": 560}]","[{""word"": ""兄肉"", ""reading"": ""けいにく"", ""meaning"": ""(non-word)""}, {""word"": ""兄茶"", ""reading"": ""けいちゃ"", ""meaning"": ""(non-word)""}, {""word"": ""兄油"", ""reading"": ""けいゆ"", ""meaning"": ""(non-word)""}]",1,Humans & Family,elder brother; big brother,儿,口 儿,5,false
154,弟,"[{""idx"": 561}, {""idx"": 560}, {""idx"": 562}]","[{""word"": ""弟肉"", ""reading"": ""ていにく"", ""meaning"": ""(non-word)""}, {""word"": ""弟茶"", ""reading"": ""ていちゃ"", ""meaning"": ""(non-word)""}, {""word"": ""弟油"", ""reading"": ""ていゆ"", ""meaning"": ""(non-word)""}]",1,Humans & Family,younger brother; faithful service to elders,弓,｜ ノ 弓 丷,7,false
155,姉,"[{""idx"": 563}, {""idx"": 564}, {""idx"": 565}]","[{""word"": ""姉肉"", ""reading"": ""しにく"", ""meaning"": ""(non-word)""}, {""word"": ""姉茶"", ""reading"": ""しちゃ"", ""meaning"": ""(non-word)""}, {""word"": ""姉油"", ""reading"": ""しゆ"", ""meaning"": ""(non-word)""}]",1,Humans & Family,elder sister,女,巾 女 亠,8,false
156,妹,"[{""idx"": 566}, {""idx"": 565}, {""idx"": 567}]","[{""word"": ""妹肉"", ""reading"": ""まいにく"", ""meaning"": ""(non-word)""}, {""word"": ""妹茶"", ""reading"": ""まいちゃ"", ""meaning"": ""(non-word)""}, {""word"": ""妹油"", ""reading"": ""まいゆ"", ""meaning"": ""(non-word)""}]",1,Humans & Family,younger sister,女,｜ 女 二 ハ 木 亠,8,false
157,口,"[{""idx"": 568}, {""idx"": 269}, {""idx"": 264}, {""idx"": 569}, {""idx"": 570}]","[{""word"": ""口肉"", ""reading"": ""こうにく"", ""meaning"": ""(non-word)""}, {""word"": ""口茶"", ""reading"": ""こうちゃ"", ""meaning"": ""(non-word)""}, {""word"": ""口油"", ""reading"": ""こうゆ"", ""meaning"": ""(non-word)""}]",1,Body,mouth,口,囗 口,3,false
158,目,"[{""idx"": 571}, {""idx"": 572}, {""idx"": 573}, {""idx"": 574}]","[{""word"": ""目肉"", ""reading"": ""もくにく"", ""meaning"": ""(non-word)""}, {""word"": ""目茶"", ""reading"": ""もくちゃ"", ""meaning"": ""(non-word)""}, {""word"": ""目油"", ""reading"": ""もくゆ"", ""meaning"": ""(non-word)""}]",1,Body,eye; class; look; insight; experience; care; favor,目,目,5,false
159,体,"[{""idx"": 575}, {""idx"": 576}, {""idx"": 471}, {""idx"": 577}]","[{""word"": ""体肉"", ""reading"": ""たいにく"", ""meaning"": ""(non-word)""}, {""word"": ""体茶"", ""reading"": ""たいちゃ"", ""meaning"": ""(non-word)""}, {""word"": ""体油"", ""reading"": ""たいゆ"", ""meaning"": ""(non-word)""}]",1,Body,body; substance; object; reality; counter for images,人,木 一 亻,7,false
160,足,"[{""idx"": 578}, {""idx"": 579}, {""idx"": 580}]","[{""word"": ""足肉"", ""reading"": ""そくにく"", ""meaning"": ""(non-word)""}, {""word"": ""足茶"", ""reading"": ""そくちゃ"", ""meaning"": ""(non-word)""}, {""word"": ""足油"", ""reading"": ""そくゆ"", ""meaning"": ""(non-word)""}]",1,Body,leg; foot; be sufficient; counter for pairs of footwear,足,口 足 止,7,false
161,心,"[{""idx"": 581}, {""idx"": 312}, {""idx"": 582}]","[{""word"": ""心肉"", ""reading"": ""しんにく"", ""meaning"": ""(non-word)""}, {""word"": ""心茶"", ""reading"": ""しんちゃ"", ""meaning"": ""(non-word)""}, {""word"": ""心油"", ""reading"": ""しんゆ"", ""meaning"": ""(non-word)""}]",1,Body,heart; mind; spirit; heart radical (no. 61),心,心,4,false
162,朝,"[{""idx"": 583}, {""idx"": 584}, {""idx"": 140}, {""idx"": 361}, {""idx"": 585}]","[{""word"": ""朝肉"", ""reading"": ""ちょうにく"", ""meaning"": ""(non-word)""}, {""word"": ""朝茶"", ""reading"": ""ちょうちゃ"", ""meaning"": ""(non-word)""}, {""word"": ""朝油"", ""reading"": ""ちょうゆ"", ""meaning"": ""(non-word)""}]",1,Time,morning; dynasty; regime; epoch; period; (North) Korea,月,月 十 日,12,false
163,昼,"[{""idx"": 586}, {""idx"": 587}, {""idx"": 553}, {""idx"": 588}]","[{""word"": ""昼肉"", ""reading"": ""ちゅうにく"", ""meaning"": ""(non-word)""}, {""word"": ""昼茶"", ""reading"": ""ちゅうちゃ"", ""meaning"": ""(non-word)""}, {""word"": ""昼油"", ""reading"": ""ちゅうゆ"", ""meaning"": ""(non-word)""}]",2,Time,daytime; noon,日,一 日 尸 丶,9,false
164,夜,"[{""idx"": 589}, {""idx"": 590}, {""idx"": 591}, {""idx"": 592}]","[{""word"": ""夜肉"", ""reading"": ""やにく"", ""meaning"": ""(non-word)""}, {""word"": ""夜茶"", ""reading"": ""やちゃ"", ""meaning"": ""(non-word)""}, {""word"": ""夜油"", ""reading"": ""やゆ"", ""meaning"": ""(non-word)""}]",2,Time,night; evening,夕,亻 夕 亠,8,false
165,夕,"[{""idx"": 456}, {""idx"": 593}, {""idx"": 594}, {""idx"": 595}]","[{""word"": ""夕肉"", ""reading"": ""せきにく"", ""meaning"": ""(non-word)""}, {""word"": ""夕茶"", ""reading"": ""せきちゃ"", ""meaning"": ""(non-word)""}, {""word"": ""夕油"", ""reading"": ""せきゆ"", ""meaning"": ""(non-word)""}]",2,Time,evening,夕,夕,3,false
166,春,"[{""idx"": 596}, {""idx"": 597}]","[{""word"": ""春肉"", ""reading"": ""しゅんにく"", ""meaning"": ""(non-word)""}, {""word"": ""春茶"", ""reading"": ""しゅんちゃ"", ""meaning"": ""(non-word)""}, {""word"": ""春油"", ""reading"": ""しゅんゆ"", ""meaning"": ""(non-word)""}]",2,Time,springtime; spring (season),日,一 二 日 人 大,9,false
167,夏,"[{""idx"": 598}, {""idx"": 552}, {""idx"": 599}]","[{""word"": ""夏肉"", ""reading"": ""かにく"", ""meaning"": ""(non-word)""}, {""word"": ""夏茶"", ""reading"": ""かちゃ"", ""meaning"": ""(non-word)""}, {""word"": ""夏油"", ""reading"": ""かゆ"", ""meaning"": ""(non-word)""}]",2,Time,summer,夊,一 自 夂 目,10,false
168,秋,"[{""idx"": 600}, {""idx"": 601}]","[{""word"": ""秋肉"", ""reading"": ""しゅうにく"", ""meaning"": ""(non-word)""}, {""word"": ""秋茶"", ""reading"": ""しゅうちゃ"", ""meaning"": ""(non-word)""}, {""word"": ""秋油"", ""reading"": ""しゅうゆ"", ""meaning"": ""(non-word)""}]",2,Time,autumn,禾,火 禾,9,false
169,冬,"[{""idx"": 602}, {""idx"": 603}, {""idx"": 604}]","[{""word"": ""冬肉"", ""reading"": ""とうにく"", ""meaning"": ""(non-word)""}, {""word"": ""冬茶"", ""reading"": ""とうちゃ"", ""meaning"": ""(non-word)""}, {""word"": ""冬油"", ""reading"": ""とうゆ"", ""meaning"": ""(non-word)""}]",2,Time,winter,冫,夂 丶 攵,5,false
170,早,"[{""idx"": 605}, {""idx"": 606}, {""idx"": 607}, {""idx"": 570}, {""idx"": 608}]","[{""word"": ""早肉"", ""reading"": ""そうにく"", ""meaning"": ""(non-word)""}, {""word"": ""早茶"", ""reading"": ""そうちゃ"", ""meaning"": ""(non-word)""}, {""word"": ""早油"", ""reading"": ""そうゆ"", ""meaning"": ""(non-word)""}]",2,Descriptives,early; fast,日,十 日,6,false
171,古,"[{""idx"": 609}, {""idx"": 610}, {""idx"": 611}]","[{""word"": ""古肉"", ""reading"": ""こにく"", ""meaning"": ""(non-word)""}, {""word"": ""古茶"", ""reading"": ""こちゃ"", ""meaning"": ""(non-word)""}, {""word"": ""古油"", ""reading"": ""こゆ"", ""meaning"": ""(non-word)""}]",2,Descriptives,old,口,口 十,5,false
172,会,"[{""idx"": 612}, {""idx"": 613}, {""idx"": 286}, {""idx"": 614}]","[{""word"": ""会肉"", ""reading"": ""かいにく"", ""meaning"": ""(non-word)""}, {""word"": ""会茶"", ""reading"": ""かいちゃ"", ""meaning"": ""(non-word)""}, {""word"": ""会油"", ""reading"": ""かいゆ"", ""meaning"": ""(non-word)""}]",2,Actions,meeting; meet; party; association; interview; join,人,二 𠆢 厶,6,false
173,使,"[{""idx"": 615}, {""idx"": 616}, {""idx"": 617}]","[{""word"": ""使肉"", ""reading"": ""しにく"", ""meaning"": ""(non-word)""}, {""word"": ""使茶"", ""reading"": ""しちゃ"", ""meaning"": ""(non-word)""}, {""word"": ""使油"", ""reading"": ""しゆ"", ""meaning"": ""(non-word)""}]",2,Actions,use; send on a mission; order; messenger; envoy; ambassador; cause,人,ノ 一 亻 口,8,false
174,作,"[{""idx"": 618}, {""idx"": 619}, {""idx"": 229}]","[{""word"": ""作肉"", ""reading"": ""さくにく"", ""meaning"": ""(non-word)""}, {""word"": ""作茶"", ""reading"": ""さくちゃ"", ""meaning"": ""(non-word)""}, {""word"": ""作油"", ""reading"": ""さくゆ"", ""meaning"": ""(non-word)""}]",2,Actions,make; production; prepare; build,人,｜ ノ 亻 一 𠂉,7,false
175,持,"[{""idx"": 620}, {""idx"": 546}, {""idx"": 621}, {""idx"": 622}]","[{""word"": ""持肉"", ""reading"": ""じにく"", ""meaning"": ""(non-word)""}, {""word"": ""持茶"", ""reading"": ""じちゃ"", ""meaning"": ""(non-word)""}, {""word"": ""持油"", ""reading"": ""じゆ"", ""meaning"": ""(non-word)""}]",2,Actions,hold; have,手,寸 土 扌,9,false
176,思,"[{""idx"": 623}, {""idx"": 624}]","[{""word"": ""思肉"", ""reading"": ""しにく"", ""meaning"": ""(non-word)""}, {""word"": ""思茶"", ""reading"": ""しちゃ"", ""meaning"": ""(non-word)""}, {""word"": ""思油"", ""reading"": ""しゆ"", ""meaning"": ""(non-word)""}]",2,Actions,think,心,心 田,9,false
177,知,"[{""idx"": 625}, {""idx"": 626}]","[{""word"": ""知肉"", ""reading"": ""ちにく"", ""meaning"": ""(non-word)""}, {""word"": ""知茶"", ""reading"": ""ちちゃ"", ""meaning"": ""(non-word)""}, {""word"": ""知油"", ""reading"": ""ちゆ"", ""meaning"": ""(non-word)""}]",2,Actions,know; wisdom,矢,口 矢 𠂉,8,false
178,送,"[{""idx"": 627}, {""idx"": 628}]","[{""word"": ""送肉"", ""reading"": ""そうにく"", ""meaning"": ""(non-word)""}, {""word"": ""送茶"", ""reading"": ""そうちゃ"", ""meaning"": ""(non-word)""}, {""word"": ""送油"", ""reading"": ""そうゆ"", ""meaning"": ""(non-word)""}]",2,Actions,escort; send,辵,辶 丷 大 一 二,9,false
179,帰,"[{""idx"": 629}, {""idx"": 630}, {""idx"": 631}]","[{""word"": ""帰肉"", ""reading"": ""きにく"", ""meaning"": ""(non-word)""}, {""word"": ""帰茶"", ""reading"": ""きちゃ"", ""meaning"": ""(non-word)""}, {""word"": ""帰油"", ""reading"": ""きゆ"", ""meaning"": ""(non-word)""}]",2,Actions,homecoming; arrive at; lead to; result in,巾,ヨ 刂 巾 冖,10,false
180,始,"[{""idx"": 632}, {""idx"": 633}, {""idx"": 634}]","[{""word"": ""始肉"", ""reading"": ""しにく"", ""meaning"": ""(non-word)""}, {""word"": ""始茶"", ""reading"": ""しちゃ"", ""meaning"": ""(non-word)""}, {""word"": ""始油"", ""reading"": ""しゆ"", ""meaning"": ""(non-word)""}]",2,Actions,commence; begin,女,口 女 厶,8,false
181,終,"[{""idx"": 635}, {""idx"": 636}, {""idx"": 637}, {""idx"": 638}]","[{""word"": ""終肉"", ""reading"": ""しゅうにく"", ""meaning"": ""(non-word)""}, {""word"": ""終茶"", ""reading"": ""しゅうちゃ"", ""meaning"": ""(non-word)""}, {""word"": ""終油"", ""reading"": ""しゅうゆ"", ""meaning"": ""(non-word)""}]",2,Actions,end; finish,糸,糸 幺 小 夂,11,false
182,走,"[{""idx"": 639}, {""idx"": 640}]","[{""word"": ""走肉"", ""reading"": ""そうにく"", ""meaning"": ""(non-word)""}, {""word"": ""走茶"", ""reading"": ""そうちゃ"", ""meaning"": ""(non-word)""}, {""word"": ""走油"", ""reading"": ""そうゆ"", ""meaning"": ""(non-word)""}]",2,Actions,run,走,走 土,7,false
183,歩,"[{""idx"": 641}, {""idx"": 642}]","[{""word"": ""歩肉"", ""reading"": ""ほにく"", ""meaning"": ""(non-word)""}, {""word"": ""歩茶"", ""reading"": ""ほちゃ"", ""meaning"": ""(non-word)""}, {""word"": ""歩油"", ""reading"": ""ほゆ"", ""meaning"": ""(non-word)""}]",2,Actions,walk; counter for steps,止,ノ 止 小,8,false
184,止,"[{""idx"": 643}, {""idx"": 644}, {""idx"": 645}, {""idx"": 906}]","[{""word"": ""止肉"", ""reading"": ""しにく"", ""meaning"": ""(non-word)""}, {""word"": ""止茶"", ""reading"": ""しちゃ"", ""meaning"": ""(non-word)""}, {""word"": ""止油"", ""reading"": ""しゆ"", ""meaning"": ""(non-word)""}]",2,Actions,stop; halt,止,止,4,false
185,起,"[{""idx"": 646}, {""idx"": 647}, {""idx"": 608}]","[{""word"": ""起肉"", ""reading"": ""きにく"", ""meaning"": ""(non-word)""}, {""word"": ""起茶"", ""reading"": ""きちゃ"", ""meaning"": ""(non-word)""}, {""word"": ""起油"", ""reading"": ""きゆ"", ""meaning"": ""(non-word)""}]",2,Actions,rouse; wake up; get up,走,走 土 已,10,false
186,着,"[{""idx"": 648}, {""idx"": 649}, {""idx"": 181}]","[{""word"": ""着肉"", ""reading"": ""ちゃくにく"", ""meaning"": ""(non-word)""}, {""word"": ""着茶"", ""reading"": ""ちゃくちゃ"", ""meaning"": ""(non-word)""}, {""word"": ""着油"", ""reading"": ""ちゃくゆ"", ""meaning"": ""(non-word)""}]",2,Actions,don; arrive; wear; counter for suits of clothing,目,ノ 王 丷 目 羊,12,false
187,住,"[{""idx"": 650}, {""idx"": 460}, {""idx"": 651}]","[{""word"": ""住肉"", ""reading"": ""じゅうにく"", ""meaning"": ""(non-word)""}, {""word"": ""住茶"", ""reading"": ""じゅうちゃ"", ""meaning"": ""(non-word)""}, {""word"": ""住油"", ""reading"": ""じゅうゆ"", ""meaning"": ""(non-word)""}]",2,Actions,dwell; reside; live; inhabit,人,王 亻 丶,7,false
188,売,"[{""idx"": 652}, {""idx"": 653}, {""idx"": 654}]","[{""word"": ""売肉"", ""reading"": ""ばいにく"", ""meaning"": ""(non-word)""}, {""word"": ""売茶"", ""reading"": ""ばいちゃ"", ""meaning"": ""(non-word)""}, {""word"": ""売油"", ""reading"": ""ばいゆ"", ""meaning"": ""(non-word)""}]",2,Shopping,sell,士,士 儿 冖,7,false
189,借,"[{""idx"": 655}, {""idx"": 656}]","[{""word"": ""借肉"", ""reading"": ""しゃくにく"", ""meaning"": ""(non-word)""}, {""word"": ""借茶"", ""reading"": ""しゃくちゃ"", ""meaning"": ""(non-word)""}, {""word"": ""借油"", ""reading"": ""しゃくゆ"", ""meaning"": ""(non-word)""}]",2,Shopping,borrow; rent,人,亻 日 廾 二,10,false
190,貸,"[{""idx"": 657}, {""idx"": 658}]","[{""word"": ""貸肉"", ""reading"": ""たいにく"", ""meaning"": ""(non-word)""}, {""word"": ""貸茶"", ""reading"": ""たいちゃ"", ""meaning"": ""(non-word)""}, {""word"": ""貸油"", ""reading"": ""たいゆ"", ""meaning"": ""(non-word)""}]",2,Shopping,lend,貝,亻 貝 目 ハ 弋,12,false
191,習,"[{""idx"": 659}, {""idx"": 660}]","[{""word"": ""習肉"", ""reading"": ""しゅうにく"", ""meaning"": ""(non-word)""}, {""word"": ""習茶"", ""reading"": ""しゅうちゃ"", ""meaning"": ""(non-word)""}, {""word"": ""習油"", ""reading"": ""しゅうゆ"", ""meaning"": ""(non-word)""}]",2,Learning,learn,羽,羽 白 冫,11,false
192,通,"[{""idx"": 661}, {""idx"": 662}, {""idx"": 663}]","[{""word"": ""通肉"", ""reading"": ""つうにく"", ""meaning"": ""(non-word)""}, {""word"": ""通茶"", ""reading"": ""つうちゃ"", ""meaning"": ""(non-word)""}, {""word"": ""通油"", ""reading"": ""つうゆ"", ""meaning"": ""(non-word)""}]",2,Transport,"traffic; pass through; avenue; commute; counter for letters, notes, documents, etc.",辵,辶 用 マ,10,false
193,運,"[{""idx"": 664}, {""idx"": 665}, {""idx"": 666}, {""idx"": 667}]","[{""word"": ""運肉"", ""reading"": ""うんにく"", ""meaning"": ""(non-word)""}, {""word"": ""運茶"", ""reading"": ""うんちゃ"", ""meaning"": ""(non-word)""}, {""word"": ""運油"", ""reading"": ""うんゆ"", ""meaning"": ""(non-word)""}]",2,Transport,carry; luck; destiny; fate; lot; transport; progress; advance,辵,辶 車 冖,12,false
194,転,"[{""idx"": 668}, {""idx"": 665}, {""idx"": 377}]","[{""word"": ""転肉"", ""reading"": ""てんにく"", ""meaning"": ""(non-word)""}, {""word"": ""転茶"", ""reading"": ""てんちゃ"", ""meaning"": ""(non-word)""}, {""word"": ""転油"", ""reading"": ""てんゆ"", ""meaning"": ""(non-word)""}]",2,Transport,revolve; turn around; change,車,車 二 厶,11,false
195,開,"[{""idx"": 669}, {""idx"": 670}, {""idx"": 634}, {""idx"": 671}, {""idx"": 905}]","[{""word"": ""開肉"", ""reading"": ""かいにく"", ""meaning"": ""(non-word)""}, {""word"": ""開茶"", ""reading"": ""かいちゃ"", ""meaning"": ""(non-word)""}, {""word"": ""開油"", ""reading"": ""かいゆ"", ""meaning"": ""(non-word)""}]",2,Actions,open; unfold; unseal,門,一 門 廾 二 ノ,12,false
196,集,"[{""idx"": 672}, {""idx"": 673}, {""idx"": 674}]","[{""word"": ""集肉"", ""reading"": ""しゅうにく"", ""meaning"": ""(non-word)""}, {""word"": ""集茶"", ""reading"": ""しゅうちゃ"", ""meaning"": ""(non-word)""}, {""word"": ""集油"", ""reading"": ""しゅうゆ"", ""meaning"": ""(non-word)""}]",2,Actions,gather; meet; congregate; swarm; flock,隹,木 隹,12,false
197,写,"[{""idx"": 675}, {""idx"": 676}]","[{""word"": ""写肉"", ""reading"": ""しゃにく"", ""meaning"": ""(non-word)""}, {""word"": ""写茶"", ""reading"": ""しゃちゃ"", ""meaning"": ""(non-word)""}, {""word"": ""写油"", ""reading"": ""しゃゆ"", ""meaning"": ""(non-word)""}]",2,Actions,copy; be photographed; describe,冖,一 冖 勹,5,false
198,考,"[{""idx"": 677}, {""idx"": 678}]","[{""word"": ""考肉"", ""reading"": ""こうにく"", ""meaning"": ""(non-word)""}, {""word"": ""考茶"", ""reading"": ""こうちゃ"", ""meaning"": ""(non-word)""}, {""word"": ""考油"", ""reading"": ""こうゆ"", ""meaning"": ""(non-word)""}]",3,Actions,consider; think over,老,耂 勹,6,false
199,答,"[{""idx"": 679}, {""idx"": 680}]","[{""word"": ""答肉"", ""reading"": ""とうにく"", ""meaning"": ""(non-word)""}, {""word"": ""答茶"", ""reading"": ""とうちゃ"", ""meaning"": ""(non-word)""}, {""word"": ""答油"", ""reading"": ""とうゆ"", ""meaning"": ""(non-word)""}]",3,Actions,solution; answer,竹,口 竹 𠆢 一 𠂉,12,false
200,注,"[{""idx"": 681}, {""idx"": 682}, {""idx"": 683}]","[{""word"": ""注肉"", ""reading"": ""ちゅうにく"", ""meaning"": ""(non-word)""}, {""word"": ""注茶"", ""reading"": ""ちゅうちゃ"", ""meaning"": ""(non-word)""}, {""word"": ""注油"", ""reading"": ""ちゅうゆ"", ""meaning"": ""(non-word)""}]",3,Actions,pour; irrigate; shed (tears); flow into; concentrate on; notes; comment; annotate,水,王 氵 丶,8,false
201,死,"[{""idx"": 684}]","[{""word"": ""死肉"", ""reading"": ""しにく"", ""meaning"": ""(non-word)""}, {""word"": ""死茶"", ""reading"": ""しちゃ"", ""meaning"": ""(non-word)""}, {""word"": ""死油"", ""reading"": ""しゆ"", ""meaning"": ""(non-word)""}]",3,Actions,death; die,歹,一 夕 匕 歹,6,false
202,勉,"[{""idx"": 685}]","[{""word"": ""勉肉"", ""reading"": ""べんにく"", ""meaning"": ""(non-word)""}, {""word"": ""勉茶"", ""reading"": ""べんちゃ"", ""meaning"": ""(non-word)""}, {""word"": ""勉油"", ""reading"": ""べんゆ"", ""meaning"": ""(non-word)""}]",3,Learning,exertion; endeavour; encourage; strive; make effort; diligent,力,力 免 儿 勹,10,false
203,強,"[{""idx"": 686}, {""idx"": 685}, {""idx"": 687}]","[{""word"": ""強肉"", ""reading"": ""きょうにく"", ""meaning"": ""(non-word)""}, {""word"": ""強茶"", ""reading"": ""きょうちゃ"", ""meaning"": ""(non-word)""}, {""word"": ""強油"", ""reading"": ""きょうゆ"", ""meaning"": ""(non-word)""}]",3,Descriptives,strong,弓,弓 虫 厶,11,false
204,広,"[{""idx"": 688}, {""idx"": 689}]","[{""word"": ""広肉"", ""reading"": ""こうにく"", ""meaning"": ""(non-word)""}, {""word"": ""広茶"", ""reading"": ""こうちゃ"", ""meaning"": ""(non-word)""}, {""word"": ""広油"", ""reading"": ""こうゆ"", ""meaning"": ""(non-word)""}]",3,Descriptives,wide; broad; spacious,广,厶 广,5,false
205,悪,"[{""idx"": 690}, {""idx"": 691}, {""idx"": 692}]","[{""word"": ""悪肉"", ""reading"": ""あくにく"", ""meaning"": ""(non-word)""}, {""word"": ""悪茶"", ""reading"": ""あくちゃ"", ""meaning"": ""(non-word)""}, {""word"": ""悪油"", ""reading"": ""あくゆ"", ""meaning"": ""(non-word)""}]",3,Descriptives,bad; vice; rascal; false; evil; wrong,心,｜ 一 口 心,11,false
206,重,"[{""idx"": 693}, {""idx"": 576}]","[{""word"": ""重肉"", ""reading"": ""じゅうにく"", ""meaning"": ""(non-word)""}, {""word"": ""重茶"", ""reading"": ""じゅうちゃ"", ""meaning"": ""(non-word)""}, {""word"": ""重油"", ""reading"": ""じゅうゆ"", ""meaning"": ""(non-word)""}]",3,Descriptives,heavy; important; esteem; respect; heap up; pile up; nest of boxes; -fold,里,｜ ノ 一 日 里,9,false
207,近,"[{""idx"": 694}, {""idx"": 695}, {""idx"": 696}, {""idx"": 459}]","[{""word"": ""近肉"", ""reading"": ""きんにく"", ""meaning"": ""(non-word)""}, {""word"": ""近茶"", ""reading"": ""きんちゃ"", ""meaning"": ""(non-word)""}, {""word"": ""近油"", ""reading"": ""きんゆ"", ""meaning"": ""(non-word)""}]",3,Descriptives,near; early; akin; tantamount,辵,斤 辶,7,false
208,正,"[{""idx"": 697}, {""idx"": 698}, {""idx"": 549}, {""idx"": 699}]","[{""word"": ""正肉"", ""reading"": ""せいにく"", ""meaning"": ""(non-word)""}, {""word"": ""正茶"", ""reading"": ""せいちゃ"", ""meaning"": ""(non-word)""}, {""word"": ""正油"", ""reading"": ""せいゆ"", ""meaning"": ""(non-word)""}]",3,Descriptives,correct; justice; righteous; 10**40,止,一 止,5,false
209,明,"[{""idx"": 700}, {""idx"": 701}, {""idx"": 702}, {""idx"": 703}]","[{""word"": ""明肉"", ""reading"": ""めいにく"", ""meaning"": ""(non-word)""}, {""word"": ""明茶"", ""reading"": ""めいちゃ"", ""meaning"": ""(non-word)""}, {""word"": ""明油"", ""reading"": ""めいゆ"", ""meaning"": ""(non-word)""}]",3,Descriptives,bright; light,日,月 日,8,false
210,特,"[{""idx"": 704}, {""idx"": 480}, {""idx"": 705}]","[{""word"": ""特肉"", ""reading"": ""とくにく"", ""meaning"": ""(non-word)""}, {""word"": ""特茶"", ""reading"": ""とくちゃ"", ""meaning"": ""(non-word)""}, {""word"": ""特油"", ""reading"": ""とくゆ"", ""meaning"": ""(non-word)""}]",3,Descriptives,special,牛,牛 寸 土,10,false
211,急,"[{""idx"": 706}, {""idx"": 707}, {""idx"": 708}, {""idx"": 705}]","[{""word"": ""急肉"", ""reading"": ""きゅうにく"", ""meaning"": ""(non-word)""}, {""word"": ""急茶"", ""reading"": ""きゅうちゃ"", ""meaning"": ""(non-word)""}, {""word"": ""急油"", ""reading"": ""きゅうゆ"", ""meaning"": ""(non-word)""}]",3,Descriptives,hurry; emergency; sudden; steep,心,ヨ 心 勹,9,false
212,不,"[{""idx"": 314}, {""idx"": 709}]","[{""word"": ""不肉"", ""reading"": ""ふにく"", ""meaning"": ""(non-word)""}, {""word"": ""不茶"", ""reading"": ""ふちゃ"", ""meaning"": ""(non-word)""}, {""word"": ""不油"", ""reading"": ""ふゆ"", ""meaning"": ""(non-word)""}]",3,Function Words,negative; non-; bad; ugly; clumsy,一,｜ ノ 一 丶,4,false
213,無,"[{""idx"": 710}, {""idx"": 711}, {""idx"": 712}]","[{""word"": ""無肉"", ""reading"": ""むにく"", ""meaning"": ""(non-word)""}, {""word"": ""無茶"", ""reading"": ""むちゃ"", ""meaning"": ""(non-word)""}, {""word"": ""無油"", ""reading"": ""むゆ"", ""meaning"": ""(non-word)""}]",3,Function Words,nothingness; none; ain't; nothing; nil; not,火,｜ ノ 一 灬 無 𠂉,12,false
214,用,"[{""idx"": 452}, {""idx"": 713}, {""idx"": 714}]","[{""word"": ""用肉"", ""reading"": ""ようにく"", ""meaning"": ""(non-word)""}, {""word"": ""用茶"", ""reading"": ""ようちゃ"", ""meaning"": ""(non-word)""}, {""word"": ""用油"", ""reading"": ""ようゆ"", ""meaning"": ""(non-word)""}]",3,Function Words,utilize; business; service; use; employ,用,用,5,false
215,度,"[{""idx"": 715}, {""idx"": 716}, {""idx"": 717}]","[{""word"": ""度肉"", ""reading"": ""どにく"", ""meaning"": ""(non-word)""}, {""word"": ""度茶"", ""reading"": ""どちゃ"", ""meaning"": ""(non-word)""}, {""word"": ""度油"", ""reading"": ""どゆ"", ""meaning"": ""(non-word)""}]",3,Function Words,degrees; occurrence; time; counter for occurrences; consider; attitude,广,又 广 一 凵,9,false
216,以,"[{""idx"": 182}, {""idx"": 187}, {""idx"": 233}, {""idx"": 718}]","[{""word"": ""以肉"", ""reading"": ""いにく"", ""meaning"": ""(non-word)""}, {""word"": ""以茶"", ""reading"": ""いちゃ"", ""meaning"": ""(non-word)""}, {""word"": ""以油"", ""reading"": ""いゆ"", ""meaning"": ""(non-word)""}]",3,Function Words,by means of; because; in view of; compared with,人,｜ 人 丶,5,false
217,代,"[{""idx"": 719}, {""idx"": 720}, {""idx"": 721}, {""idx"": 722}]","[{""word"": ""代肉"", ""reading"": ""だいにく"", ""meaning"": ""(non-word)""}, {""word"": ""代茶"", ""reading"": ""だいちゃ"", ""meaning"": ""(non-word)""}, {""word"": ""代油"", ""reading"": ""だいゆ"", ""meaning"": ""(non-word)""}]",3,Function Words,"substitute; change; convert; replace; period; age; counter for decades of ages, eras, etc.; generation; charge; rate; fee",人,亻 弋,5,false
218,意,"[{""idx"": 406}, {""idx"": 681}, {""idx"": 247}, {""idx"": 714}]","[{""word"": ""意肉"", ""reading"": ""いにく"", ""meaning"": ""(non-word)""}, {""word"": ""意茶"", ""reading"": ""いちゃ"", ""meaning"": ""(non-word)""}, {""word"": ""意油"", ""reading"": ""いゆ"", ""meaning"": ""(non-word)""}]",3,Function Words,idea; mind; heart; taste; thought; desire; care; liking,心,音 心 日 立,13,false
219,理,"[{""idx"": 723}, {""idx"": 710}, {""idx"": 724}]","[{""word"": ""理肉"", ""reading"": ""りにく"", ""meaning"": ""(non-word)""}, {""word"": ""理茶"", ""reading"": ""りちゃ"", ""meaning"": ""(non-word)""}, {""word"": ""理油"", ""reading"": ""りゆ"", ""meaning"": ""(non-word)""}]",3,Function Words,logic; arrangement; reason; justice; truth,玉,王 里,11,false
220,真,"[{""idx"": 675}, {""idx"": 194}, {""idx"": 599}, {""idx"": 725}]","[{""word"": ""真肉"", ""reading"": ""しんにく"", ""meaning"": ""(non-word)""}, {""word"": ""真茶"", ""reading"": ""しんちゃ"", ""meaning"": ""(non-word)""}, {""word"": ""真油"", ""reading"": ""しんゆ"", ""meaning"": ""(non-word)""}]",3,Function Words,true; reality; Buddhist sect,目,一 十 ハ 目,10,false
221,有,"[{""idx"": 163}, {""idx"": 726}]","[{""word"": ""有肉"", ""reading"": ""ゆうにく"", ""meaning"": ""(non-word)""}, {""word"": ""有茶"", ""reading"": ""ゆうちゃ"", ""meaning"": ""(non-word)""}, {""word"": ""有油"", ""reading"": ""ゆうゆ"", ""meaning"": ""(non-word)""}]",3,Function Words,possess; have; exist; happen; occur; approx,月,ノ 一 月,6,false
222,元,"[{""idx"": 545}, {""idx"": 727}, {""idx"": 728}]","[{""word"": ""元肉"", ""reading"": ""げんにく"", ""meaning"": ""(non-word)""}, {""word"": ""元茶"", ""reading"": ""げんちゃ"", ""meaning"": ""(non-word)""}, {""word"": ""元油"", ""reading"": ""げんゆ"", ""meaning"": ""(non-word)""}]",3,Function Words,beginning; former time; origin,儿,二 儿 元,4,false
223,質,"[{""idx"": 729}]","[{""word"": ""質肉"", ""reading"": ""しつにく"", ""meaning"": ""(non-word)""}, {""word"": ""質茶"", ""reading"": ""しつちゃ"", ""meaning"": ""(non-word)""}, {""word"": ""質油"", ""reading"": ""しつゆ"", ""meaning"": ""(non-word)""}]",3,Function Words,substance; quality; matter; temperament,貝,貝 目 ハ 斤,15,false
224,世,"[{""idx"": 730}, {""idx"": 287}, {""idx"": 731}]","[{""word"": ""世肉"", ""reading"": ""せにく"", ""meaning"": ""(non-word)""}, {""word"": ""世茶"", ""reading"": ""せちゃ"", ""meaning"": ""(non-word)""}, {""word"": ""世油"", ""reading"": ""せゆ"", ""meaning"": ""(non-word)""}]",3,City,generation; world; society; public,一,｜ 一 世,5,false
225,界,"[{""idx"": 730}, {""idx"": 732}]","[{""word"": ""界肉"", ""reading"": ""かいにく"", ""meaning"": ""(non-word)""}, {""word"": ""界茶"", ""reading"": ""かいちゃ"", ""meaning"": ""(non-word)""}, {""word"": ""界油"", ""reading"": ""かいゆ"", ""meaning"": ""(non-word)""}]",3,City,world; boundary,田,田 𠆢 儿,9,false
226,地,"[{""idx"": 417}, {""idx"": 733}, {""idx"": 112}, {""idx"": 728}]","[{""word"": ""地肉"", ""reading"": ""ちにく"", ""meaning"": ""(non-word)""}, {""word"": ""地茶"", ""reading"": ""ちちゃ"", ""meaning"": ""(non-word)""}, {""word"": ""地油"", ""reading"": ""ちゆ"", ""meaning"": ""(non-word)""}]",3,City,ground; earth,土,土 也,6,false
227,図,"[{""idx"": 733}, {""idx"": 278}, {""idx"": 734}]","[{""word"": ""図肉"", ""reading"": ""ずにく"", ""meaning"": ""(non-word)""}, {""word"": ""図茶"", ""reading"": ""ずちゃ"", ""meaning"": ""(non-word)""}, {""word"": ""図油"", ""reading"": ""ずゆ"", ""meaning"": ""(non-word)""}]",3,City,map; drawing; plan; extraordinary; audacious,囗,斗 囗,7,false
228,館,"[{""idx"": 278}, {""idx"": 735}, {""idx"": 736}, {""idx"": 737}]","[{""word"": ""館肉"", ""reading"": ""かんにく"", ""meaning"": ""(non-word)""}, {""word"": ""館茶"", ""reading"": ""かんちゃ"", ""meaning"": ""(non-word)""}, {""word"": ""館油"", ""reading"": ""かんゆ"", ""meaning"": ""(non-word)""}]",3,City,building; mansion; large building; palace,食,口 食 宀 ｜,16,false
229,室,"[{""idx"": 738}, {""idx"": 739}]","[{""word"": ""室肉"", ""reading"": ""しつにく"", ""meaning"": ""(non-word)""}, {""word"": ""室茶"", ""reading"": ""しつちゃ"", ""meaning"": ""(non-word)""}, {""word"": ""室油"", ""reading"": ""しつゆ"", ""meaning"": ""(non-word)""}]",3,City,room; apartment; chamber; greenhouse; cellar,宀,至 土 厶 宀,9,false
230,文,"[{""idx"": 740}, {""idx"": 619}, {""idx"": 682}, {""idx"": 741}]","[{""word"": ""文肉"", ""reading"": ""ぶんにく"", ""meaning"": ""(non-word)""}, {""word"": ""文茶"", ""reading"": ""ぶんちゃ"", ""meaning"": ""(non-word)""}, {""word"": ""文油"", ""reading"": ""ぶんゆ"", ""meaning"": ""(non-word)""}]",3,Learning,sentence; literature; style; art; decoration; figures; plan; literary radical (no. 67),文,文,4,false
231,字,"[{""idx"": 742}, {""idx"": 743}, {""idx"": 744}]","[{""word"": ""字肉"", ""reading"": ""じにく"", ""meaning"": ""(non-word)""}, {""word"": ""字茶"", ""reading"": ""じちゃ"", ""meaning"": ""(non-word)""}, {""word"": ""字油"", ""reading"": ""じゆ"", ""meaning"": ""(non-word)""}]",3,Learning,character; letter; word; section of village,子,子 宀,6,false
232,教,"[{""idx"": 745}, {""idx"": 738}, {""idx"": 746}]","[{""word"": ""教肉"", ""reading"": ""きょうにく"", ""meaning"": ""(non-word)""}, {""word"": ""教茶"", ""reading"": ""きょうちゃ"", ""meaning"": ""(non-word)""}, {""word"": ""教油"", ""reading"": ""きょうゆ"", ""meaning"": ""(non-word)""}]",3,Learning,teach; faith; doctrine,攴,子 耂 攵 𠂉,11,false
233,題,"[{""idx"": 747}, {""idx"": 748}, {""idx"": 749}, {""idx"": 750}]","[{""word"": ""題肉"", ""reading"": ""だいにく"", ""meaning"": ""(non-word)""}, {""word"": ""題茶"", ""reading"": ""だいちゃ"", ""meaning"": ""(non-word)""}, {""word"": ""題油"", ""reading"": ""だいゆ"", ""meaning"": ""(non-word)""}]",3,Learning,topic; subject,頁,貝 目 ハ 日 疋 頁,18,false
234,問,"[{""idx"": 729}, {""idx"": 747}, {""idx"": 751}]","[{""word"": ""問肉"", ""reading"": ""もんにく"", ""meaning"": ""(non-word)""}, {""word"": ""問茶"", ""reading"": ""もんちゃ"", ""meaning"": ""(non-word)""}, {""word"": ""問油"", ""reading"": ""もんゆ"", ""meaning"": ""(non-word)""}]",3,Learning,question; ask; problem,口,口 門,11,false
235,試,"[{""idx"": 752}, {""idx"": 753}, {""idx"": 754}]","[{""word"": ""試肉"", ""reading"": ""しにく"", ""meaning"": ""(non-word)""}, {""word"": ""試茶"", ""reading"": ""しちゃ"", ""meaning"": ""(non-word)""}, {""word"": ""試油"", ""reading"": ""しゆ"", ""meaning"": ""(non-word)""}]",3,Learning,test; try; attempt; experiment; ordeal,言,言 工 弋,13,false
236,験,"[{""idx"": 752}, {""idx"": 755}]","[{""word"": ""験肉"", ""reading"": ""けんにく"", ""meaning"": ""(non-word)""}, {""word"": ""験茶"", ""reading"": ""けんちゃ"", ""meaning"": ""(non-word)""}, {""word"": ""験油"", ""reading"": ""けんゆ"", ""meaning"": ""(non-word)""}]",3,Learning,verification; effect; testing,馬,口 人 馬 𠆢 灬,18,false
237,研,"[{""idx"": 756}, {""idx"": 757}]","[{""word"": ""研肉"", ""reading"": ""けんにく"", ""meaning"": ""(non-word)""}, {""word"": ""研茶"", ""reading"": ""けんちゃ"", ""meaning"": ""(non-word)""}, {""word"": ""研油"", ""reading"": ""けんゆ"", ""meaning"": ""(non-word)""}]",3,Learning,polish; study of; sharpen,石,｜ 口 石 亅 廾 ノ 二 一,9,false
238,究,"[{""idx"": 756}, {""idx"": 758}]","[{""word"": ""究肉"", ""reading"": ""きゅうにく"", ""meaning"": ""(non-word)""}, {""word"": ""究茶"", ""reading"": ""きゅうちゃ"", ""meaning"": ""(non-word)""}, {""word"": ""究油"", ""reading"": ""きゅうゆ"", ""meaning"": ""(non-word)""}]",3,Learning,research; study,穴,穴 九 儿 宀,7,false
239,京,"[{""idx"": 515}, {""idx"": 759}]","[{""word"": ""京肉"", ""reading"": ""きょうにく"", ""meaning"": ""(non-word)""}, {""word"": ""京茶"", ""reading"": ""きょうちゃ"", ""meaning"": ""(non-word)""}, {""word"": ""京油"", ""reading"": ""きょうゆ"", ""meaning"": ""(non-word)""}]",3,City,capital; 10**16,亠,口 小 亠,8,false
240,田,"[{""idx"": 760}, {""idx"": 761}]","[{""word"": ""田肉"", ""reading"": ""でんにく"", ""meaning"": ""(non-word)""}, {""word"": ""田茶"", ""reading"": ""でんちゃ"", ""meaning"": ""(non-word)""}, {""word"": ""田油"", ""reading"": ""でんゆ"", ""meaning"": ""(non-word)""}]",3,Nature,rice field; rice paddy,田,田,5,false
241,堂,"[{""idx"": 252}, {""idx"": 762}]","[{""word"": ""堂肉"", ""reading"": ""どうにく"", ""meaning"": ""(non-word)""}, {""word"": ""堂茶"", ""reading"": ""どうちゃ"", ""meaning"": ""(non-word)""}, {""word"": ""堂油"", ""reading"": ""どうゆ"", ""meaning"": ""(non-word)""}]",3,City,public chamber; hall,土,口 ⺌ 土 冖,11,false
242,工,"[{""idx"": 763}, {""idx"": 764}, {""idx"": 765}, {""idx"": 918}]","[{""word"": ""工肉"", ""reading"": ""こうにく"", ""meaning"": ""(non-word)""}, {""word"": ""工茶"", ""reading"": ""こうちゃ"", ""meaning"": ""(non-word)""}, {""word"": ""工油"", ""reading"": ""こうゆ"", ""meaning"": ""(non-word)""}]",3,City,craft; construction; katakana e radical (no. 48),工,工,3,false
243,建,"[{""idx"": 766}, {""idx"": 767}]","[{""word"": ""建肉"", ""reading"": ""けんにく"", ""meaning"": ""(non-word)""}, {""word"": ""建茶"", ""reading"": ""けんちゃ"", ""meaning"": ""(non-word)""}, {""word"": ""建油"", ""reading"": ""けんゆ"", ""meaning"": ""(non-word)""}]",3,City,build,廴,廴 聿,9,false
244,空,"[{""idx"": 768}, {""idx"": 769}, {""idx"": 770}, {""idx"": 771}]","[{""word"": ""空肉"", ""reading"": ""くうにく"", ""meaning"": ""(non-word)""}, {""word"": ""空茶"", ""reading"": ""くうちゃ"", ""meaning"": ""(non-word)""}, {""word"": ""空油"", ""reading"": ""くうゆ"", ""meaning"": ""(non-word)""}]",3,Nature,empty; sky; void; vacant; vacuum,穴,穴 工 儿 宀,8,false
245,海,"[{""idx"": 772}, {""idx"": 232}, {""idx"": 220}]","[{""word"": ""海肉"", ""reading"": ""かいにく"", ""meaning"": ""(non-word)""}, {""word"": ""海茶"", ""reading"": ""かいちゃ"", ""meaning"": ""(non-word)""}, {""word"": ""海油"", ""reading"": ""かいゆ"", ""meaning"": ""(non-word)""}]",3,Nature,sea; ocean,水,氵 母 毋 𠂉,9,false
246,洋,"[{""idx"": 773}, {""idx"": 520}, {""idx"": 517}, {""idx"": 774}]","[{""word"": ""洋肉"", ""reading"": ""ようにく"", ""meaning"": ""(non-word)""}, {""word"": ""洋茶"", ""reading"": ""ようちゃ"", ""meaning"": ""(non-word)""}, {""word"": ""洋油"", ""reading"": ""ようゆ"", ""meaning"": ""(non-word)""}]",3,Nature,ocean; sea; foreign; Western style,水,王 氵 丷 羊,9,false
247,医,"[{""idx"": 775}, {""idx"": 776}]","[{""word"": ""医肉"", ""reading"": ""いにく"", ""meaning"": ""(non-word)""}, {""word"": ""医茶"", ""reading"": ""いちゃ"", ""meaning"": ""(non-word)""}, {""word"": ""医油"", ""reading"": ""いゆ"", ""meaning"": ""(non-word)""}]",3,City,doctor; medicine,匸,矢 匚 𠂉,7,false
248,英,"[{""idx"": 555}, {""idx"": 777}, {""idx"": 778}]","[{""word"": ""英肉"", ""reading"": ""えいにく"", ""meaning"": ""(non-word)""}, {""word"": ""英茶"", ""reading"": ""えいちゃ"", ""meaning"": ""(non-word)""}, {""word"": ""英油"", ""reading"": ""えいゆ"", ""meaning"": ""(non-word)""}]",3,Learning,England; English; hero; outstanding; calyx,艸,ノ 艹 大 冖,8,false
249,漢,"[{""idx"": 743}, {""idx"": 779}]","[{""word"": ""漢肉"", ""reading"": ""かんにく"", ""meaning"": ""(non-word)""}, {""word"": ""漢茶"", ""reading"": ""かんちゃ"", ""meaning"": ""(non-word)""}, {""word"": ""漢油"", ""reading"": ""かんゆ"", ""meaning"": ""(non-word)""}]",3,Learning,Sino-; China,水,氵 艹 口 一 大 二,13,false
250,業,"[{""idx"": 780}, {""idx"": 781}, {""idx"": 782}]","[{""word"": ""業肉"", ""reading"": ""ぎょうにく"", ""meaning"": ""(non-word)""}, {""word"": ""業茶"", ""reading"": ""ぎょうちゃ"", ""meaning"": ""(non-word)""}, {""word"": ""業油"", ""reading"": ""ぎょうゆ"", ""meaning"": ""(non-word)""}]",3,Learning,business; vocation; arts; performance,木,｜ 一 王 丷 木 羊 耒,13,false
251,発,"[{""idx"": 783}, {""idx"": 266}]","[{""word"": ""発肉"", ""reading"": ""はつにく"", ""meaning"": ""(non-word)""}, {""word"": ""発茶"", ""reading"": ""はつちゃ"", ""meaning"": ""(non-word)""}, {""word"": ""発油"", ""reading"": ""はつゆ"", ""meaning"": ""(non-word)""}]",3,Actions,departure; discharge; publish; emit; start from; disclose; counter for gunshots,癶,二 儿 癶,9,false
252,部,"[{""idx"": 468}, {""idx"": 446}, {""idx"": 784}]","[{""word"": ""部肉"", ""reading"": ""ぶにく"", ""meaning"": ""(non-word)""}, {""word"": ""部茶"", ""reading"": ""ぶちゃ"", ""meaning"": ""(non-word)""}, {""word"": ""部油"", ""reading"": ""ぶゆ"", ""meaning"": ""(non-word)""}]",4,Function Words,section; bureau; dept; class; copy; part; portion; counter for copies of a newspaper or magazine,邑,口 阝 立,11,false
253,仕,"[{""idx"": 450}, {""idx"": 785}]","[{""word"": ""仕肉"", ""reading"": ""しにく"", ""meaning"": ""(non-word)""}, {""word"": ""仕茶"", ""reading"": ""しちゃ"", ""meaning"": ""(non-word)""}, {""word"": ""仕油"", ""reading"": ""しゆ"", ""meaning"": ""(non-word)""}]",4,Actions,attend; doing; official; serve,人,亻 士,5,false
254,料,"[{""idx"": 723}, {""idx"": 109}, {""idx"": 711}]","[{""word"": ""料肉"", ""reading"": ""りょうにく"", ""meaning"": ""(non-word)""}, {""word"": ""料茶"", ""reading"": ""りょうちゃ"", ""meaning"": ""(non-word)""}, {""word"": ""料油"", ""reading"": ""りょうゆ"", ""meaning"": ""(non-word)""}]",4,Dining,fee; materials,斗,斗 米,10,false
255,紙,"[{""idx"": 786}, {""idx"": 392}, {""idx"": 787}]","[{""word"": ""紙肉"", ""reading"": ""しにく"", ""meaning"": ""(non-word)""}, {""word"": ""紙茶"", ""reading"": ""しちゃ"", ""meaning"": ""(non-word)""}, {""word"": ""紙油"", ""reading"": ""しゆ"", ""meaning"": ""(non-word)""}]",4,Learning,paper,糸,氏 糸 幺 小,10,false
256,達,"[{""idx"": 167}, {""idx"": 788}, {""idx"": 789}]","[{""word"": ""達肉"", ""reading"": ""たつにく"", ""meaning"": ""(non-word)""}, {""word"": ""達茶"", ""reading"": ""たつちゃ"", ""meaning"": ""(non-word)""}, {""word"": ""達油"", ""reading"": ""たつゆ"", ""meaning"": ""(non-word)""}]",4,Humans & Family,accomplished; reach; arrive; attain,辵,王 辶 土 丷 羊,12,false
257,乳,"[{""idx"": 399}]","[{""word"": ""乳肉"", ""reading"": ""にゅうにく"", ""meaning"": ""(non-word)""}, {""word"": ""乳茶"", ""reading"": ""にゅうちゃ"", ""meaning"": ""(non-word)""}, {""word"": ""乳油"", ""reading"": ""にゅうゆ"", ""meaning"": ""(non-word)""}]",4,Dining,milk; breasts,乙,乙 子 爪,8,false
258,動,"[{""idx"": 790}, {""idx"": 358}, {""idx"": 666}, {""idx"": 791}]","[{""word"": ""動肉"", ""reading"": ""どうにく"", ""meaning"": ""(non-word)""}, {""word"": ""動茶"", ""reading"": ""どうちゃ"", ""meaning"": ""(non-word)""}, {""word"": ""動油"", ""reading"": ""どうゆ"", ""meaning"": ""(non-word)""}]",4,Actions,move; motion; change; confusion; shift; shake,力,｜ 一 日 力 里 ノ,11,false
259,合,"[{""idx"": 792}, {""idx"": 754}, {""idx"": 793}]","[{""word"": ""合肉"", ""reading"": ""ごうにく"", ""meaning"": ""(non-word)""}, {""word"": ""合茶"", ""reading"": ""ごうちゃ"", ""meaning"": ""(non-word)""}, {""word"": ""合油"", ""reading"": ""ごうゆ"", ""meaning"": ""(non-word)""}]",4,Actions,fit; suit; join; 0.1,口,口 𠆢 一,6,false
260,員,"[{""idx"": 223}, {""idx"": 794}, {""idx"": 214}]","[{""word"": ""員肉"", ""reading"": ""いんにく"", ""meaning"": ""(non-word)""}, {""word"": ""員茶"", ""reading"": ""いんちゃ"", ""meaning"": ""(non-word)""}, {""word"": ""員油"", ""reading"": ""いんゆ"", ""meaning"": ""(non-word)""}]",4,Humans & Family,employee; member; number; the one in charge,口,貝 目 ハ 口,10,false
261,砂,"[{""idx"": 372}, {""idx"": 795}]","[{""word"": ""砂肉"", ""reading"": ""さにく"", ""meaning"": ""(non-word)""}, {""word"": ""砂茶"", ""reading"": ""さちゃ"", ""meaning"": ""(non-word)""}, {""word"": ""砂油"", ""reading"": ""さゆ"", ""meaning"": ""(non-word)""}]",4,Dining,sand,石,ノ 口 小 石,9,false
262,旅,"[{""idx"": 238}, {""idx"": 796}, {""idx"": 736}]","[{""word"": ""旅肉"", ""reading"": ""りょにく"", ""meaning"": ""(non-word)""}, {""word"": ""旅茶"", ""reading"": ""りょちゃ"", ""meaning"": ""(non-word)""}, {""word"": ""旅油"", ""reading"": ""りょゆ"", ""meaning"": ""(non-word)""}]",4,Transport,trip; travel,方,ノ 方 𠂉,10,false
263,最,"[{""idx"": 696}, {""idx"": 537}, {""idx"": 296}]","[{""word"": ""最肉"", ""reading"": ""さいにく"", ""meaning"": ""(non-word)""}, {""word"": ""最茶"", ""reading"": ""さいちゃ"", ""meaning"": ""(non-word)""}, {""word"": ""最油"", ""reading"": ""さいゆ"", ""meaning"": ""(non-word)""}]",4,Descriptives,utmost; most; extreme,曰,一 耳 日 又,12,false
264,自,"[{""idx"": 123}, {""idx"": 377}, {""idx"": 376}]","[{""word"": ""自肉"", ""reading"": ""じにく"", ""meaning"": ""(non-word)""}, {""word"": ""自茶"", ""reading"": ""じちゃ"", ""meaning"": ""(non-word)""}, {""word"": ""自油"", ""reading"": ""じゆ"", ""meaning"": ""(non-word)""}]",4,Function Words,oneself,自,自 目,6,false
265,葉,"[{""idx"": 259}, {""idx"": 797}, {""idx"": 787}]","[{""word"": ""葉肉"", ""reading"": ""ようにく"", ""meaning"": ""(non-word)""}, {""word"": ""葉茶"", ""reading"": ""ようちゃ"", ""meaning"": ""(non-word)""}, {""word"": ""葉油"", ""reading"": ""ようゆ"", ""meaning"": ""(non-word)""}]",4,Nature,leaf; plane; lobe; needle; blade; spear; counter for flat things; fragment; piece,艸,木 世 艹,12,false
266,乗,"[{""idx"": 798}, {""idx"": 799}, {""idx"": 800}]","[{""word"": ""乗肉"", ""reading"": ""じょうにく"", ""meaning"": ""(non-word)""}, {""word"": ""乗茶"", ""reading"": ""じょうちゃ"", ""meaning"": ""(non-word)""}, {""word"": ""乗油"", ""reading"": ""じょうゆ"", ""meaning"": ""(non-word)""}]",4,Transport,ride; power; multiplication; record; counter for vehicles; board; mount; join,丿,｜ ノ 一 禾 ハ,9,false
267,供,"[{""idx"": 161}]","[{""word"": ""供肉"", ""reading"": ""きょうにく"", ""meaning"": ""(non-word)""}, {""word"": ""供茶"", ""reading"": ""きょうちゃ"", ""meaning"": ""(non-word)""}, {""word"": ""供油"", ""reading"": ""きょうゆ"", ""meaning"": ""(non-word)""}]",4,Humans & Family,submit; offer; present; serve (meal); accompany,人,｜ 一 亻 二 ハ,8,false
268,社,"[{""idx"": 613}, {""idx"": 322}]","[{""word"": ""社肉"", ""reading"": ""しゃにく"", ""meaning"": ""(non-word)""}, {""word"": ""社茶"", ""reading"": ""しゃちゃ"", ""meaning"": ""(non-word)""}, {""word"": ""社油"", ""reading"": ""しゃゆ"", ""meaning"": ""(non-word)""}]",4,City,company; firm; office; association; shrine,示,土 礻,7,false
269,者,"[{""idx"": 775}, {""idx"": 801}]","[{""word"": ""者肉"", ""reading"": ""しゃにく"", ""meaning"": ""(non-word)""}, {""word"": ""者茶"", ""reading"": ""しゃちゃ"", ""meaning"": ""(non-word)""}, {""word"": ""者油"", ""reading"": ""しゃゆ"", ""meaning"": ""(non-word)""}]",4,Humans & Family,someone; person,老,日 耂,8,false
270,親,"[{""idx"": 490}, {""idx"": 802}, {""idx"": 803}, {""idx"": 177}]","[{""word"": ""親肉"", ""reading"": ""しんにく"", ""meaning"": ""(non-word)""}, {""word"": ""親茶"", ""reading"": ""しんちゃ"", ""meaning"": ""(non-word)""}, {""word"": ""親油"", ""reading"": ""しんゆ"", ""meaning"": ""(non-word)""}]",4,Humans & Family,parent; intimacy; relative; familiarity; dealer (cards),見,見 辛 丷 木 立 亠,16,false
271,予,"[{""idx"": 499}, {""idx"": 660}]","[{""word"": ""予肉"", ""reading"": ""よにく"", ""meaning"": ""(non-word)""}, {""word"": ""予茶"", ""reading"": ""よちゃ"", ""meaning"": ""(non-word)""}, {""word"": ""予油"", ""reading"": ""よゆ"", ""meaning"": ""(non-word)""}]",4,Time,beforehand; previous; myself; I,亅,マ 一 亅,4,false
272,当,"[{""idx"": 302}, {""idx"": 804}]","[{""word"": ""当肉"", ""reading"": ""とうにく"", ""meaning"": ""(non-word)""}, {""word"": ""当茶"", ""reading"": ""とうちゃ"", ""meaning"": ""(non-word)""}, {""word"": ""当油"", ""reading"": ""とうゆ"", ""meaning"": ""(non-word)""}]",4,Function Words,hit; right; appropriate; himself,彐,ヨ ⺌,6,false
273,彼,"[{""idx"": 805}, {""idx"": 158}, {""idx"": 806}]","[{""word"": ""彼肉"", ""reading"": ""ひにく"", ""meaning"": ""(non-word)""}, {""word"": ""彼茶"", ""reading"": ""ひちゃ"", ""meaning"": ""(non-word)""}, {""word"": ""彼油"", ""reading"": ""ひゆ"", ""meaning"": ""(non-word)""}]",4,Humans & Family,he; that; the,彳,皮 又 彳,8,false
274,族,"[{""idx"": 228}, {""idx"": 807}]","[{""word"": ""族肉"", ""reading"": ""ぞくにく"", ""meaning"": ""(non-word)""}, {""word"": ""族茶"", ""reading"": ""ぞくちゃ"", ""meaning"": ""(non-word)""}, {""word"": ""族油"", ""reading"": ""ぞくゆ"", ""meaning"": ""(non-word)""}]",4,Humans & Family,tribe; family,方,方 矢 𠂉,11,false
275,昨,"[{""idx"": 808}, {""idx"": 809}, {""idx"": 810}]","[{""word"": ""昨肉"", ""reading"": ""さくにく"", ""meaning"": ""(non-word)""}, {""word"": ""昨茶"", ""reading"": ""さくちゃ"", ""meaning"": ""(non-word)""}, {""word"": ""昨油"", ""reading"": ""さくゆ"", ""meaning"": ""(non-word)""}]",4,Time,yesterday; previous,日,｜ ノ 日,9,false
276,束,"[{""idx"": 498}, {""idx"": 811}]","[{""word"": ""束肉"", ""reading"": ""そくにく"", ""meaning"": ""(non-word)""}, {""word"": ""束茶"", ""reading"": ""そくちゃ"", ""meaning"": ""(non-word)""}, {""word"": ""束油"", ""reading"": ""そくゆ"", ""meaning"": ""(non-word)""}]",4,Actions,bundle; sheaf; ream; tie in bundles; govern; manage; control,木,｜ 一 口 ハ 木,7,false
277,械,"[{""idx"": 426}]","[{""word"": ""械肉"", ""reading"": ""かいにく"", ""meaning"": ""(non-word)""}, {""word"": ""械茶"", ""reading"": ""かいちゃ"", ""meaning"": ""(non-word)""}, {""word"": ""械油"", ""reading"": ""かいゆ"", ""meaning"": ""(non-word)""}]",4,Transport,contraption; fetter; machine; instrument,木,木 廾 戈,11,false
278,民,"[{""idx"": 435}, {""idx"": 812}, {""idx"": 813}]","[{""word"": ""民肉"", ""reading"": ""みんにく"", ""meaning"": ""(non-word)""}, {""word"": ""民茶"", ""reading"": ""みんちゃ"", ""meaning"": ""(non-word)""}, {""word"": ""民油"", ""reading"": ""みんゆ"", ""meaning"": ""(non-word)""}]",4,Humans & Family,people; nation; subjects,氏,口 氏 尸,5,false
279,法,"[{""idx"": 454}, {""idx"": 814}]","[{""word"": ""法肉"", ""reading"": ""ほうにく"", ""meaning"": ""(non-word)""}, {""word"": ""法茶"", ""reading"": ""ほうちゃ"", ""meaning"": ""(non-word)""}, {""word"": ""法油"", ""reading"": ""ほうゆ"", ""meaning"": ""(non-word)""}]",4,Learning,method; law; rule; principle; model; system,水,氵 土 厶,8,false
280,港,"[{""idx"": 770}, {""idx"": 815}]","[{""word"": ""港肉"", ""reading"": ""こうにく"", ""meaning"": ""(non-word)""}, {""word"": ""港茶"", ""reading"": ""こうちゃ"", ""meaning"": ""(non-word)""}, {""word"": ""港油"", ""reading"": ""こうゆ"", ""meaning"": ""(non-word)""}]",4,Transport,harbor,水,氵 ハ 已 井,12,false
281,祖,"[{""idx"": 174}, {""idx"": 178}, {""idx"": 816}]","[{""word"": ""祖肉"", ""reading"": ""そにく"", ""meaning"": ""(non-word)""}, {""word"": ""祖茶"", ""reading"": ""そちゃ"", ""meaning"": ""(non-word)""}, {""word"": ""祖油"", ""reading"": ""そゆ"", ""meaning"": ""(non-word)""}]",4,Humans & Family,ancestor; pioneer; founder,示,一 目 礻,9,false
282,符,"[{""idx"": 431}, {""idx"": 817}]","[{""word"": ""符肉"", ""reading"": ""ふにく"", ""meaning"": ""(non-word)""}, {""word"": ""符茶"", ""reading"": ""ふちゃ"", ""meaning"": ""(non-word)""}, {""word"": ""符油"", ""reading"": ""ふゆ"", ""meaning"": ""(non-word)""}]",4,Transport,token; sign; mark; tally; charm,竹,亻 寸 竹 𠂉,11,false
283,舎,"[{""idx"": 761}, {""idx"": 818}]","[{""word"": ""舎肉"", ""reading"": ""しゃにく"", ""meaning"": ""(non-word)""}, {""word"": ""舎茶"", ""reading"": ""しゃちゃ"", ""meaning"": ""(non-word)""}, {""word"": ""舎油"", ""reading"": ""しゃゆ"", ""meaning"": ""(non-word)""}]",4,City,cottage; inn; hut; house; mansion,人,口 土 𠆢,8,false
284,花,"[{""idx"": 819}, {""idx"": 248}, {""idx"": 93}]","[{""word"": ""花肉"", ""reading"": ""かにく"", ""meaning"": ""(non-word)""}, {""word"": ""花茶"", ""reading"": ""かちゃ"", ""meaning"": ""(non-word)""}, {""word"": ""花油"", ""reading"": ""かゆ"", ""meaning"": ""(non-word)""}]",4,Nature,flower,艸,亻 匕 艹,7,false
285,術,"[{""idx"": 397}, {""idx"": 820}]","[{""word"": ""術肉"", ""reading"": ""じゅつにく"", ""meaning"": ""(non-word)""}, {""word"": ""術茶"", ""reading"": ""じゅつちゃ"", ""meaning"": ""(non-word)""}, {""word"": ""術油"", ""reading"": ""じゅつゆ"", ""meaning"": ""(non-word)""}]",4,Learning,art; technique; skill; means; trick; resources; magic,行,行 十 丶 彳 木,11,false
286,解,"[{""idx"": 724}, {""idx"": 821}, {""idx"": 822}]","[{""word"": ""解肉"", ""reading"": ""かいにく"", ""meaning"": ""(non-word)""}, {""word"": ""解茶"", ""reading"": ""かいちゃ"", ""meaning"": ""(non-word)""}, {""word"": ""解油"", ""reading"": ""かいゆ"", ""meaning"": ""(non-word)""}]",4,Learning,unravel; notes; key; explanation; understanding; untie; undo; solve; answer; cancel; absolve; explain; minute,角,角 牛 刀,13,false
287,説,"[{""idx"": 702}, {""idx"": 202}]","[{""word"": ""説肉"", ""reading"": ""せつにく"", ""meaning"": ""(non-word)""}, {""word"": ""説茶"", ""reading"": ""せつちゃ"", ""meaning"": ""(non-word)""}, {""word"": ""説油"", ""reading"": ""せつゆ"", ""meaning"": ""(non-word)""}]",4,Learning,opinion; theory; explanation; rumor,言,言 口 丷 儿,14,false
288,面,"[{""idx"": 389}, {""idx"": 823}]","[{""word"": ""面肉"", ""reading"": ""めんにく"", ""meaning"": ""(non-word)""}, {""word"": ""面茶"", ""reading"": ""めんちゃ"", ""meaning"": ""(non-word)""}, {""word"": ""面油"", ""reading"": ""めんゆ"", ""meaning"": ""(non-word)""}]",4,Descriptives,mask; face; features; surface,面,面,9,false
289,音,"[{""idx"": 824}, {""idx"": 783}, {""idx"": 864}, {""idx"": 902}]","[{""word"": ""音肉"", ""reading"": ""おんにく"", ""meaning"": ""(non-word)""}, {""word"": ""音茶"", ""reading"": ""おんちゃ"", ""meaning"": ""(non-word)""}, {""word"": ""音油"", ""reading"": ""おんゆ"", ""meaning"": ""(non-word)""}]",4,Learning,sound; noise,音,音 日 立,9,false
290,力,"[{""idx"": 825}, {""idx"": 577}, {""idx"": 826}]","[{""word"": ""力肉"", ""reading"": ""りきにく"", ""meaning"": ""(non-word)""}, {""word"": ""力茶"", ""reading"": ""りきちゃ"", ""meaning"": ""(non-word)""}, {""word"": ""力油"", ""reading"": ""りきゆ"", ""meaning"": ""(non-word)""}]",5,Body,power; strength; strong; strain; bear up; exert,力,力,2,false
291,計,"[{""idx"": 121}, {""idx"": 827}, {""idx"": 828}]","[{""word"": ""計肉"", ""reading"": ""けいにく"", ""meaning"": ""(non-word)""}, {""word"": ""計茶"", ""reading"": ""けいちゃ"", ""meaning"": ""(non-word)""}, {""word"": ""計油"", ""reading"": ""けいゆ"", ""meaning"": ""(non-word)""}]",5,Learning,plot; plan; scheme; measure,言,言 十,9,false
292,台,"[{""idx"": 458}, {""idx"": 829}]","[{""word"": ""台肉"", ""reading"": ""だいにく"", ""meaning"": ""(non-word)""}, {""word"": ""台茶"", ""reading"": ""だいちゃ"", ""meaning"": ""(non-word)""}, {""word"": ""台油"", ""reading"": ""だいゆ"", ""meaning"": ""(non-word)""}]",5,Dining,pedestal; a stand; counter for machines and vehicles,口,口 厶,5,false
293,映,"[{""idx"": 830}, {""idx"": 735}, {""idx"": 831}]","[{""word"": ""映肉"", ""reading"": ""えいにく"", ""meaning"": ""(non-word)""}, {""word"": ""映茶"", ""reading"": ""えいちゃ"", ""meaning"": ""(non-word)""}, {""word"": ""映油"", ""reading"": ""えいゆ"", ""meaning"": ""(non-word)""}]",5,City,reflect; reflection; projection,日,ノ 日 大 冖,9,false
294,画,"[{""idx"": 830}, {""idx"": 832}, {""idx"": 827}]","[{""word"": ""画肉"", ""reading"": ""がにく"", ""meaning"": ""(non-word)""}, {""word"": ""画茶"", ""reading"": ""がちゃ"", ""meaning"": ""(non-word)""}, {""word"": ""画油"", ""reading"": ""がゆ"", ""meaning"": ""(non-word)""}]",5,Learning,brush-stroke; picture,田,一 田 凵,8,false
295,風,"[{""idx"": 833}, {""idx"": 829}, {""idx"": 421}]","[{""word"": ""風肉"", ""reading"": ""ふうにく"", ""meaning"": ""(non-word)""}, {""word"": ""風茶"", ""reading"": ""ふうちゃ"", ""meaning"": ""(non-word)""}, {""word"": ""風油"", ""reading"": ""ふうゆ"", ""meaning"": ""(non-word)""}]",5,Nature,wind; air; style; manner,風,風 几 虫 ノ,9,false
296,黒,"[{""idx"": 834}, {""idx"": 835}, {""idx"": 836}]","[{""word"": ""黒肉"", ""reading"": ""こくにく"", ""meaning"": ""(non-word)""}, {""word"": ""黒茶"", ""reading"": ""こくちゃ"", ""meaning"": ""(non-word)""}, {""word"": ""黒油"", ""reading"": ""こくゆ"", ""meaning"": ""(non-word)""}]",5,Descriptives,black,黑,黒 里 灬,11,false
297,服,"[{""idx"": 837}, {""idx"": 773}]","[{""word"": ""服肉"", ""reading"": ""ふくにく"", ""meaning"": ""(non-word)""}, {""word"": ""服茶"", ""reading"": ""ふくちゃ"", ""meaning"": ""(non-word)""}, {""word"": ""服油"", ""reading"": ""ふくゆ"", ""meaning"": ""(non-word)""}]",5,Shopping,clothing; admit; obey; discharge,月,月 又 卩,8,false
298,働,"[{""idx"": 838}, {""idx"": 839}]","[{""word"": ""働肉"", ""reading"": ""どうにく"", ""meaning"": ""(non-word)""}, {""word"": ""働茶"", ""reading"": ""どうちゃ"", ""meaning"": ""(non-word)""}, {""word"": ""働油"", ""reading"": ""どうゆ"", ""meaning"": ""(non-word)""}]",5,Actions,work; (kokuji),人,｜ 一 亻 力 日 ノ,13,false
299,番,"[{""idx"": 840}, {""idx"": 841}, {""idx"": 842}]","[{""word"": ""番肉"", ""reading"": ""ばんにく"", ""meaning"": ""(non-word)""}, {""word"": ""番茶"", ""reading"": ""ばんちゃ"", ""meaning"": ""(non-word)""}, {""word"": ""番油"", ""reading"": ""ばんゆ"", ""meaning"": ""(non-word)""}]",5,Numbers,turn; number in a series,田,田 釆 米,12,false
300,決,"[{""idx"": 843}, {""idx"": 844}, {""idx"": 845}]","[{""word"": ""決肉"", ""reading"": ""けつにく"", ""meaning"": ""(non-word)""}, {""word"": ""決茶"", ""reading"": ""けつちゃ"", ""meaning"": ""(non-word)""}, {""word"": ""決油"", ""reading"": ""けつゆ"", ""meaning"": ""(non-word)""}]",5,Actions,decide; fix; agree upon; appoint,水,氵 人 大 二 ユ,7,false
301,宿,"[{""idx"": 748}, {""idx"": 846}, {""idx"": 813}]","[{""word"": ""宿肉"", ""reading"": ""しゅくにく"", ""meaning"": ""(non-word)""}, {""word"": ""宿茶"", ""reading"": ""しゅくちゃ"", ""meaning"": ""(non-word)""}, {""word"": ""宿油"", ""reading"": ""しゅくゆ"", ""meaning"": ""(non-word)""}]",5,City,inn; lodging; relay station; dwell; lodge; be pregnant; home; dwelling,宀,亻 白 宀,11,false
302,結,"[{""idx"": 847}, {""idx"": 353}]","[{""word"": ""結肉"", ""reading"": ""けつにく"", ""meaning"": ""(non-word)""}, {""word"": ""結茶"", ""reading"": ""けつちゃ"", ""meaning"": ""(non-word)""}, {""word"": ""結油"", ""reading"": ""けつゆ"", ""meaning"": ""(non-word)""}]",5,Actions,tie; bind; contract; join; organize; do up hair; fasten,糸,口 士 糸 幺 小,12,false
303,実,"[{""idx"": 848}, {""idx"": 755}, {""idx"": 354}, {""idx"": 849}]","[{""word"": ""実肉"", ""reading"": ""じつにく"", ""meaning"": ""(non-word)""}, {""word"": ""実茶"", ""reading"": ""じつちゃ"", ""meaning"": ""(non-word)""}, {""word"": ""実油"", ""reading"": ""じつゆ"", ""meaning"": ""(non-word)""}]",5,Nature,reality; truth; seed; fruit; nut,宀,士 大 宀,8,false
304,授,"[{""idx"": 781}, {""idx"": 850}]","[{""word"": ""授肉"", ""reading"": ""じゅにく"", ""meaning"": ""(non-word)""}, {""word"": ""授茶"", ""reading"": ""じゅちゃ"", ""meaning"": ""(non-word)""}, {""word"": ""授油"", ""reading"": ""じゅゆ"", ""meaning"": ""(non-word)""}]",5,Learning,impart; instruct; grant; confer,手,爪 又 冖 扌,11,false
305,冷,"[{""idx"": 851}, {""idx"": 852}, {""idx"": 365}]","[{""word"": ""冷肉"", ""reading"": ""れいにく"", ""meaning"": ""(non-word)""}, {""word"": ""冷茶"", ""reading"": ""れいちゃ"", ""meaning"": ""(non-word)""}, {""word"": ""冷油"", ""reading"": ""れいゆ"", ""meaning"": ""(non-word)""}]",5,Descriptives,"cool; cold (beer, person); chill",冫,𠆢 冫 卩 一,7,false
306,卒,"[{""idx"": 782}]","[{""word"": ""卒肉"", ""reading"": ""そつにく"", ""meaning"": ""(non-word)""}, {""word"": ""卒茶"", ""reading"": ""そつちゃ"", ""meaning"": ""(non-word)""}, {""word"": ""卒油"", ""reading"": ""そつゆ"", ""meaning"": ""(non-word)""}]",5,Learning,graduate; soldier; private; die,十,十 人 亠,8,false
307,犬,"[{""idx"": 857}, {""idx"": 858}, {""idx"": 859}]","[{""word"": ""犬肉"", ""reading"": ""けんにく"", ""meaning"": ""(non-word)""}, {""word"": ""犬茶"", ""reading"": ""けんちゃ"", ""meaning"": ""(non-word)""}, {""word"": ""犬油"", ""reading"": ""けんゆ"", ""meaning"": ""(non-word)""}]",6,Nature,dog,犬,犬 大 丶,4,false
308,猫,"[{""idx"": 860}, {""idx"": 861}, {""idx"": 862}]","[{""word"": ""猫肉"", ""reading"": ""びょうにく"", ""meaning"": ""(non-word)""}, {""word"": ""猫茶"", ""reading"": ""びょうちゃ"", ""meaning"": ""(non-word)""}, {""word"": ""猫油"", ""reading"": ""びょうゆ"", ""meaning"": ""(non-word)""}]",6,Nature,cat,犬,田 犭 艹,11,false
309,楽,"[{""idx"": 863}, {""idx"": 864}, {""idx"": 865}, {""idx"": 866}]","[{""word"": ""楽肉"", ""reading"": ""がくにく"", ""meaning"": ""(non-word)""}, {""word"": ""楽茶"", ""reading"": ""がくちゃ"", ""meaning"": ""(non-word)""}, {""word"": ""楽油"", ""reading"": ""がくゆ"", ""meaning"": ""(non-word)""}]",6,Descriptives,music; comfort; ease,木,白 木 冫,13,false
310,寝,"[{""idx"": 867}, {""idx"": 868}, {""idx"": 869}, {""idx"": 870}]","[{""word"": ""寝肉"", ""reading"": ""しんにく"", ""meaning"": ""(non-word)""}, {""word"": ""寝茶"", ""reading"": ""しんちゃ"", ""meaning"": ""(non-word)""}, {""word"": ""寝油"", ""reading"": ""しんゆ"", ""meaning"": ""(non-word)""}]",6,Actions,lie down; sleep; rest; bed; remain unsold,宀,ヨ 又 冖 宀 爿,13,false
311,遊,"[{""idx"": 871}, {""idx"": 872}, {""idx"": 873}, {""idx"": 874}]","[{""word"": ""遊肉"", ""reading"": ""ゆうにく"", ""meaning"": ""(non-word)""}, {""word"": ""遊茶"", ""reading"": ""ゆうちゃ"", ""meaning"": ""(non-word)""}, {""word"": ""遊油"", ""reading"": ""ゆうゆ"", ""meaning"": ""(non-word)""}]",6,Actions,play,辵,辶 子 方 𠂉,12,false
312,顔,"[{""idx"": 875}, {""idx"": 876}, {""idx"": 877}]","[{""word"": ""顔肉"", ""reading"": ""がんにく"", ""meaning"": ""(non-word)""}, {""word"": ""顔茶"", ""reading"": ""がんちゃ"", ""meaning"": ""(non-word)""}, {""word"": ""顔油"", ""reading"": ""がんゆ"", ""meaning"": ""(non-word)""}]",6,Body,face; expression,頁,貝 目 ハ 頁 立 亠 厂 彡,18,false
313,声,"[{""idx"": 878}, {""idx"": 879}, {""idx"": 880}, {""idx"": 881}]","[{""word"": ""声肉"", ""reading"": ""せいにく"", ""meaning"": ""(non-word)""}, {""word"": ""声茶"", ""reading"": ""せいちゃ"", ""meaning"": ""(non-word)""}, {""word"": ""声油"", ""reading"": ""せいゆ"", ""meaning"": ""(non-word)""}]",6,Body,voice,士,士 尸,7,false
314,痛,"[{""idx"": 882}, {""idx"": 883}, {""idx"": 884}]","[{""word"": ""痛肉"", ""reading"": ""つうにく"", ""meaning"": ""(non-word)""}, {""word"": ""痛茶"", ""reading"": ""つうちゃ"", ""meaning"": ""(non-word)""}, {""word"": ""痛油"", ""reading"": ""つうゆ"", ""meaning"": ""(non-word)""}]",6,Body,pain; hurt; damage; bruise,疒,用 疒 マ,12,false
315,寒,"[{""idx"": 885}, {""idx"": 886}, {""idx"": 887}]","[{""word"": ""寒肉"", ""reading"": ""かんにく"", ""meaning"": ""(non-word)""}, {""word"": ""寒茶"", ""reading"": ""かんちゃ"", ""meaning"": ""(non-word)""}, {""word"": ""寒油"", ""reading"": ""かんゆ"", ""meaning"": ""(non-word)""}]",6,Descriptives,cold,宀,一 ハ 宀 丶 井,12,false
316,暑,"[{""idx"": 888}, {""idx"": 889}]","[{""word"": ""暑肉"", ""reading"": ""しょにく"", ""meaning"": ""(non-word)""}, {""word"": ""暑茶"", ""reading"": ""しょちゃ"", ""meaning"": ""(non-word)""}, {""word"": ""暑油"", ""reading"": ""しょゆ"", ""meaning"": ""(non-word)""}]",6,Descriptives,sultry; hot; summer heat,日,日 耂,12,false
