idx,word,examples,phrases,distractors,batch,category,meanings,note,etymology,script,rare_kanji,complexity,retired
1,ある,"[{""word"": ""時間がある"", ""reading"": ""じかんがある"", ""meaning"": ""to have time"", ""tags"": []}]","[{""word"": ""時間がある"", ""reading"": ""じかんがある"", ""meaning"": ""to have time"", ""tags"": []}, {""word"": ""お金がある"", ""reading"": ""おかねがある"", ""meaning"": ""to have money""}, {""word"": ""駅の前にある"", ""reading"": ""えきのまえにある"", ""meaning"": ""to be in front of the station""}]",[],1,Actions,to exist / to have (inanimate),,native Japanese,hiragana,有る,2,false
2,いる,"[{""word"": ""家にいる"", ""reading"": ""いえにいる"", ""meaning"": ""to be at home"", ""tags"": []}]","[{""word"": ""家にいる"", ""reading"": ""いえにいる"", ""meaning"": ""to be at home"", ""tags"": []}, {""word"": ""犬がいる"", ""reading"": ""いぬがいる"", ""meaning"": ""there is a dog""}, {""word"": ""友達といる"", ""reading"": ""ともだちといる"", ""meaning"": ""to be with a friend""}]",[],1,Actions,to exist (animate),,native Japanese,hiragana,居る,2,false
3,できる,"[{""word"": ""日本語ができる"", ""reading"": ""にほんごができる"", ""meaning"": ""to be able to speak Japanese"", ""tags"": []}]","[{""word"": ""日本語ができる"", ""reading"": ""にほんごができる"", ""meaning"": ""to be able to speak Japanese"", ""tags"": []}, {""word"": ""運転ができる"", ""reading"": ""うんてんができる"", ""meaning"": ""can drive""}, {""word"": ""よくできる"", ""reading"": ""よくできる"", ""meaning"": ""to do well""}]","[{""word"": ""てきる"", ""reading"": ""てきる"", ""meaning"": ""(non-word)""}, {""word"": ""でぎる"", ""reading"": ""でぎる"", ""meaning"": ""(non-word)""}, {""word"": ""できっる"", ""reading"": ""できっる"", ""meaning"": ""(non-word)""}]",1,Actions,to be able to,,native Japanese,hiragana,出来る,3,false
4,なる,"[{""word"": ""医者になる"", ""reading"": ""いしゃになる"", ""meaning"": ""to become a doctor"", ""tags"": []}]","[{""word"": ""医者になる"", ""reading"": ""いしゃになる"", ""meaning"": ""to become a doctor"", ""tags"": []}, {""word"": ""大きくなる"", ""reading"": ""おおきくなる"", ""meaning"": ""to get big""}, {""word"": ""春になる"", ""reading"": ""はるになる"", ""meaning"": ""to become spring""}]",[],1,Actions,to become,,native Japanese,hiragana,成る,2,false
5,やる,"[{""word"": ""宿題をやる"", ""reading"": ""しゅくだいをやる"", ""meaning"": ""to do homework"", ""tags"": []}]","[{""word"": ""宿題をやる"", ""reading"": ""しゅくだいをやる"", ""meaning"": ""to do homework"", ""tags"": []}, {""word"": ""仕事をやる"", ""reading"": ""しごとをやる"", ""meaning"": ""to do work""}, {""word"": ""先にやる"", ""reading"": ""さきにやる"", ""meaning"": ""to do first""}]",[],1,Actions,to do,,native Japanese,hiragana,遣る,2,false
6,くれる,"[{""word"": ""友だちがくれた"", ""reading"": ""ともだちがくれた"", ""meaning"": ""a friend gave it to me"", ""tags"": []}]","[{""word"": ""友だちがくれた"", ""reading"": ""ともだちがくれた"", ""meaning"": ""a friend gave it to me"", ""tags"": []}, {""word"": ""教えてくれる"", ""reading"": ""おしえてくれる"", ""meaning"": ""to teach me""}, {""word"": ""本をくれる"", ""reading"": ""ほんをくれる"", ""meaning"": ""to give me a book""}]","[{""word"": ""ぐれる"", ""reading"": ""ぐれる"", ""meaning"": ""(non-word)""}, {""word"": ""くれっる"", ""reading"": ""くれっる"", ""meaning"": ""(non-word)""}, {""word"": ""くれ"", ""reading"": ""くれ"", ""meaning"": ""(non-word)""}]",1,Actions,to give (to me/us),,native Japanese,hiragana,呉れる,3,false
7,もらう,"[{""word"": ""お金をもらう"", ""reading"": ""おかねをもらう"", ""meaning"": ""to receive money"", ""tags"": []}]","[{""word"": ""お金をもらう"", ""reading"": ""おかねをもらう"", ""meaning"": ""to receive money"", ""tags"": []}, {""word"": ""手紙をもらう"", ""reading"": ""てがみをもらう"", ""meaning"": ""to get a letter""}, {""word"": ""教えてもらう"", ""reading"": ""おしえてもらう"", ""meaning"": ""to have it explained""}]","[{""word"": ""もらっう"", ""reading"": ""もらっう"", ""meaning"": ""(non-word)""}, {""word"": ""もら"", ""reading"": ""もら"", ""meaning"": ""(non-word)""}]",1,Actions,to receive,,native Japanese,hiragana,貰う,3,false
8,しまう,"[{""word"": ""食べてしまう"", ""reading"": ""たべてしまう"", ""meaning"": ""to end up eating"", ""tags"": []}]","[{""word"": ""食べてしまう"", ""reading"": ""たべてしまう"", ""meaning"": ""to end up eating"", ""tags"": []}, {""word"": ""飲んでしまう"", ""reading"": ""のんでしまう"", ""meaning"": ""to drink it all up""}, {""word"": ""売ってしまう"", ""reading"": ""うってしまう"", ""meaning"": ""to end up selling""}]","[{""word"": ""じまう"", ""reading"": ""じまう"", ""meaning"": ""(non-word)""}, {""word"": ""しまっう"", ""reading"": ""しまっう"", ""meaning"": ""(non-word)""}, {""word"": ""しま"", ""reading"": ""しま"", ""meaning"": ""(non-word)""}]",1,Actions,to put away / end up doing,,native Japanese,hiragana,仕舞う,3,false
9,ごまかす,"[{""word"": ""年をごまかす"", ""reading"": ""としをごまかす"", ""meaning"": ""to lie about one's age"", ""tags"": []}]","[{""word"": ""年をごまかす"", ""reading"": ""としをごまかす"", ""meaning"": ""to lie about one's age"", ""tags"": []}, {""word"": ""自分をごまかす"", ""reading"": ""じぶんをごまかす"", ""meaning"": ""to fool oneself""}, {""word"": ""話をごまかす"", ""reading"": ""はなしをごまかす"", ""meaning"": ""to dodge the topic""}]","[{""word"": ""こまかす"", ""reading"": ""こまかす"", ""meaning"": ""(non-word)""}, {""word"": ""ごまがす"", ""reading"": ""ごまがす"", ""meaning"": ""(non-word)""}, {""word"": ""ごまかず"", ""reading"": ""ごまかず"", ""meaning"": ""(non-word)""}]",1,Actions,to deceive / gloss over,,native Japanese,hiragana,誤魔化す,4,false
10,ふざける,"[{""word"": ""ふざけないで"", ""reading"": ""ふざけないで"", ""meaning"": ""stop joking around"", ""tags"": []}]","[{""word"": ""ふざけないで"", ""reading"": ""ふざけないで"", ""meaning"": ""stop joking around"", ""tags"": []}, {""word"": ""ふざけて言う"", ""reading"": ""ふざけていう"", ""meaning"": ""to say jokingly""}, {""word"": ""授業中にふざける"", ""reading"": ""じゅぎょうちゅうにふざける"", ""meaning"": ""to goof off in class""}]","[{""word"": ""ぶざける"", ""reading"": ""ぶざける"", ""meaning"": ""(non-word)""}, {""word"": ""ふさける"", ""reading"": ""ふさける"", ""meaning"": ""(non-word)""}, {""word"": ""ふざげる"", ""reading"": ""ふざげる"", ""meaning"": ""(non-word)""}]",1,Actions,to joke around,,native Japanese,hiragana,巫山戯る,4,false
11,おごる,"[{""word"": ""昼ご飯をおごる"", ""reading"": ""ひるごはんをおごる"", ""meaning"": ""to treat someone to lunch"", ""tags"": []}]","[{""word"": ""昼ご飯をおごる"", ""reading"": ""ひるごはんをおごる"", ""meaning"": ""to treat someone to lunch"", ""tags"": []}, {""word"": ""昼をおごる"", ""reading"": ""ひるをおごる"", ""meaning"": ""to treat to lunch""}, {""word"": ""友達におごる"", ""reading"": ""ともだちにおごる"", ""meaning"": ""to treat a friend""}]","[{""word"": ""おこる"", ""reading"": ""おこる"", ""meaning"": ""(non-word)""}, {""word"": ""おごっる"", ""reading"": ""おごっる"", ""meaning"": ""(non-word)""}, {""word"": ""おご"", ""reading"": ""おご"", ""meaning"": ""(non-word)""}]",1,Actions,to treat someone (pay),,native Japanese,hiragana,奢る,3,false
12,いじめる,"[{""word"": ""弟をいじめる"", ""reading"": ""おとうとをいじめる"", ""meaning"": ""to pick on one's little brother"", ""tags"": []}]","[{""word"": ""弟をいじめる"", ""reading"": ""おとうとをいじめる"", ""meaning"": ""to pick on one's little brother"", ""tags"": []}, {""word"": ""いじめないで"", ""reading"": ""いじめないで"", ""meaning"": ""dont bully""}, {""word"": ""動物をいじめる"", ""reading"": ""どうぶつをいじめる"", ""meaning"": ""to mistreat animals""}]","[{""word"": ""いしめる"", ""reading"": ""いしめる"", ""meaning"": ""(non-word)""}, {""word"": ""いじっめる"", ""reading"": ""いじっめる"", ""meaning"": ""(non-word)""}, {""word"": ""いじめ"", ""reading"": ""いじめ"", ""meaning"": ""(non-word)""}]",1,Actions,to bully,,native Japanese,hiragana,苛める,4,false
13,つまずく,"[{""word"": ""よくつまずく"", ""reading"": ""よくつまずく"", ""meaning"": ""to trip often"", ""tags"": []}]","[{""word"": ""よくつまずく"", ""reading"": ""よくつまずく"", ""meaning"": ""to trip often""}, {""word"": ""何かにつまずく"", ""reading"": ""なにかにつまずく"", ""meaning"": ""to trip on something""}, {""word"": ""道でつまずく"", ""reading"": ""みちでつまずく"", ""meaning"": ""to stumble in the street""}]","[{""word"": ""づまずく"", ""reading"": ""づまずく"", ""meaning"": ""(non-word)""}, {""word"": ""つますく"", ""reading"": ""つますく"", ""meaning"": ""(non-word)""}, {""word"": ""つまずぐ"", ""reading"": ""つまずぐ"", ""meaning"": ""(non-word)""}]",1,Actions,to trip / stumble,,native Japanese,hiragana,躓く,4,false
14,しゃがむ,"[{""word"": ""道にしゃがむ"", ""reading"": ""みちにしゃがむ"", ""meaning"": ""to crouch on the street"", ""tags"": []}]","[{""word"": ""道にしゃがむ"", ""reading"": ""みちにしゃがむ"", ""meaning"": ""to crouch on the street"", ""tags"": []}, {""word"": ""急にしゃがむ"", ""reading"": ""きゅうにしゃがむ"", ""meaning"": ""to crouch suddenly""}, {""word"": ""下にしゃがむ"", ""reading"": ""したにしゃがむ"", ""meaning"": ""to squat down""}]","[{""word"": ""じゃがむ"", ""reading"": ""じゃがむ"", ""meaning"": ""(non-word)""}, {""word"": ""しゃかむ"", ""reading"": ""しゃかむ"", ""meaning"": ""(non-word)""}, {""word"": ""しゃっがむ"", ""reading"": ""しゃっがむ"", ""meaning"": ""(non-word)""}]",1,Actions,to squat,,native Japanese,hiragana,踞む,4,false
15,すごい,"[{""word"": ""すごい雨"", ""reading"": ""すごいあめ"", ""meaning"": ""incredible rain"", ""tags"": []}]","[{""word"": ""すごい雨"", ""reading"": ""すごいあめ"", ""meaning"": ""incredible rain"", ""tags"": []}, {""word"": ""すごい力"", ""reading"": ""すごいちから"", ""meaning"": ""amazing strength""}, {""word"": ""すごい人"", ""reading"": ""すごいひと"", ""meaning"": ""an amazing person""}]","[{""word"": ""ずごい"", ""reading"": ""ずごい"", ""meaning"": ""(non-word)""}, {""word"": ""すこい"", ""reading"": ""すこい"", ""meaning"": ""(non-word)""}, {""word"": ""すごっい"", ""reading"": ""すごっい"", ""meaning"": ""(non-word)""}]",1,Descriptives,amazing,,native Japanese,hiragana,凄い,3,false
16,きれい,"[{""word"": ""きれいな町"", ""reading"": ""きれいなまち"", ""meaning"": ""a pretty town"", ""tags"": []}]","[{""word"": ""きれいな町"", ""reading"": ""きれいなまち"", ""meaning"": ""a pretty town"", ""tags"": []}, {""word"": ""きれいな花"", ""reading"": ""きれいなはな"", ""meaning"": ""a pretty flower""}, {""word"": ""きれいな海"", ""reading"": ""きれいなうみ"", ""meaning"": ""a beautiful sea""}]","[{""word"": ""ぎれい"", ""reading"": ""ぎれい"", ""meaning"": ""(non-word)""}, {""word"": ""きれっい"", ""reading"": ""きれっい"", ""meaning"": ""(non-word)""}, {""word"": ""きれ"", ""reading"": ""きれ"", ""meaning"": ""(non-word)""}]",1,Descriptives,pretty / clean,,"Sino-Japanese (綺麗, from Chinese)",hiragana,綺麗,3,false
17,かわいい,"[{""word"": ""かわいい子"", ""reading"": ""かわいいこ"", ""meaning"": ""a cute kid"", ""tags"": []}]","[{""word"": ""かわいい子"", ""reading"": ""かわいいこ"", ""meaning"": ""a cute kid"", ""tags"": []}, {""word"": ""かわいい犬"", ""reading"": ""かわいいいぬ"", ""meaning"": ""a cute dog""}, {""word"": ""かわいい服"", ""reading"": ""かわいいふく"", ""meaning"": ""cute clothes""}]","[{""word"": ""がわいい"", ""reading"": ""がわいい"", ""meaning"": ""(non-word)""}, {""word"": ""かわっいい"", ""reading"": ""かわっいい"", ""meaning"": ""(non-word)""}, {""word"": ""かわい"", ""reading"": ""かわい"", ""meaning"": ""(non-word)""}]",1,Descriptives,cute,,native Japanese,hiragana,可愛い,4,false
18,うるさい,"[{""word"": ""うるさい店"", ""reading"": ""うるさいみせ"", ""meaning"": ""a noisy shop"", ""tags"": []}]","[{""word"": ""うるさい店"", ""reading"": ""うるさいみせ"", ""meaning"": ""a noisy shop"", ""tags"": []}, {""word"": ""うるさい音"", ""reading"": ""うるさいおと"", ""meaning"": ""a loud noise""}, {""word"": ""うるさい車"", ""reading"": ""うるさいくるま"", ""meaning"": ""a noisy car""}]","[{""word"": ""うるざい"", ""reading"": ""うるざい"", ""meaning"": ""(non-word)""}, {""word"": ""うるっさい"", ""reading"": ""うるっさい"", ""meaning"": ""(non-word)""}, {""word"": ""うるさ"", ""reading"": ""うるさ"", ""meaning"": ""(non-word)""}]",1,Descriptives,noisy / annoying,,native Japanese,hiragana,煩い,4,false
19,ひどい,"[{""word"": ""ひどい天気"", ""reading"": ""ひどいてんき"", ""meaning"": ""terrible weather"", ""tags"": []}]","[{""word"": ""ひどい天気"", ""reading"": ""ひどいてんき"", ""meaning"": ""terrible weather"", ""tags"": []}, {""word"": ""ひどい日"", ""reading"": ""ひどいひ"", ""meaning"": ""an awful day""}, {""word"": ""ひどい話"", ""reading"": ""ひどいはなし"", ""meaning"": ""a terrible story""}]","[{""word"": ""びどい"", ""reading"": ""びどい"", ""meaning"": ""(non-word)""}, {""word"": ""ひとい"", ""reading"": ""ひとい"", ""meaning"": ""(non-word)""}, {""word"": ""ひどっい"", ""reading"": ""ひどっい"", ""meaning"": ""(non-word)""}]",1,Descriptives,terrible,,native Japanese,hiragana,酷い,3,false
20,うまい,"[{""word"": ""うまい魚"", ""reading"": ""うまいさかな"", ""meaning"": ""delicious fish"", ""tags"": []}]","[{""word"": ""うまい魚"", ""reading"": ""うまいさかな"", ""meaning"": ""delicious fish"", ""tags"": []}, {""word"": ""うまい肉"", ""reading"": ""うまいにく"", ""meaning"": ""tasty meat""}, {""word"": ""うまい話"", ""reading"": ""うまいはなし"", ""meaning"": ""a too-good story""}]","[{""word"": ""うまっい"", ""reading"": ""うまっい"", ""meaning"": ""(non-word)""}, {""word"": ""うま"", ""reading"": ""うま"", ""meaning"": ""(non-word)""}]",1,Descriptives,tasty / skillful,,native Japanese,hiragana,旨い,3,false
21,まずい,"[{""word"": ""まずい酒"", ""reading"": ""まずいさけ"", ""meaning"": ""bad-tasting sake"", ""tags"": []}]","[{""word"": ""まずい酒"", ""reading"": ""まずいさけ"", ""meaning"": ""bad-tasting sake"", ""tags"": []}, {""word"": ""まずい茶"", ""reading"": ""まずいちゃ"", ""meaning"": ""bad tea""}, {""word"": ""まずい時"", ""reading"": ""まずいとき"", ""meaning"": ""a bad moment""}]","[{""word"": ""ますい"", ""reading"": ""ますい"", ""meaning"": ""(non-word)""}, {""word"": ""まずっい"", ""reading"": ""まずっい"", ""meaning"": ""(non-word)""}, {""word"": ""まず"", ""reading"": ""まず"", ""meaning"": ""(non-word)""}]",1,Descriptives,bad-tasting / bad (situation),,native Japanese,hiragana,不味い,3,false
22,ずるい,"[{""word"": ""ずるい人"", ""reading"": ""ずるいひと"", ""meaning"": ""a sneaky person"", ""tags"": []}]","[{""word"": ""ずるい人"", ""reading"": ""ずるいひと"", ""meaning"": ""a sneaky person"", ""tags"": []}, {""word"": ""ずるい答え"", ""reading"": ""ずるいこたえ"", ""meaning"": ""a sneaky answer""}, {""word"": ""ずるい仕方"", ""reading"": ""ずるいしかた"", ""meaning"": ""an unfair method""}]","[{""word"": ""するい"", ""reading"": ""するい"", ""meaning"": ""(non-word)""}, {""word"": ""ずるっい"", ""reading"": ""ずるっい"", ""meaning"": ""(non-word)""}, {""word"": ""ずる"", ""reading"": ""ずる"", ""meaning"": ""(non-word)""}]",1,Descriptives,sneaky / unfair,,native Japanese,hiragana,狡い,3,false
23,もったいない,"[{""word"": ""時間がもったいない"", ""reading"": ""じかんがもったいない"", ""meaning"": ""a waste of time"", ""tags"": []}]","[{""word"": ""時間がもったいない"", ""reading"": ""じかんがもったいない"", ""meaning"": ""a waste of time"", ""tags"": []}, {""word"": ""もったいない話"", ""reading"": ""もったいないはなし"", ""meaning"": ""a wasteful affair""}, {""word"": ""もったいないこと"", ""reading"": ""もったいないこと"", ""meaning"": ""a wasteful thing""}]","[{""word"": ""もっだいない"", ""reading"": ""もっだいない"", ""meaning"": ""(non-word)""}, {""word"": ""もたいない"", ""reading"": ""もたいない"", ""meaning"": ""(non-word)""}, {""word"": ""もったいな"", ""reading"": ""もったいな"", ""meaning"": ""(non-word)""}]",1,Descriptives,wasteful,,native Japanese,hiragana,勿体無い,6,false
24,ばか,"[{""word"": ""ばかなこと"", ""reading"": ""ばかなこと"", ""meaning"": ""a stupid thing"", ""tags"": []}]","[{""word"": ""ばかなこと"", ""reading"": ""ばかなこと"", ""meaning"": ""a stupid thing"", ""tags"": []}, {""word"": ""ばかな話"", ""reading"": ""ばかなはなし"", ""meaning"": ""a silly story""}, {""word"": ""ばかに高い"", ""reading"": ""ばかにたかい"", ""meaning"": ""absurdly expensive""}]","[{""word"": ""はか"", ""reading"": ""はか"", ""meaning"": ""(non-word)""}, {""word"": ""ばが"", ""reading"": ""ばが"", ""meaning"": ""(non-word)""}]",1,Descriptives,fool / stupid,,,hiragana,馬鹿,2,false
25,だめ,"[{""word"": ""だめな日"", ""reading"": ""だめなひ"", ""meaning"": ""a no-good day"", ""tags"": []}]","[{""word"": ""だめな日"", ""reading"": ""だめなひ"", ""meaning"": ""a no-good day"", ""tags"": []}, {""word"": ""だめな答え"", ""reading"": ""だめなこたえ"", ""meaning"": ""a no-good answer""}, {""word"": ""だめになる"", ""reading"": ""だめになる"", ""meaning"": ""to go bad""}]","[{""word"": ""ため"", ""reading"": ""ため"", ""meaning"": ""(non-word)""}]",1,Descriptives,no good / not allowed,,"Sino-Japanese (駄目, from Chinese)",hiragana,駄目,2,false
26,けち,"[{""word"": ""けちな人"", ""reading"": ""けちなひと"", ""meaning"": ""a stingy person"", ""tags"": []}]","[{""word"": ""けちな人"", ""reading"": ""けちなひと"", ""meaning"": ""a stingy person"", ""tags"": []}, {""word"": ""けちになる"", ""reading"": ""けちになる"", ""meaning"": ""to turn stingy""}, {""word"": ""けちな話"", ""reading"": ""けちなはなし"", ""meaning"": ""a stingy affair""}]","[{""word"": ""げち"", ""reading"": ""げち"", ""meaning"": ""(non-word)""}, {""word"": ""けぢ"", ""reading"": ""けぢ"", ""meaning"": ""(non-word)""}]",1,Descriptives,stingy,,native Japanese,hiragana,吝嗇,2,false
27,わがまま,"[{""word"": ""わがままな子"", ""reading"": ""わがままなこ"", ""meaning"": ""a selfish child"", ""tags"": []}]","[{""word"": ""わがままな子"", ""reading"": ""わがままなこ"", ""meaning"": ""a selfish child"", ""tags"": []}, {""word"": ""わがままな人"", ""reading"": ""わがままなひと"", ""meaning"": ""a selfish person""}, {""word"": ""わがままを言う"", ""reading"": ""わがままをいう"", ""meaning"": ""to act spoiled""}]","[{""word"": ""わかまま"", ""reading"": ""わかまま"", ""meaning"": ""(non-word)""}, {""word"": ""わがっまま"", ""reading"": ""わがっまま"", ""meaning"": ""(non-word)""}, {""word"": ""わがま"", ""reading"": ""わがま"", ""meaning"": ""(non-word)""}]",1,Descriptives,selfish,,native Japanese,hiragana,我儘,4,false
28,でたらめ,"[{""word"": ""でたらめな話"", ""reading"": ""でたらめなはなし"", ""meaning"": ""a made-up story"", ""tags"": []}]","[{""word"": ""でたらめな話"", ""reading"": ""でたらめなはなし"", ""meaning"": ""a made-up story"", ""tags"": []}, {""word"": ""でたらめを言う"", ""reading"": ""でたらめをいう"", ""meaning"": ""to talk nonsense""}, {""word"": ""でたらめな答え"", ""reading"": ""でたらめなこたえ"", ""meaning"": ""a nonsense answer""}]","[{""word"": ""てたらめ"", ""reading"": ""てたらめ"", ""meaning"": ""(non-word)""}, {""word"": ""でだらめ"", ""reading"": ""でだらめ"", ""meaning"": ""(non-word)""}, {""word"": ""でたっらめ"", ""reading"": ""でたっらめ"", ""meaning"": ""(non-word)""}]",1,Descriptives,nonsense / made-up,,native Japanese,hiragana,出鱈目,4,false
29,いたずら,"[{""word"": ""いたずらをする"", ""reading"": ""いたずらをする"", ""meaning"": ""to play a prank"", ""tags"": []}]","[{""word"": ""いたずらをする"", ""reading"": ""いたずらをする"", ""meaning"": ""to play a prank"", ""tags"": []}, {""word"": ""ねこのいたずら"", ""reading"": ""ねこのいたずら"", ""meaning"": ""the cats mischief""}, {""word"": ""子どものいたずら"", ""reading"": ""こどものいたずら"", ""meaning"": ""a childs prank""}]","[{""word"": ""いだずら"", ""reading"": ""いだずら"", ""meaning"": ""(non-word)""}, {""word"": ""いたすら"", ""reading"": ""いたすら"", ""meaning"": ""(non-word)""}, {""word"": ""いたっずら"", ""reading"": ""いたっずら"", ""meaning"": ""(non-word)""}]",1,Behavior,mischief / prank,,native Japanese,hiragana,悪戯,4,false
30,けんか,"[{""word"": ""けんかになる"", ""reading"": ""けんかになる"", ""meaning"": ""to turn into a fight"", ""tags"": []}]","[{""word"": ""けんかになる"", ""reading"": ""けんかになる"", ""meaning"": ""to turn into a fight"", ""tags"": []}, {""word"": ""けんかを止める"", ""reading"": ""けんかをとめる"", ""meaning"": ""to stop a fight""}, {""word"": ""兄とけんかする"", ""reading"": ""あにとけんかする"", ""meaning"": ""to fight with ones brother""}]","[{""word"": ""げんか"", ""reading"": ""げんか"", ""meaning"": ""(non-word)""}, {""word"": ""けんが"", ""reading"": ""けんが"", ""meaning"": ""(non-word)""}, {""word"": ""けんっか"", ""reading"": ""けんっか"", ""meaning"": ""(non-word)""}]",1,Behavior,fight / quarrel,,"Sino-Japanese (喧嘩, from Chinese)",hiragana,喧嘩,3,false
31,まね,"[{""word"": ""まねをする"", ""reading"": ""まねをする"", ""meaning"": ""to imitate"", ""tags"": []}]","[{""word"": ""まねをする"", ""reading"": ""まねをする"", ""meaning"": ""to imitate"", ""tags"": []}, {""word"": ""まねが上手"", ""reading"": ""まねがじょうず"", ""meaning"": ""good at impressions""}, {""word"": ""父のまね"", ""reading"": ""ちちのまね"", ""meaning"": ""an imitation of dad""}]",[],1,Behavior,imitation,,native Japanese,hiragana,真似,2,false
32,びっくり,"[{""word"": ""びっくりした"", ""reading"": ""びっくりした"", ""meaning"": ""I was surprised"", ""tags"": []}]","[{""word"": ""びっくりした"", ""reading"": ""びっくりした"", ""meaning"": ""I was surprised"", ""tags"": []}, {""word"": ""びっくりする"", ""reading"": ""びっくりする"", ""meaning"": ""to be surprised""}, {""word"": ""びっくりの話"", ""reading"": ""びっくりのはなし"", ""meaning"": ""a surprising story""}]","[{""word"": ""ひっくり"", ""reading"": ""ひっくり"", ""meaning"": ""(non-word)""}, {""word"": ""びっぐり"", ""reading"": ""びっぐり"", ""meaning"": ""(non-word)""}, {""word"": ""びくり"", ""reading"": ""びくり"", ""meaning"": ""(non-word)""}]",1,Behavior,surprise,,native Japanese,hiragana,吃驚,4,false
33,けが,"[{""word"": ""けがをする"", ""reading"": ""けがをする"", ""meaning"": ""to get injured"", ""tags"": []}]","[{""word"": ""けがをする"", ""reading"": ""けがをする"", ""meaning"": ""to get injured"", ""tags"": []}, {""word"": ""大きいけが"", ""reading"": ""おおきいけが"", ""meaning"": ""a serious injury""}, {""word"": ""足のけが"", ""reading"": ""あしのけが"", ""meaning"": ""a leg injury""}]","[{""word"": ""げが"", ""reading"": ""げが"", ""meaning"": ""(non-word)""}, {""word"": ""けか"", ""reading"": ""けか"", ""meaning"": ""(non-word)""}]",1,Health,injury,,native Japanese,hiragana,怪我,2,false
34,やけど,"[{""word"": ""やけどをする"", ""reading"": ""やけどをする"", ""meaning"": ""to get burned"", ""tags"": []}]","[{""word"": ""やけどをする"", ""reading"": ""やけどをする"", ""meaning"": ""to get burned"", ""tags"": []}, {""word"": ""小さいやけど"", ""reading"": ""ちいさいやけど"", ""meaning"": ""a small burn""}, {""word"": ""手のやけど"", ""reading"": ""てのやけど"", ""meaning"": ""a burn on the hand""}]","[{""word"": ""やげど"", ""reading"": ""やげど"", ""meaning"": ""(non-word)""}, {""word"": ""やけと"", ""reading"": ""やけと"", ""meaning"": ""(non-word)""}, {""word"": ""やけっど"", ""reading"": ""やけっど"", ""meaning"": ""(non-word)""}]",1,Health,burn (injury),,native Japanese,hiragana,火傷,3,false
35,くしゃみ,"[{""word"": ""くしゃみが出る"", ""reading"": ""くしゃみがでる"", ""meaning"": ""to sneeze"", ""tags"": []}]","[{""word"": ""くしゃみが出る"", ""reading"": ""くしゃみがでる"", ""meaning"": ""to sneeze"", ""tags"": []}, {""word"": ""くしゃみが止まらない"", ""reading"": ""くしゃみがとまらない"", ""meaning"": ""cant stop sneezing""}, {""word"": ""大きいくしゃみ"", ""reading"": ""おおきいくしゃみ"", ""meaning"": ""a big sneeze""}]","[{""word"": ""ぐしゃみ"", ""reading"": ""ぐしゃみ"", ""meaning"": ""(non-word)""}, {""word"": ""くじゃみ"", ""reading"": ""くじゃみ"", ""meaning"": ""(non-word)""}, {""word"": ""くしっゃみ"", ""reading"": ""くしっゃみ"", ""meaning"": ""(non-word)""}]",1,Health,sneeze,,native Japanese,hiragana,嚔,4,false
36,あくび,"[{""word"": ""あくびが出る"", ""reading"": ""あくびがでる"", ""meaning"": ""to yawn"", ""tags"": []}]","[{""word"": ""あくびが出る"", ""reading"": ""あくびがでる"", ""meaning"": ""to yawn"", ""tags"": []}, {""word"": ""朝のあくび"", ""reading"": ""あさのあくび"", ""meaning"": ""a morning yawn""}, {""word"": ""大きいあくび"", ""reading"": ""おおきいあくび"", ""meaning"": ""a big yawn""}]","[{""word"": ""あぐび"", ""reading"": ""あぐび"", ""meaning"": ""(non-word)""}, {""word"": ""あくひ"", ""reading"": ""あくひ"", ""meaning"": ""(non-word)""}, {""word"": ""あくっび"", ""reading"": ""あくっび"", ""meaning"": ""(non-word)""}]",1,Health,yawn,,native Japanese,hiragana,欠伸,3,false
37,いびき,"[{""word"": ""いびきをかく"", ""reading"": ""いびきをかく"", ""meaning"": ""to snore"", ""tags"": []}]","[{""word"": ""いびきをかく"", ""reading"": ""いびきをかく"", ""meaning"": ""to snore"", ""tags"": []}, {""word"": ""大きいいびき"", ""reading"": ""おおきいいびき"", ""meaning"": ""loud snoring""}, {""word"": ""父のいびき"", ""reading"": ""ちちのいびき"", ""meaning"": ""dads snoring""}]","[{""word"": ""いひき"", ""reading"": ""いひき"", ""meaning"": ""(non-word)""}, {""word"": ""いびぎ"", ""reading"": ""いびぎ"", ""meaning"": ""(non-word)""}, {""word"": ""いびっき"", ""reading"": ""いびっき"", ""meaning"": ""(non-word)""}]",1,Health,snoring,,native Japanese,hiragana,鼾,3,false
38,しゃっくり,"[{""word"": ""しゃっくりが止まらない"", ""reading"": ""しゃっくりがとまらない"", ""meaning"": ""can't stop hiccuping"", ""tags"": []}]","[{""word"": ""しゃっくりが止まらない"", ""reading"": ""しゃっくりがとまらない"", ""meaning"": ""can't stop hiccuping"", ""tags"": []}, {""word"": ""しゃっくりが出る"", ""reading"": ""しゃっくりがでる"", ""meaning"": ""to get hiccups""}, {""word"": ""急なしゃっくり"", ""reading"": ""きゅうなしゃっくり"", ""meaning"": ""sudden hiccups""}]","[{""word"": ""じゃっくり"", ""reading"": ""じゃっくり"", ""meaning"": ""(non-word)""}, {""word"": ""しゃっぐり"", ""reading"": ""しゃっぐり"", ""meaning"": ""(non-word)""}, {""word"": ""しゃくり"", ""reading"": ""しゃくり"", ""meaning"": ""(non-word)""}]",1,Health,hiccup,,native Japanese,hiragana,吃逆,5,false
39,よだれ,"[{""word"": ""よだれが出る"", ""reading"": ""よだれがでる"", ""meaning"": ""to drool"", ""tags"": []}]","[{""word"": ""よだれが出る"", ""reading"": ""よだれがでる"", ""meaning"": ""to drool"", ""tags"": []}, {""word"": ""よだれが止まらない"", ""reading"": ""よだれがとまらない"", ""meaning"": ""mouth keeps watering""}, {""word"": ""犬のよだれ"", ""reading"": ""いぬのよだれ"", ""meaning"": ""a dogs drool""}]","[{""word"": ""よたれ"", ""reading"": ""よたれ"", ""meaning"": ""(non-word)""}, {""word"": ""よだっれ"", ""reading"": ""よだっれ"", ""meaning"": ""(non-word)""}, {""word"": ""よだ"", ""reading"": ""よだ"", ""meaning"": ""(non-word)""}]",1,Health,drool,,native Japanese,hiragana,涎,3,false
40,おなら,"[{""word"": ""おならをする"", ""reading"": ""おならをする"", ""meaning"": ""to fart"", ""tags"": []}]","[{""word"": ""おならをする"", ""reading"": ""おならをする"", ""meaning"": ""to fart"", ""tags"": []}, {""word"": ""大きいおなら"", ""reading"": ""おおきいおなら"", ""meaning"": ""a loud fart""}, {""word"": ""おならの音"", ""reading"": ""おならのおと"", ""meaning"": ""the sound of a fart""}]","[{""word"": ""おなっら"", ""reading"": ""おなっら"", ""meaning"": ""(non-word)""}, {""word"": ""おな"", ""reading"": ""おな"", ""meaning"": ""(non-word)""}]",1,Health,fart,,native Japanese,hiragana,屁,3,false
41,めまい,"[{""word"": ""めまいがする"", ""reading"": ""めまいがする"", ""meaning"": ""to feel dizzy"", ""tags"": []}]","[{""word"": ""めまいがする"", ""reading"": ""めまいがする"", ""meaning"": ""to feel dizzy"", ""tags"": []}, {""word"": ""朝のめまい"", ""reading"": ""あさのめまい"", ""meaning"": ""morning dizziness""}, {""word"": ""急なめまい"", ""reading"": ""きゅうなめまい"", ""meaning"": ""sudden dizziness""}]","[{""word"": ""めまっい"", ""reading"": ""めまっい"", ""meaning"": ""(non-word)""}, {""word"": ""めま"", ""reading"": ""めま"", ""meaning"": ""(non-word)""}]",1,Health,dizziness,,native Japanese,hiragana,眩暈,3,false
42,にきび,"[{""word"": ""にきびが出る"", ""reading"": ""にきびがでる"", ""meaning"": ""to get a pimple"", ""tags"": []}]","[{""word"": ""にきびが出る"", ""reading"": ""にきびがでる"", ""meaning"": ""to get a pimple"", ""tags"": []}, {""word"": ""にきびが気になる"", ""reading"": ""にきびがきになる"", ""meaning"": ""bothered by a pimple""}, {""word"": ""顔のにきび"", ""reading"": ""かおのにきび"", ""meaning"": ""a pimple on the face""}]","[{""word"": ""にぎび"", ""reading"": ""にぎび"", ""meaning"": ""(non-word)""}, {""word"": ""にきひ"", ""reading"": ""にきひ"", ""meaning"": ""(non-word)""}, {""word"": ""にきっび"", ""reading"": ""にきっび"", ""meaning"": ""(non-word)""}]",1,Health,pimple,,native Japanese,hiragana,面皰,3,false
43,しわ,"[{""word"": ""しわが多い"", ""reading"": ""しわがおおい"", ""meaning"": ""to have many wrinkles"", ""tags"": []}]","[{""word"": ""しわが多い"", ""reading"": ""しわがおおい"", ""meaning"": ""to have many wrinkles"", ""tags"": []}, {""word"": ""しわが出る"", ""reading"": ""しわがでる"", ""meaning"": ""wrinkles appear""}, {""word"": ""服のしわ"", ""reading"": ""ふくのしわ"", ""meaning"": ""wrinkles in clothes""}]","[{""word"": ""じわ"", ""reading"": ""じわ"", ""meaning"": ""(non-word)""}]",1,Body,wrinkle,,native Japanese,hiragana,皺,2,false
44,ほくろ,"[{""word"": ""目の下のほくろ"", ""reading"": ""めのしたのほくろ"", ""meaning"": ""a mole under the eye"", ""tags"": []}]","[{""word"": ""目の下のほくろ"", ""reading"": ""めのしたのほくろ"", ""meaning"": ""a mole under the eye"", ""tags"": []}, {""word"": ""顔のほくろ"", ""reading"": ""かおのほくろ"", ""meaning"": ""a mole on the face""}, {""word"": ""大きいほくろ"", ""reading"": ""おおきいほくろ"", ""meaning"": ""a big mole""}]","[{""word"": ""ぼくろ"", ""reading"": ""ぼくろ"", ""meaning"": ""(non-word)""}, {""word"": ""ほぐろ"", ""reading"": ""ほぐろ"", ""meaning"": ""(non-word)""}, {""word"": ""ほくっろ"", ""reading"": ""ほくっろ"", ""meaning"": ""(non-word)""}]",1,Body,mole (on skin),,native Japanese,hiragana,黒子,3,false
45,まぶた,"[{""word"": ""まぶたが重い"", ""reading"": ""まぶたがおもい"", ""meaning"": ""heavy eyelids"", ""tags"": []}]","[{""word"": ""まぶたが重い"", ""reading"": ""まぶたがおもい"", ""meaning"": ""heavy eyelids"", ""tags"": []}, {""word"": ""重いまぶた"", ""reading"": ""おもいまぶた"", ""meaning"": ""heavy eyelids""}, {""word"": ""まぶたの上"", ""reading"": ""まぶたのうえ"", ""meaning"": ""on the eyelid""}]","[{""word"": ""まふた"", ""reading"": ""まふた"", ""meaning"": ""(non-word)""}, {""word"": ""まぶだ"", ""reading"": ""まぶだ"", ""meaning"": ""(non-word)""}, {""word"": ""まぶった"", ""reading"": ""まぶった"", ""meaning"": ""(non-word)""}]",1,Body,eyelid,,native Japanese,hiragana,瞼,3,false
46,かかと,"[{""word"": ""かかとが高い"", ""reading"": ""かかとがたかい"", ""meaning"": ""high heels"", ""tags"": []}]","[{""word"": ""かかとが高い"", ""reading"": ""かかとがたかい"", ""meaning"": ""high heels"", ""tags"": []}, {""word"": ""かかとが痛い"", ""reading"": ""かかとがいたい"", ""meaning"": ""sore heels""}, {""word"": ""かかとを上げる"", ""reading"": ""かかとをあげる"", ""meaning"": ""to raise ones heels""}]","[{""word"": ""がかと"", ""reading"": ""がかと"", ""meaning"": ""(non-word)""}, {""word"": ""かがと"", ""reading"": ""かがと"", ""meaning"": ""(non-word)""}, {""word"": ""かかど"", ""reading"": ""かかど"", ""meaning"": ""(non-word)""}]",1,Body,heel,,native Japanese,hiragana,踵,3,false
47,ふくらはぎ,"[{""word"": ""ふくらはぎが重い"", ""reading"": ""ふくらはぎがおもい"", ""meaning"": ""heavy calves"", ""tags"": []}]","[{""word"": ""ふくらはぎが重い"", ""reading"": ""ふくらはぎがおもい"", ""meaning"": ""heavy calves""}, {""word"": ""ふくらはぎが強い"", ""reading"": ""ふくらはぎがつよい"", ""meaning"": ""strong calves""}, {""word"": ""ふくらはぎが痛い"", ""reading"": ""ふくらはぎがいたい"", ""meaning"": ""sore calves""}]","[{""word"": ""ぶくらはぎ"", ""reading"": ""ぶくらはぎ"", ""meaning"": ""(non-word)""}, {""word"": ""ふぐらはぎ"", ""reading"": ""ふぐらはぎ"", ""meaning"": ""(non-word)""}, {""word"": ""ふくらばぎ"", ""reading"": ""ふくらばぎ"", ""meaning"": ""(non-word)""}]",1,Body,calf (of leg),,native Japanese,hiragana,脹脛,5,false
48,ひげ,"[{""word"": ""ひげを切る"", ""reading"": ""ひげをきる"", ""meaning"": ""to trim one's beard"", ""tags"": []}]","[{""word"": ""ひげを切る"", ""reading"": ""ひげをきる"", ""meaning"": ""to trim one's beard"", ""tags"": []}, {""word"": ""白いひげ"", ""reading"": ""しろいひげ"", ""meaning"": ""a white beard""}, {""word"": ""長いひげ"", ""reading"": ""ながいひげ"", ""meaning"": ""a long beard""}]","[{""word"": ""びげ"", ""reading"": ""びげ"", ""meaning"": ""(non-word)""}, {""word"": ""ひけ"", ""reading"": ""ひけ"", ""meaning"": ""(non-word)""}]",1,Body,beard / mustache,,native Japanese,hiragana,髭,2,false
49,しっぽ,"[{""word"": ""長いしっぽ"", ""reading"": ""ながいしっぽ"", ""meaning"": ""a long tail"", ""tags"": []}]","[{""word"": ""長いしっぽ"", ""reading"": ""ながいしっぽ"", ""meaning"": ""a long tail"", ""tags"": []}, {""word"": ""しっぽが動く"", ""reading"": ""しっぽがうごく"", ""meaning"": ""the tail moves""}, {""word"": ""犬のしっぽ"", ""reading"": ""いぬのしっぽ"", ""meaning"": ""a dogs tail""}]","[{""word"": ""じっぽ"", ""reading"": ""じっぽ"", ""meaning"": ""(non-word)""}, {""word"": ""しぽ"", ""reading"": ""しぽ"", ""meaning"": ""(non-word)""}, {""word"": ""しっ"", ""reading"": ""しっ"", ""meaning"": ""(non-word)""}]",1,Body,tail,,native Japanese,hiragana,尻尾,3,false
50,たくさん,"[{""word"": ""たくさん食べる"", ""reading"": ""たくさんたべる"", ""meaning"": ""to eat a lot"", ""tags"": []}]","[{""word"": ""たくさん食べる"", ""reading"": ""たくさんたべる"", ""meaning"": ""to eat a lot"", ""tags"": []}, {""word"": ""たくさん飲む"", ""reading"": ""たくさんのむ"", ""meaning"": ""to drink a lot""}, {""word"": ""たくさんある"", ""reading"": ""たくさんある"", ""meaning"": ""there is a lot""}]","[{""word"": ""だくさん"", ""reading"": ""だくさん"", ""meaning"": ""(non-word)""}, {""word"": ""たぐさん"", ""reading"": ""たぐさん"", ""meaning"": ""(non-word)""}, {""word"": ""たくざん"", ""reading"": ""たくざん"", ""meaning"": ""(non-word)""}]",1,Adverbs,a lot,,"Sino-Japanese (沢山, from Chinese)",hiragana,沢山,4,false
51,ほとんど,"[{""word"": ""ほとんど分かる"", ""reading"": ""ほとんどわかる"", ""meaning"": ""to understand almost all"", ""tags"": []}]","[{""word"": ""ほとんど分かる"", ""reading"": ""ほとんどわかる"", ""meaning"": ""to understand almost all"", ""tags"": []}, {""word"": ""ほとんど同じ"", ""reading"": ""ほとんどおなじ"", ""meaning"": ""almost the same""}, {""word"": ""ほとんどない"", ""reading"": ""ほとんどない"", ""meaning"": ""almost none""}]","[{""word"": ""ぼとんど"", ""reading"": ""ぼとんど"", ""meaning"": ""(non-word)""}, {""word"": ""ほどんど"", ""reading"": ""ほどんど"", ""meaning"": ""(non-word)""}, {""word"": ""ほとんと"", ""reading"": ""ほとんと"", ""meaning"": ""(non-word)""}]",1,Adverbs,almost all / hardly,,native Japanese,hiragana,殆ど,4,false
52,さすが,"[{""word"": ""さすが先生"", ""reading"": ""さすがせんせい"", ""meaning"": ""just what you'd expect from the teacher"", ""tags"": []}]","[{""word"": ""さすが先生"", ""reading"": ""さすがせんせい"", ""meaning"": ""just what you'd expect from the teacher"", ""tags"": []}, {""word"": ""さすがに高い"", ""reading"": ""さすがにたかい"", ""meaning"": ""expensive as youd expect""}, {""word"": ""さすがの力"", ""reading"": ""さすがのちから"", ""meaning"": ""impressive strength""}]","[{""word"": ""ざすが"", ""reading"": ""ざすが"", ""meaning"": ""(non-word)""}, {""word"": ""さずが"", ""reading"": ""さずが"", ""meaning"": ""(non-word)""}, {""word"": ""さすか"", ""reading"": ""さすか"", ""meaning"": ""(non-word)""}]",1,Adverbs,as expected (impressive),,native Japanese,hiragana,流石,3,false
53,やはり,"[{""word"": ""やはり高い"", ""reading"": ""やはりたかい"", ""meaning"": ""expensive after all"", ""tags"": []}]","[{""word"": ""やはり高い"", ""reading"": ""やはりたかい"", ""meaning"": ""expensive after all"", ""tags"": []}, {""word"": ""やはりうまい"", ""reading"": ""やはりうまい"", ""meaning"": ""delicious as expected""}, {""word"": ""やはり家が一番"", ""reading"": ""やはりいえがいちばん"", ""meaning"": ""home is best after all""}]","[{""word"": ""やばり"", ""reading"": ""やばり"", ""meaning"": ""(non-word)""}, {""word"": ""やはっり"", ""reading"": ""やはっり"", ""meaning"": ""(non-word)""}, {""word"": ""やは"", ""reading"": ""やは"", ""meaning"": ""(non-word)""}]",1,Adverbs,after all / as expected,,native Japanese,hiragana,矢張り,3,false
54,わざわざ,"[{""word"": ""わざわざ来る"", ""reading"": ""わざわざくる"", ""meaning"": ""to come all this way"", ""tags"": []}]","[{""word"": ""わざわざ来る"", ""reading"": ""わざわざくる"", ""meaning"": ""to come all this way"", ""tags"": []}, {""word"": ""わざわざ行く"", ""reading"": ""わざわざいく"", ""meaning"": ""to go specially""}, {""word"": ""わざわざ買う"", ""reading"": ""わざわざかう"", ""meaning"": ""to go out of ones way to buy""}]","[{""word"": ""わさわざ"", ""reading"": ""わさわざ"", ""meaning"": ""(non-word)""}, {""word"": ""わざわさ"", ""reading"": ""わざわさ"", ""meaning"": ""(non-word)""}, {""word"": ""わざっわざ"", ""reading"": ""わざっわざ"", ""meaning"": ""(non-word)""}]",1,Adverbs,going out of one's way,,native Japanese,hiragana,態々,4,false
55,とりあえず,"[{""word"": ""とりあえずビール"", ""reading"": ""とりあえずびーる"", ""meaning"": ""beer for now"", ""tags"": []}]","[{""word"": ""とりあえずビール"", ""reading"": ""とりあえずびーる"", ""meaning"": ""beer for now"", ""tags"": []}, {""word"": ""とりあえず休む"", ""reading"": ""とりあえずやすむ"", ""meaning"": ""to rest for now""}, {""word"": ""とりあえず行く"", ""reading"": ""とりあえずいく"", ""meaning"": ""to go for now""}]","[{""word"": ""どりあえず"", ""reading"": ""どりあえず"", ""meaning"": ""(non-word)""}, {""word"": ""とりあえす"", ""reading"": ""とりあえす"", ""meaning"": ""(non-word)""}, {""word"": ""とりっあえず"", ""reading"": ""とりっあえず"", ""meaning"": ""(non-word)""}]",1,Adverbs,for now / first of all,,native Japanese,hiragana,取り敢えず,5,false
56,もちろん,"[{""word"": ""もちろん行く"", ""reading"": ""もちろんいく"", ""meaning"": ""of course I'll go"", ""tags"": []}]","[{""word"": ""もちろん行く"", ""reading"": ""もちろんいく"", ""meaning"": ""of course I'll go"", ""tags"": []}, {""word"": ""もちろんです"", ""reading"": ""もちろんです"", ""meaning"": ""of course""}, {""word"": ""もちろんいい"", ""reading"": ""もちろんいい"", ""meaning"": ""of course its fine""}]","[{""word"": ""もぢろん"", ""reading"": ""もぢろん"", ""meaning"": ""(non-word)""}, {""word"": ""もちっろん"", ""reading"": ""もちっろん"", ""meaning"": ""(non-word)""}, {""word"": ""もちろ"", ""reading"": ""もちろ"", ""meaning"": ""(non-word)""}]",1,Adverbs,of course,,"Sino-Japanese (勿論, from Chinese)",hiragana,勿論,4,false
57,ぜひ,"[{""word"": ""ぜひ来てください"", ""reading"": ""ぜひきてください"", ""meaning"": ""please do come"", ""tags"": []}]","[{""word"": ""ぜひ来てください"", ""reading"": ""ぜひきてください"", ""meaning"": ""please do come"", ""tags"": []}, {""word"": ""ぜひ一度"", ""reading"": ""ぜひいちど"", ""meaning"": ""by all means, once""}, {""word"": ""ぜひ見たい"", ""reading"": ""ぜひみたい"", ""meaning"": ""really want to see""}]","[{""word"": ""せひ"", ""reading"": ""せひ"", ""meaning"": ""(non-word)""}, {""word"": ""ぜび"", ""reading"": ""ぜび"", ""meaning"": ""(non-word)""}]",1,Adverbs,by all means,,"Sino-Japanese (是非, from Chinese)",hiragana,是非,2,false
58,なかなか,"[{""word"": ""なかなか安い"", ""reading"": ""なかなかやすい"", ""meaning"": ""quite cheap"", ""tags"": []}]","[{""word"": ""なかなか安い"", ""reading"": ""なかなかやすい"", ""meaning"": ""quite cheap"", ""tags"": []}, {""word"": ""なかなか上手"", ""reading"": ""なかなかじょうず"", ""meaning"": ""quite skilled""}, {""word"": ""なかなか来ない"", ""reading"": ""なかなかこない"", ""meaning"": ""slow to come""}]","[{""word"": ""ながなか"", ""reading"": ""ながなか"", ""meaning"": ""(non-word)""}, {""word"": ""なかなが"", ""reading"": ""なかなが"", ""meaning"": ""(non-word)""}, {""word"": ""なかっなか"", ""reading"": ""なかっなか"", ""meaning"": ""(non-word)""}]",1,Adverbs,quite / not easily (with neg.),,native Japanese,hiragana,中々,4,false
59,まさか,"[{""word"": ""まさかの雨"", ""reading"": ""まさかのあめ"", ""meaning"": ""unexpected rain"", ""tags"": []}]","[{""word"": ""まさかの雨"", ""reading"": ""まさかのあめ"", ""meaning"": ""unexpected rain"", ""tags"": []}, {""word"": ""まさかの結果"", ""reading"": ""まさかのけっか"", ""meaning"": ""an unbelievable result""}, {""word"": ""まさかの話"", ""reading"": ""まさかのはなし"", ""meaning"": ""an unbelievable turn""}]","[{""word"": ""まざか"", ""reading"": ""まざか"", ""meaning"": ""(non-word)""}, {""word"": ""まさが"", ""reading"": ""まさが"", ""meaning"": ""(non-word)""}, {""word"": ""まさっか"", ""reading"": ""まさっか"", ""meaning"": ""(non-word)""}]",1,Adverbs,no way / surely not,,native Japanese,hiragana,真逆,3,false
60,ありがとう,"[{""word"": ""どうもありがとう"", ""reading"": ""どうもありがとう"", ""meaning"": ""thank you very much"", ""tags"": []}]","[{""word"": ""どうもありがとう"", ""reading"": ""どうもありがとう"", ""meaning"": ""thank you very much"", ""tags"": []}, {""word"": ""本当にありがとう"", ""reading"": ""ほんとうにありがとう"", ""meaning"": ""truly, thank you""}, {""word"": ""ありがとうございました"", ""reading"": ""ありがとうございました"", ""meaning"": ""thank you (past)""}]","[{""word"": ""ありかとう"", ""reading"": ""ありかとう"", ""meaning"": ""(non-word)""}, {""word"": ""ありがどう"", ""reading"": ""ありがどう"", ""meaning"": ""(non-word)""}, {""word"": ""ありっがとう"", ""reading"": ""ありっがとう"", ""meaning"": ""(non-word)""}]",1,Greetings,thank you,,native Japanese,hiragana,有難う,5,false
61,おめでとう,"[{""word"": ""おめでとうございます"", ""reading"": ""おめでとうございます"", ""meaning"": ""congratulations (polite)"", ""tags"": []}]","[{""word"": ""おめでとうございます"", ""reading"": ""おめでとうございます"", ""meaning"": ""congratulations (polite)"", ""tags"": []}, {""word"": ""本当におめでとう"", ""reading"": ""ほんとうにおめでとう"", ""meaning"": ""heartfelt congratulations""}, {""word"": ""入学おめでとう"", ""reading"": ""にゅうがくおめでとう"", ""meaning"": ""congrats on starting school""}]","[{""word"": ""おめてとう"", ""reading"": ""おめてとう"", ""meaning"": ""(non-word)""}, {""word"": ""おめでどう"", ""reading"": ""おめでどう"", ""meaning"": ""(non-word)""}, {""word"": ""おめっでとう"", ""reading"": ""おめっでとう"", ""meaning"": ""(non-word)""}]",1,Greetings,congratulations,,native Japanese,hiragana,御目出度う,5,false
62,よろしく,"[{""word"": ""よろしくね"", ""reading"": ""よろしくね"", ""meaning"": ""best regards (casual)"", ""tags"": []}]","[{""word"": ""よろしくね"", ""reading"": ""よろしくね"", ""meaning"": ""best regards (casual)""}, {""word"": ""どうぞよろしく"", ""reading"": ""どうぞよろしく"", ""meaning"": ""pleased to meet you""}, {""word"": ""家族によろしく"", ""reading"": ""かぞくによろしく"", ""meaning"": ""regards to the family""}]","[{""word"": ""よろじく"", ""reading"": ""よろじく"", ""meaning"": ""(non-word)""}, {""word"": ""よろしぐ"", ""reading"": ""よろしぐ"", ""meaning"": ""(non-word)""}, {""word"": ""よろっしく"", ""reading"": ""よろっしく"", ""meaning"": ""(non-word)""}]",1,Greetings,best regards,,native Japanese,hiragana,宜しく,4,false
63,ごちそう,"[{""word"": ""ごちそうさまでした"", ""reading"": ""ごちそうさまでした"", ""meaning"": ""thanks for the meal"", ""tags"": []}]","[{""word"": ""ごちそうさまでした"", ""reading"": ""ごちそうさまでした"", ""meaning"": ""thanks for the meal"", ""tags"": []}, {""word"": ""今夜はごちそう"", ""reading"": ""こんやはごちそう"", ""meaning"": ""a feast tonight""}, {""word"": ""ごちそうを作る"", ""reading"": ""ごちそうをつくる"", ""meaning"": ""to make a feast""}]","[{""word"": ""こちそう"", ""reading"": ""こちそう"", ""meaning"": ""(non-word)""}, {""word"": ""ごぢそう"", ""reading"": ""ごぢそう"", ""meaning"": ""(non-word)""}, {""word"": ""ごちぞう"", ""reading"": ""ごちぞう"", ""meaning"": ""(non-word)""}]",1,Greetings,feast / treat,,"Sino-Japanese (御馳走, from Chinese)",hiragana,御馳走,4,false
64,ごみ,"[{""word"": ""ごみを出す"", ""reading"": ""ごみをだす"", ""meaning"": ""to take out the trash"", ""tags"": []}]","[{""word"": ""ごみを出す"", ""reading"": ""ごみをだす"", ""meaning"": ""to take out the trash"", ""tags"": []}, {""word"": ""新しいごみ"", ""reading"": ""あたらしいごみ"", ""meaning"": ""a new trash""}, {""word"": ""ごみを買う"", ""reading"": ""ごみをかう"", ""meaning"": ""buy a trash""}]","[{""word"": ""こみ"", ""reading"": ""こみ"", ""meaning"": ""(non-word)""}]",1,Household,trash,,native Japanese,hiragana,塵,2,false
65,かばん,"[{""word"": ""かばんを使う"", ""reading"": ""かばんをつかう"", ""meaning"": ""to use a bag"", ""tags"": []}]","[{""word"": ""かばんを使う"", ""reading"": ""かばんをつかう"", ""meaning"": ""to use a bag"", ""tags"": []}, {""word"": ""新しいかばん"", ""reading"": ""あたらしいかばん"", ""meaning"": ""a new bag""}, {""word"": ""かばんを買う"", ""reading"": ""かばんをかう"", ""meaning"": ""buy a bag""}]","[{""word"": ""がばん"", ""reading"": ""がばん"", ""meaning"": ""(non-word)""}, {""word"": ""かはん"", ""reading"": ""かはん"", ""meaning"": ""(non-word)""}, {""word"": ""かばっん"", ""reading"": ""かばっん"", ""meaning"": ""(non-word)""}]",1,Household,bag,,,hiragana,鞄,3,false
66,めがね,"[{""word"": ""めがねをかける"", ""reading"": ""めがねをかける"", ""meaning"": ""to put on glasses"", ""tags"": []}]","[{""word"": ""めがねをかける"", ""reading"": ""めがねをかける"", ""meaning"": ""to put on glasses"", ""tags"": []}, {""word"": ""新しいめがね"", ""reading"": ""あたらしいめがね"", ""meaning"": ""a new glasses""}, {""word"": ""めがねを買う"", ""reading"": ""めがねをかう"", ""meaning"": ""buy a glasses""}]","[{""word"": ""めかね"", ""reading"": ""めかね"", ""meaning"": ""(non-word)""}, {""word"": ""めがっね"", ""reading"": ""めがっね"", ""meaning"": ""(non-word)""}, {""word"": ""めが"", ""reading"": ""めが"", ""meaning"": ""(non-word)""}]",1,Household,glasses,,native Japanese,hiragana,眼鏡,3,false
67,たばこ,"[{""word"": ""たばこを買う"", ""reading"": ""たばこをかう"", ""meaning"": ""to buy cigarettes"", ""tags"": []}]","[{""word"": ""たばこを買う"", ""reading"": ""たばこをかう"", ""meaning"": ""to buy cigarettes"", ""tags"": []}, {""word"": ""新しいたばこ"", ""reading"": ""あたらしいたばこ"", ""meaning"": ""a new cigarette / tobacco""}, {""word"": ""たばこを止める"", ""reading"": ""たばこをやめる"", ""meaning"": ""to quit smoking""}]","[{""word"": ""だばこ"", ""reading"": ""だばこ"", ""meaning"": ""(non-word)""}, {""word"": ""たはこ"", ""reading"": ""たはこ"", ""meaning"": ""(non-word)""}, {""word"": ""たばご"", ""reading"": ""たばご"", ""meaning"": ""(non-word)""}]",1,Household,cigarette / tobacco,,from Portuguese tabaco,hiragana,煙草,3,false
68,やかん,"[{""word"": ""やかんを使う"", ""reading"": ""やかんをつかう"", ""meaning"": ""to use a kettle"", ""tags"": []}]","[{""word"": ""やかんを使う"", ""reading"": ""やかんをつかう"", ""meaning"": ""to use a kettle"", ""tags"": []}, {""word"": ""新しいやかん"", ""reading"": ""あたらしいやかん"", ""meaning"": ""a new kettle""}, {""word"": ""やかんを買う"", ""reading"": ""やかんをかう"", ""meaning"": ""buy a kettle""}]","[{""word"": ""やがん"", ""reading"": ""やがん"", ""meaning"": ""(non-word)""}, {""word"": ""やかっん"", ""reading"": ""やかっん"", ""meaning"": ""(non-word)""}, {""word"": ""やか"", ""reading"": ""やか"", ""meaning"": ""(non-word)""}]",1,Household,kettle,,"Sino-Japanese (薬缶, from Chinese)",hiragana,薬缶,3,false
69,ほうき,"[{""word"": ""ほうきを使う"", ""reading"": ""ほうきをつかう"", ""meaning"": ""to use a broom"", ""tags"": []}]","[{""word"": ""ほうきを使う"", ""reading"": ""ほうきをつかう"", ""meaning"": ""to use a broom"", ""tags"": []}, {""word"": ""新しいほうき"", ""reading"": ""あたらしいほうき"", ""meaning"": ""a new broom""}, {""word"": ""ほうきを買う"", ""reading"": ""ほうきをかう"", ""meaning"": ""buy a broom""}]","[{""word"": ""ぼうき"", ""reading"": ""ぼうき"", ""meaning"": ""(non-word)""}, {""word"": ""ほうぎ"", ""reading"": ""ほうぎ"", ""meaning"": ""(non-word)""}, {""word"": ""ほうっき"", ""reading"": ""ほうっき"", ""meaning"": ""(non-word)""}]",1,Household,broom,,native Japanese,hiragana,箒,3,false
70,たんす,"[{""word"": ""たんすを使う"", ""reading"": ""たんすをつかう"", ""meaning"": ""to use a chest of drawers"", ""tags"": []}]","[{""word"": ""たんすを使う"", ""reading"": ""たんすをつかう"", ""meaning"": ""to use a chest of drawers"", ""tags"": []}, {""word"": ""新しいたんす"", ""reading"": ""あたらしいたんす"", ""meaning"": ""a new chest of drawers""}, {""word"": ""たんすを買う"", ""reading"": ""たんすをかう"", ""meaning"": ""buy a chest of drawers""}]","[{""word"": ""だんす"", ""reading"": ""だんす"", ""meaning"": ""(non-word)""}, {""word"": ""たんず"", ""reading"": ""たんず"", ""meaning"": ""(non-word)""}, {""word"": ""たんっす"", ""reading"": ""たんっす"", ""meaning"": ""(non-word)""}]",1,Household,chest of drawers,,"Sino-Japanese (箪笥, from Chinese)",hiragana,箪笥,3,false
71,はさみ,"[{""word"": ""はさみを使う"", ""reading"": ""はさみをつかう"", ""meaning"": ""to use a scissors"", ""tags"": []}]","[{""word"": ""はさみを使う"", ""reading"": ""はさみをつかう"", ""meaning"": ""to use a scissors"", ""tags"": []}, {""word"": ""新しいはさみ"", ""reading"": ""あたらしいはさみ"", ""meaning"": ""a new scissors""}, {""word"": ""はさみを買う"", ""reading"": ""はさみをかう"", ""meaning"": ""buy a scissors""}]","[{""word"": ""ばさみ"", ""reading"": ""ばさみ"", ""meaning"": ""(non-word)""}, {""word"": ""はざみ"", ""reading"": ""はざみ"", ""meaning"": ""(non-word)""}, {""word"": ""はさっみ"", ""reading"": ""はさっみ"", ""meaning"": ""(non-word)""}]",1,Household,scissors,,native Japanese,hiragana,鋏,3,false
72,ねじ,"[{""word"": ""ねじを使う"", ""reading"": ""ねじをつかう"", ""meaning"": ""to use a screw"", ""tags"": []}]","[{""word"": ""ねじを使う"", ""reading"": ""ねじをつかう"", ""meaning"": ""to use a screw"", ""tags"": []}, {""word"": ""新しいねじ"", ""reading"": ""あたらしいねじ"", ""meaning"": ""a new screw""}, {""word"": ""ねじを買う"", ""reading"": ""ねじをかう"", ""meaning"": ""buy a screw""}]","[{""word"": ""ねし"", ""reading"": ""ねし"", ""meaning"": ""(non-word)""}]",1,Household,screw,,native Japanese,hiragana,螺子,2,false
73,ひも,"[{""word"": ""ひもを使う"", ""reading"": ""ひもをつかう"", ""meaning"": ""to use a string / cord"", ""tags"": []}]","[{""word"": ""ひもを使う"", ""reading"": ""ひもをつかう"", ""meaning"": ""to use a string / cord"", ""tags"": []}, {""word"": ""新しいひも"", ""reading"": ""あたらしいひも"", ""meaning"": ""a new string / cord""}, {""word"": ""ひもを買う"", ""reading"": ""ひもをかう"", ""meaning"": ""buy a string / cord""}]","[{""word"": ""びも"", ""reading"": ""びも"", ""meaning"": ""(non-word)""}]",1,Household,string / cord,,native Japanese,hiragana,紐,2,false
74,ふた,"[{""word"": ""ふたを使う"", ""reading"": ""ふたをつかう"", ""meaning"": ""to use a lid"", ""tags"": []}]","[{""word"": ""ふたを使う"", ""reading"": ""ふたをつかう"", ""meaning"": ""to use a lid"", ""tags"": []}, {""word"": ""新しいふた"", ""reading"": ""あたらしいふた"", ""meaning"": ""a new lid""}, {""word"": ""ふたを買う"", ""reading"": ""ふたをかう"", ""meaning"": ""buy a lid""}]","[{""word"": ""ぶた"", ""reading"": ""ぶた"", ""meaning"": ""(non-word)""}, {""word"": ""ふだ"", ""reading"": ""ふだ"", ""meaning"": ""(non-word)""}]",1,Household,lid,,native Japanese,hiragana,蓋,2,false
75,のり,"[{""word"": ""のりでつける"", ""reading"": ""のりでつける"", ""meaning"": ""to stick with glue"", ""tags"": []}]","[{""word"": ""のりでつける"", ""reading"": ""のりでつける"", ""meaning"": ""to stick with glue""}, {""word"": ""新しいのり"", ""reading"": ""あたらしいのり"", ""meaning"": ""a new glue / paste""}, {""word"": ""のりを買う"", ""reading"": ""のりをかう"", ""meaning"": ""buy a glue / paste""}]",[],1,Household,glue / paste,,native Japanese,hiragana,糊,2,false
76,うどん,"[{""word"": ""うどんを食べる"", ""reading"": ""うどんをたべる"", ""meaning"": ""to eat udon noodles"", ""tags"": []}]","[{""word"": ""うどんを食べる"", ""reading"": ""うどんをたべる"", ""meaning"": ""to eat udon noodles"", ""tags"": []}, {""word"": ""うどんを買って帰る"", ""reading"": ""うどんをかってかえる"", ""meaning"": ""buy udon noodles and head home""}, {""word"": ""うどんを作る"", ""reading"": ""うどんをつくる"", ""meaning"": ""make udon noodles""}]","[{""word"": ""うとん"", ""reading"": ""うとん"", ""meaning"": ""(non-word)""}, {""word"": ""うどっん"", ""reading"": ""うどっん"", ""meaning"": ""(non-word)""}, {""word"": ""うど"", ""reading"": ""うど"", ""meaning"": ""(non-word)""}]",1,Dining,udon noodles,,"Sino-Japanese (饂飩, from Chinese)",hiragana,饂飩,3,false
77,てんぷら,"[{""word"": ""てんぷらを食べる"", ""reading"": ""てんぷらをたべる"", ""meaning"": ""to eat tempura"", ""tags"": []}]","[{""word"": ""てんぷらを食べる"", ""reading"": ""てんぷらをたべる"", ""meaning"": ""to eat tempura"", ""tags"": []}, {""word"": ""てんぷらを買って帰る"", ""reading"": ""てんぷらをかってかえる"", ""meaning"": ""buy tempura and head home""}, {""word"": ""てんぷらを作る"", ""reading"": ""てんぷらをつくる"", ""meaning"": ""make tempura""}]","[{""word"": ""でんぷら"", ""reading"": ""でんぷら"", ""meaning"": ""(non-word)""}, {""word"": ""てんっぷら"", ""reading"": ""てんっぷら"", ""meaning"": ""(non-word)""}, {""word"": ""てんぷ"", ""reading"": ""てんぷ"", ""meaning"": ""(non-word)""}]",1,Dining,tempura,,"from Portuguese (tempero/têmporas, disputed)",hiragana,天麩羅,4,false
78,こんにゃく,"[{""word"": ""こんにゃくを食べる"", ""reading"": ""こんにゃくをたべる"", ""meaning"": ""to eat konjac"", ""tags"": []}]","[{""word"": ""こんにゃくを食べる"", ""reading"": ""こんにゃくをたべる"", ""meaning"": ""to eat konjac"", ""tags"": []}, {""word"": ""こんにゃくを買って帰る"", ""reading"": ""こんにゃくをかってかえる"", ""meaning"": ""buy konjac and head home""}, {""word"": ""こんにゃくを作る"", ""reading"": ""こんにゃくをつくる"", ""meaning"": ""make konjac""}]","[{""word"": ""ごんにゃく"", ""reading"": ""ごんにゃく"", ""meaning"": ""(non-word)""}, {""word"": ""こんにゃぐ"", ""reading"": ""こんにゃぐ"", ""meaning"": ""(non-word)""}, {""word"": ""こんっにゃく"", ""reading"": ""こんっにゃく"", ""meaning"": ""(non-word)""}]",1,Dining,konjac,,"Sino-Japanese (蒟蒻, from Chinese)",hiragana,蒟蒻,5,false
79,わさび,"[{""word"": ""わさびを食べる"", ""reading"": ""わさびをたべる"", ""meaning"": ""to eat wasabi"", ""tags"": []}]","[{""word"": ""わさびを食べる"", ""reading"": ""わさびをたべる"", ""meaning"": ""to eat wasabi"", ""tags"": []}, {""word"": ""わさびを買って帰る"", ""reading"": ""わさびをかってかえる"", ""meaning"": ""buy wasabi and head home""}, {""word"": ""わさびを作る"", ""reading"": ""わさびをつくる"", ""meaning"": ""make wasabi""}]","[{""word"": ""わざび"", ""reading"": ""わざび"", ""meaning"": ""(non-word)""}, {""word"": ""わさひ"", ""reading"": ""わさひ"", ""meaning"": ""(non-word)""}, {""word"": ""わさっび"", ""reading"": ""わさっび"", ""meaning"": ""(non-word)""}]",1,Dining,wasabi,,native Japanese,hiragana,山葵,3,false
80,にんにく,"[{""word"": ""にんにくを食べる"", ""reading"": ""にんにくをたべる"", ""meaning"": ""to eat garlic"", ""tags"": []}]","[{""word"": ""にんにくを食べる"", ""reading"": ""にんにくをたべる"", ""meaning"": ""to eat garlic"", ""tags"": []}, {""word"": ""にんにくを買って帰る"", ""reading"": ""にんにくをかってかえる"", ""meaning"": ""buy garlic and head home""}, {""word"": ""にんにくを作る"", ""reading"": ""にんにくをつくる"", ""meaning"": ""make garlic""}]","[{""word"": ""にんにぐ"", ""reading"": ""にんにぐ"", ""meaning"": ""(non-word)""}, {""word"": ""にんっにく"", ""reading"": ""にんっにく"", ""meaning"": ""(non-word)""}, {""word"": ""にんに"", ""reading"": ""にんに"", ""meaning"": ""(non-word)""}]",1,Dining,garlic,,,hiragana,大蒜,4,false
81,ごま,"[{""word"": ""ごまを食べる"", ""reading"": ""ごまをたべる"", ""meaning"": ""to eat sesame"", ""tags"": []}]","[{""word"": ""ごまを食べる"", ""reading"": ""ごまをたべる"", ""meaning"": ""to eat sesame"", ""tags"": []}, {""word"": ""ごまを買って帰る"", ""reading"": ""ごまをかってかえる"", ""meaning"": ""buy sesame and head home""}, {""word"": ""ごまを作る"", ""reading"": ""ごまをつくる"", ""meaning"": ""make sesame""}]","[{""word"": ""こま"", ""reading"": ""こま"", ""meaning"": ""(non-word)""}]",1,Dining,sesame,,"Sino-Japanese (胡麻, from Chinese)",hiragana,胡麻,2,false
82,だし,"[{""word"": ""だしの味"", ""reading"": ""だしのあじ"", ""meaning"": ""the flavor of dashi"", ""tags"": []}]","[{""word"": ""だしの味"", ""reading"": ""だしのあじ"", ""meaning"": ""the flavor of dashi""}, {""word"": ""だしを買って帰る"", ""reading"": ""だしをかってかえる"", ""meaning"": ""buy soup stock and head home""}, {""word"": ""だしを作る"", ""reading"": ""だしをつくる"", ""meaning"": ""make soup stock""}]","[{""word"": ""たし"", ""reading"": ""たし"", ""meaning"": ""(non-word)""}, {""word"": ""だじ"", ""reading"": ""だじ"", ""meaning"": ""(non-word)""}]",1,Dining,soup stock,,native Japanese,hiragana,出汁,2,false
83,おかず,"[{""word"": ""おかずを食べる"", ""reading"": ""おかずをたべる"", ""meaning"": ""to eat side dish"", ""tags"": []}]","[{""word"": ""おかずを食べる"", ""reading"": ""おかずをたべる"", ""meaning"": ""to eat side dish"", ""tags"": []}, {""word"": ""おかずを買って帰る"", ""reading"": ""おかずをかってかえる"", ""meaning"": ""buy side dish and head home""}, {""word"": ""おかずを作る"", ""reading"": ""おかずをつくる"", ""meaning"": ""make side dish""}]","[{""word"": ""おがず"", ""reading"": ""おがず"", ""meaning"": ""(non-word)""}, {""word"": ""おかす"", ""reading"": ""おかす"", ""meaning"": ""(non-word)""}, {""word"": ""おかっず"", ""reading"": ""おかっず"", ""meaning"": ""(non-word)""}]",1,Dining,side dish,,native Japanese,hiragana,御数,3,false
84,りんご,"[{""word"": ""りんごを食べる"", ""reading"": ""りんごをたべる"", ""meaning"": ""to eat apple"", ""tags"": []}]","[{""word"": ""りんごを食べる"", ""reading"": ""りんごをたべる"", ""meaning"": ""to eat apple"", ""tags"": []}, {""word"": ""りんごを買って帰る"", ""reading"": ""りんごをかってかえる"", ""meaning"": ""buy apple and head home""}, {""word"": ""りんごを作る"", ""reading"": ""りんごをつくる"", ""meaning"": ""make apple""}]","[{""word"": ""りんこ"", ""reading"": ""りんこ"", ""meaning"": ""(non-word)""}, {""word"": ""りんっご"", ""reading"": ""りんっご"", ""meaning"": ""(non-word)""}, {""word"": ""りん"", ""reading"": ""りん"", ""meaning"": ""(non-word)""}]",1,Dining,apple,,"Sino-Japanese (林檎, from Chinese)",hiragana,林檎,3,false
85,みかん,"[{""word"": ""みかんを食べる"", ""reading"": ""みかんをたべる"", ""meaning"": ""to eat mandarin orange"", ""tags"": []}]","[{""word"": ""みかんを食べる"", ""reading"": ""みかんをたべる"", ""meaning"": ""to eat mandarin orange"", ""tags"": []}, {""word"": ""みかんを買って帰る"", ""reading"": ""みかんをかってかえる"", ""meaning"": ""buy mandarin orange and head home""}, {""word"": ""みかんを作る"", ""reading"": ""みかんをつくる"", ""meaning"": ""make mandarin orange""}]","[{""word"": ""みがん"", ""reading"": ""みがん"", ""meaning"": ""(non-word)""}, {""word"": ""みかっん"", ""reading"": ""みかっん"", ""meaning"": ""(non-word)""}, {""word"": ""みか"", ""reading"": ""みか"", ""meaning"": ""(non-word)""}]",1,Dining,mandarin orange,,"Sino-Japanese (蜜柑, from Chinese)",hiragana,蜜柑,3,false
86,ぶどう,"[{""word"": ""ぶどうを食べる"", ""reading"": ""ぶどうをたべる"", ""meaning"": ""to eat grape"", ""tags"": []}]","[{""word"": ""ぶどうを食べる"", ""reading"": ""ぶどうをたべる"", ""meaning"": ""to eat grape"", ""tags"": []}, {""word"": ""ぶどうを買って帰る"", ""reading"": ""ぶどうをかってかえる"", ""meaning"": ""buy grape and head home""}, {""word"": ""ぶどうを作る"", ""reading"": ""ぶどうをつくる"", ""meaning"": ""make grape""}]","[{""word"": ""ふどう"", ""reading"": ""ふどう"", ""meaning"": ""(non-word)""}, {""word"": ""ぶとう"", ""reading"": ""ぶとう"", ""meaning"": ""(non-word)""}, {""word"": ""ぶどっう"", ""reading"": ""ぶどっう"", ""meaning"": ""(non-word)""}]",1,Dining,grape,,,hiragana,葡萄,3,false
87,すいか,"[{""word"": ""すいかを食べる"", ""reading"": ""すいかをたべる"", ""meaning"": ""to eat watermelon"", ""tags"": []}]","[{""word"": ""すいかを食べる"", ""reading"": ""すいかをたべる"", ""meaning"": ""to eat watermelon"", ""tags"": []}, {""word"": ""すいかを買って帰る"", ""reading"": ""すいかをかってかえる"", ""meaning"": ""buy watermelon and head home""}, {""word"": ""すいかを作る"", ""reading"": ""すいかをつくる"", ""meaning"": ""make watermelon""}]","[{""word"": ""ずいか"", ""reading"": ""ずいか"", ""meaning"": ""(non-word)""}, {""word"": ""すいが"", ""reading"": ""すいが"", ""meaning"": ""(non-word)""}, {""word"": ""すいっか"", ""reading"": ""すいっか"", ""meaning"": ""(non-word)""}]",1,Dining,watermelon,,"Sino-Japanese (西瓜, from Chinese)",hiragana,西瓜,3,false
88,びわ,"[{""word"": ""びわを食べる"", ""reading"": ""びわをたべる"", ""meaning"": ""to eat loquat"", ""tags"": []}]","[{""word"": ""びわを食べる"", ""reading"": ""びわをたべる"", ""meaning"": ""to eat loquat"", ""tags"": []}, {""word"": ""びわを買って帰る"", ""reading"": ""びわをかってかえる"", ""meaning"": ""buy loquat and head home""}, {""word"": ""びわを作る"", ""reading"": ""びわをつくる"", ""meaning"": ""make loquat""}]","[{""word"": ""ひわ"", ""reading"": ""ひわ"", ""meaning"": ""(non-word)""}]",1,Dining,loquat,,"Sino-Japanese (枇杷, from Chinese)",hiragana,枇杷,2,false
89,たまねぎ,"[{""word"": ""たまねぎを食べる"", ""reading"": ""たまねぎをたべる"", ""meaning"": ""to eat onion"", ""tags"": []}]","[{""word"": ""たまねぎを食べる"", ""reading"": ""たまねぎをたべる"", ""meaning"": ""to eat onion"", ""tags"": []}, {""word"": ""たまねぎを買って帰る"", ""reading"": ""たまねぎをかってかえる"", ""meaning"": ""buy onion and head home""}, {""word"": ""たまねぎを作る"", ""reading"": ""たまねぎをつくる"", ""meaning"": ""make onion""}]","[{""word"": ""だまねぎ"", ""reading"": ""だまねぎ"", ""meaning"": ""(non-word)""}, {""word"": ""たまねき"", ""reading"": ""たまねき"", ""meaning"": ""(non-word)""}, {""word"": ""たまっねぎ"", ""reading"": ""たまっねぎ"", ""meaning"": ""(non-word)""}]",1,Dining,onion,,native Japanese,hiragana,玉葱,4,false
90,ねぎ,"[{""word"": ""ねぎを食べる"", ""reading"": ""ねぎをたべる"", ""meaning"": ""to eat green onion"", ""tags"": []}]","[{""word"": ""ねぎを食べる"", ""reading"": ""ねぎをたべる"", ""meaning"": ""to eat green onion"", ""tags"": []}, {""word"": ""ねぎを買って帰る"", ""reading"": ""ねぎをかってかえる"", ""meaning"": ""buy green onion and head home""}, {""word"": ""ねぎを作る"", ""reading"": ""ねぎをつくる"", ""meaning"": ""make green onion""}]","[{""word"": ""ねき"", ""reading"": ""ねき"", ""meaning"": ""(non-word)""}]",1,Dining,green onion,,native Japanese,hiragana,葱,2,false
91,なす,"[{""word"": ""なすを食べる"", ""reading"": ""なすをたべる"", ""meaning"": ""to eat eggplant"", ""tags"": []}]","[{""word"": ""なすを食べる"", ""reading"": ""なすをたべる"", ""meaning"": ""to eat eggplant"", ""tags"": []}, {""word"": ""なすを買って帰る"", ""reading"": ""なすをかってかえる"", ""meaning"": ""buy eggplant and head home""}, {""word"": ""なすを作る"", ""reading"": ""なすをつくる"", ""meaning"": ""make eggplant""}]","[{""word"": ""なず"", ""reading"": ""なず"", ""meaning"": ""(non-word)""}]",1,Dining,eggplant,,native Japanese,hiragana,茄子,2,false
92,きゅうり,"[{""word"": ""きゅうりを食べる"", ""reading"": ""きゅうりをたべる"", ""meaning"": ""to eat cucumber"", ""tags"": []}]","[{""word"": ""きゅうりを食べる"", ""reading"": ""きゅうりをたべる"", ""meaning"": ""to eat cucumber"", ""tags"": []}, {""word"": ""きゅうりを買って帰る"", ""reading"": ""きゅうりをかってかえる"", ""meaning"": ""buy cucumber and head home""}, {""word"": ""きゅうりを作る"", ""reading"": ""きゅうりをつくる"", ""meaning"": ""make cucumber""}]","[{""word"": ""ぎゅうり"", ""reading"": ""ぎゅうり"", ""meaning"": ""(non-word)""}, {""word"": ""きゅっうり"", ""reading"": ""きゅっうり"", ""meaning"": ""(non-word)""}, {""word"": ""きゅう"", ""reading"": ""きゅう"", ""meaning"": ""(non-word)""}]",1,Dining,cucumber,,native Japanese,hiragana,胡瓜,4,false
93,じゃがいも,"[{""word"": ""じゃがいもを食べる"", ""reading"": ""じゃがいもをたべる"", ""meaning"": ""to eat potato"", ""tags"": []}]","[{""word"": ""じゃがいもを食べる"", ""reading"": ""じゃがいもをたべる"", ""meaning"": ""to eat potato"", ""tags"": []}, {""word"": ""じゃがいもを買って帰る"", ""reading"": ""じゃがいもをかってかえる"", ""meaning"": ""buy potato and head home""}, {""word"": ""じゃがいもを作る"", ""reading"": ""じゃがいもをつくる"", ""meaning"": ""make potato""}]","[{""word"": ""しゃがいも"", ""reading"": ""しゃがいも"", ""meaning"": ""(non-word)""}, {""word"": ""じゃかいも"", ""reading"": ""じゃかいも"", ""meaning"": ""(non-word)""}, {""word"": ""じゃっがいも"", ""reading"": ""じゃっがいも"", ""meaning"": ""(non-word)""}]",1,Dining,potato,,from Jakarta (ジャガタラ) + 芋,hiragana,馬鈴薯,5,false
94,ごぼう,"[{""word"": ""ごぼうを食べる"", ""reading"": ""ごぼうをたべる"", ""meaning"": ""to eat burdock"", ""tags"": []}]","[{""word"": ""ごぼうを食べる"", ""reading"": ""ごぼうをたべる"", ""meaning"": ""to eat burdock"", ""tags"": []}, {""word"": ""ごぼうを買って帰る"", ""reading"": ""ごぼうをかってかえる"", ""meaning"": ""buy burdock and head home""}, {""word"": ""ごぼうを作る"", ""reading"": ""ごぼうをつくる"", ""meaning"": ""make burdock""}]","[{""word"": ""こぼう"", ""reading"": ""こぼう"", ""meaning"": ""(non-word)""}, {""word"": ""ごほう"", ""reading"": ""ごほう"", ""meaning"": ""(non-word)""}, {""word"": ""ごぼっう"", ""reading"": ""ごぼっう"", ""meaning"": ""(non-word)""}]",1,Dining,burdock,,"Sino-Japanese (牛蒡, from Chinese)",hiragana,牛蒡,3,false
95,きのこ,"[{""word"": ""きのこを食べる"", ""reading"": ""きのこをたべる"", ""meaning"": ""to eat mushroom"", ""tags"": []}]","[{""word"": ""きのこを食べる"", ""reading"": ""きのこをたべる"", ""meaning"": ""to eat mushroom"", ""tags"": []}, {""word"": ""きのこを買って帰る"", ""reading"": ""きのこをかってかえる"", ""meaning"": ""buy mushroom and head home""}, {""word"": ""きのこを作る"", ""reading"": ""きのこをつくる"", ""meaning"": ""make mushroom""}]","[{""word"": ""ぎのこ"", ""reading"": ""ぎのこ"", ""meaning"": ""(non-word)""}, {""word"": ""きのご"", ""reading"": ""きのご"", ""meaning"": ""(non-word)""}, {""word"": ""きのっこ"", ""reading"": ""きのっこ"", ""meaning"": ""(non-word)""}]",1,Dining,mushroom,,native Japanese,hiragana,茸,3,false
96,かび,"[{""word"": ""かびが生える"", ""reading"": ""かびがはえる"", ""meaning"": ""mold grows"", ""tags"": []}]","[{""word"": ""かびが生える"", ""reading"": ""かびがはえる"", ""meaning"": ""mold grows"", ""tags"": []}, {""word"": ""きれいなかび"", ""reading"": ""きれいなかび"", ""meaning"": ""a pretty mold""}, {""word"": ""かびの写真"", ""reading"": ""かびのしゃしん"", ""meaning"": ""a photo of mold""}]","[{""word"": ""がび"", ""reading"": ""がび"", ""meaning"": ""(non-word)""}, {""word"": ""かひ"", ""reading"": ""かひ"", ""meaning"": ""(non-word)""}]",1,Nature,mold,,native Japanese,hiragana,黴,2,false
97,ばら,"[{""word"": ""ばらが好き"", ""reading"": ""ばらがすき"", ""meaning"": ""to like rose"", ""tags"": []}]","[{""word"": ""ばらが好き"", ""reading"": ""ばらがすき"", ""meaning"": ""to like rose"", ""tags"": []}, {""word"": ""きれいなばら"", ""reading"": ""きれいなばら"", ""meaning"": ""a pretty rose""}, {""word"": ""ばらの写真"", ""reading"": ""ばらのしゃしん"", ""meaning"": ""a photo of rose""}]","[{""word"": ""はら"", ""reading"": ""はら"", ""meaning"": ""(non-word)""}]",1,Nature,rose,,native Japanese,hiragana,薔薇,2,false
98,ひまわり,"[{""word"": ""ひまわりが好き"", ""reading"": ""ひまわりがすき"", ""meaning"": ""to like sunflower"", ""tags"": []}]","[{""word"": ""ひまわりが好き"", ""reading"": ""ひまわりがすき"", ""meaning"": ""to like sunflower"", ""tags"": []}, {""word"": ""きれいなひまわり"", ""reading"": ""きれいなひまわり"", ""meaning"": ""a pretty sunflower""}, {""word"": ""ひまわりの写真"", ""reading"": ""ひまわりのしゃしん"", ""meaning"": ""a photo of sunflower""}]","[{""word"": ""びまわり"", ""reading"": ""びまわり"", ""meaning"": ""(non-word)""}, {""word"": ""ひまっわり"", ""reading"": ""ひまっわり"", ""meaning"": ""(non-word)""}, {""word"": ""ひまわ"", ""reading"": ""ひまわ"", ""meaning"": ""(non-word)""}]",1,Nature,sunflower,,native Japanese,hiragana,向日葵,4,false
99,たんぽぽ,"[{""word"": ""たんぽぽが好き"", ""reading"": ""たんぽぽがすき"", ""meaning"": ""to like dandelion"", ""tags"": []}]","[{""word"": ""たんぽぽが好き"", ""reading"": ""たんぽぽがすき"", ""meaning"": ""to like dandelion"", ""tags"": []}, {""word"": ""きれいなたんぽぽ"", ""reading"": ""きれいなたんぽぽ"", ""meaning"": ""a pretty dandelion""}, {""word"": ""たんぽぽの写真"", ""reading"": ""たんぽぽのしゃしん"", ""meaning"": ""a photo of dandelion""}]","[{""word"": ""だんぽぽ"", ""reading"": ""だんぽぽ"", ""meaning"": ""(non-word)""}, {""word"": ""たんっぽぽ"", ""reading"": ""たんっぽぽ"", ""meaning"": ""(non-word)""}, {""word"": ""たんぽ"", ""reading"": ""たんぽ"", ""meaning"": ""(non-word)""}]",1,Nature,dandelion,,native Japanese,hiragana,蒲公英,4,false
100,ねずみ,"[{""word"": ""ねずみがいる"", ""reading"": ""ねずみがいる"", ""meaning"": ""there is a mouse / rat"", ""tags"": []}]","[{""word"": ""ねずみがいる"", ""reading"": ""ねずみがいる"", ""meaning"": ""there is a mouse / rat"", ""tags"": []}, {""word"": ""小さいねずみ"", ""reading"": ""ちいさいねずみ"", ""meaning"": ""a small mouse / rat""}, {""word"": ""ねずみを見に行く"", ""reading"": ""ねずみをみにいく"", ""meaning"": ""go see mouse / rat""}]","[{""word"": ""ねすみ"", ""reading"": ""ねすみ"", ""meaning"": ""(non-word)""}, {""word"": ""ねずっみ"", ""reading"": ""ねずっみ"", ""meaning"": ""(non-word)""}, {""word"": ""ねず"", ""reading"": ""ねず"", ""meaning"": ""(non-word)""}]",1,Animals,mouse / rat,,native Japanese,hiragana,鼠,3,false
101,うさぎ,"[{""word"": ""うさぎがいる"", ""reading"": ""うさぎがいる"", ""meaning"": ""there is a rabbit"", ""tags"": []}]","[{""word"": ""うさぎがいる"", ""reading"": ""うさぎがいる"", ""meaning"": ""there is a rabbit"", ""tags"": []}, {""word"": ""小さいうさぎ"", ""reading"": ""ちいさいうさぎ"", ""meaning"": ""a small rabbit""}, {""word"": ""うさぎを見に行く"", ""reading"": ""うさぎをみにいく"", ""meaning"": ""go see rabbit""}]","[{""word"": ""うざぎ"", ""reading"": ""うざぎ"", ""meaning"": ""(non-word)""}, {""word"": ""うさき"", ""reading"": ""うさき"", ""meaning"": ""(non-word)""}, {""word"": ""うさっぎ"", ""reading"": ""うさっぎ"", ""meaning"": ""(non-word)""}]",1,Animals,rabbit,,native Japanese,hiragana,兎,3,false
102,たぬき,"[{""word"": ""たぬきがいる"", ""reading"": ""たぬきがいる"", ""meaning"": ""there is a raccoon dog"", ""tags"": []}]","[{""word"": ""たぬきがいる"", ""reading"": ""たぬきがいる"", ""meaning"": ""there is a raccoon dog"", ""tags"": []}, {""word"": ""小さいたぬき"", ""reading"": ""ちいさいたぬき"", ""meaning"": ""a small raccoon dog""}, {""word"": ""たぬきを見に行く"", ""reading"": ""たぬきをみにいく"", ""meaning"": ""go see raccoon dog""}]","[{""word"": ""だぬき"", ""reading"": ""だぬき"", ""meaning"": ""(non-word)""}, {""word"": ""たぬぎ"", ""reading"": ""たぬぎ"", ""meaning"": ""(non-word)""}, {""word"": ""たぬっき"", ""reading"": ""たぬっき"", ""meaning"": ""(non-word)""}]",1,Animals,raccoon dog,,native Japanese,hiragana,狸,3,false
103,きつね,"[{""word"": ""きつねがいる"", ""reading"": ""きつねがいる"", ""meaning"": ""there is a fox"", ""tags"": []}]","[{""word"": ""きつねがいる"", ""reading"": ""きつねがいる"", ""meaning"": ""there is a fox"", ""tags"": []}, {""word"": ""小さいきつね"", ""reading"": ""ちいさいきつね"", ""meaning"": ""a small fox""}, {""word"": ""きつねを見に行く"", ""reading"": ""きつねをみにいく"", ""meaning"": ""go see fox""}]","[{""word"": ""ぎつね"", ""reading"": ""ぎつね"", ""meaning"": ""(non-word)""}, {""word"": ""きづね"", ""reading"": ""きづね"", ""meaning"": ""(non-word)""}, {""word"": ""きつっね"", ""reading"": ""きつっね"", ""meaning"": ""(non-word)""}]",1,Animals,fox,,native Japanese,hiragana,狐,3,false
104,らくだ,"[{""word"": ""らくだがいる"", ""reading"": ""らくだがいる"", ""meaning"": ""there is a camel"", ""tags"": []}]","[{""word"": ""らくだがいる"", ""reading"": ""らくだがいる"", ""meaning"": ""there is a camel"", ""tags"": []}, {""word"": ""小さいらくだ"", ""reading"": ""ちいさいらくだ"", ""meaning"": ""a small camel""}, {""word"": ""らくだを見に行く"", ""reading"": ""らくだをみにいく"", ""meaning"": ""go see camel""}]","[{""word"": ""らぐだ"", ""reading"": ""らぐだ"", ""meaning"": ""(non-word)""}, {""word"": ""らくた"", ""reading"": ""らくた"", ""meaning"": ""(non-word)""}, {""word"": ""らくっだ"", ""reading"": ""らくっだ"", ""meaning"": ""(non-word)""}]",1,Animals,camel,,"Sino-Japanese (駱駝, from Chinese)",hiragana,駱駝,3,false
105,きりん,"[{""word"": ""きりんがいる"", ""reading"": ""きりんがいる"", ""meaning"": ""there is a giraffe"", ""tags"": []}]","[{""word"": ""きりんがいる"", ""reading"": ""きりんがいる"", ""meaning"": ""there is a giraffe"", ""tags"": []}, {""word"": ""小さいきりん"", ""reading"": ""ちいさいきりん"", ""meaning"": ""a small giraffe""}, {""word"": ""きりんを見に行く"", ""reading"": ""きりんをみにいく"", ""meaning"": ""go see giraffe""}]","[{""word"": ""ぎりん"", ""reading"": ""ぎりん"", ""meaning"": ""(non-word)""}, {""word"": ""きりっん"", ""reading"": ""きりっん"", ""meaning"": ""(non-word)""}, {""word"": ""きり"", ""reading"": ""きり"", ""meaning"": ""(non-word)""}]",1,Animals,giraffe,,"Sino-Japanese (麒麟, from Chinese)",hiragana,麒麟,3,false
106,いるか,"[{""word"": ""いるかがいる"", ""reading"": ""いるかがいる"", ""meaning"": ""there is a dolphin"", ""tags"": []}]","[{""word"": ""いるかがいる"", ""reading"": ""いるかがいる"", ""meaning"": ""there is a dolphin"", ""tags"": []}, {""word"": ""小さいいるか"", ""reading"": ""ちいさいいるか"", ""meaning"": ""a small dolphin""}, {""word"": ""いるかを見に行く"", ""reading"": ""いるかをみにいく"", ""meaning"": ""go see dolphin""}]","[{""word"": ""いるが"", ""reading"": ""いるが"", ""meaning"": ""(non-word)""}, {""word"": ""いるっか"", ""reading"": ""いるっか"", ""meaning"": ""(non-word)""}, {""word"": ""いる"", ""reading"": ""いる"", ""meaning"": ""(non-word)""}]",1,Animals,dolphin,,native Japanese,hiragana,海豚,3,false
107,さめ,"[{""word"": ""さめがいる"", ""reading"": ""さめがいる"", ""meaning"": ""there is a shark"", ""tags"": []}]","[{""word"": ""さめがいる"", ""reading"": ""さめがいる"", ""meaning"": ""there is a shark"", ""tags"": []}, {""word"": ""小さいさめ"", ""reading"": ""ちいさいさめ"", ""meaning"": ""a small shark""}, {""word"": ""さめを見に行く"", ""reading"": ""さめをみにいく"", ""meaning"": ""go see shark""}]","[{""word"": ""ざめ"", ""reading"": ""ざめ"", ""meaning"": ""(non-word)""}]",1,Animals,shark,,native Japanese,hiragana,鮫,2,false
108,わに,"[{""word"": ""わにがいる"", ""reading"": ""わにがいる"", ""meaning"": ""there is a crocodile"", ""tags"": []}]","[{""word"": ""わにがいる"", ""reading"": ""わにがいる"", ""meaning"": ""there is a crocodile"", ""tags"": []}, {""word"": ""小さいわに"", ""reading"": ""ちいさいわに"", ""meaning"": ""a small crocodile""}, {""word"": ""わにを見に行く"", ""reading"": ""わにをみにいく"", ""meaning"": ""go see crocodile""}]",[],1,Animals,crocodile,,native Japanese,hiragana,鰐,2,false
109,かえる,"[{""word"": ""かえるがいる"", ""reading"": ""かえるがいる"", ""meaning"": ""there is a frog"", ""tags"": []}]","[{""word"": ""かえるがいる"", ""reading"": ""かえるがいる"", ""meaning"": ""there is a frog"", ""tags"": []}, {""word"": ""小さいかえる"", ""reading"": ""ちいさいかえる"", ""meaning"": ""a small frog""}, {""word"": ""かえるを見に行く"", ""reading"": ""かえるをみにいく"", ""meaning"": ""go see frog""}]","[{""word"": ""がえる"", ""reading"": ""がえる"", ""meaning"": ""(non-word)""}, {""word"": ""かえっる"", ""reading"": ""かえっる"", ""meaning"": ""(non-word)""}, {""word"": ""かえ"", ""reading"": ""かえ"", ""meaning"": ""(non-word)""}]",1,Animals,frog,,native Japanese,hiragana,蛙,3,false
110,とかげ,"[{""word"": ""とかげがいる"", ""reading"": ""とかげがいる"", ""meaning"": ""there is a lizard"", ""tags"": []}]","[{""word"": ""とかげがいる"", ""reading"": ""とかげがいる"", ""meaning"": ""there is a lizard"", ""tags"": []}, {""word"": ""小さいとかげ"", ""reading"": ""ちいさいとかげ"", ""meaning"": ""a small lizard""}, {""word"": ""とかげを見に行く"", ""reading"": ""とかげをみにいく"", ""meaning"": ""go see lizard""}]","[{""word"": ""どかげ"", ""reading"": ""どかげ"", ""meaning"": ""(non-word)""}, {""word"": ""とがげ"", ""reading"": ""とがげ"", ""meaning"": ""(non-word)""}, {""word"": ""とかけ"", ""reading"": ""とかけ"", ""meaning"": ""(non-word)""}]",1,Animals,lizard,,native Japanese,hiragana,蜥蜴,3,false
111,たこ,"[{""word"": ""たこがいる"", ""reading"": ""たこがいる"", ""meaning"": ""there is a octopus"", ""tags"": []}]","[{""word"": ""たこがいる"", ""reading"": ""たこがいる"", ""meaning"": ""there is a octopus"", ""tags"": []}, {""word"": ""小さいたこ"", ""reading"": ""ちいさいたこ"", ""meaning"": ""a small octopus""}, {""word"": ""たこを見に行く"", ""reading"": ""たこをみにいく"", ""meaning"": ""go see octopus""}]","[{""word"": ""だこ"", ""reading"": ""だこ"", ""meaning"": ""(non-word)""}, {""word"": ""たご"", ""reading"": ""たご"", ""meaning"": ""(non-word)""}]",1,Animals,octopus,,native Japanese,hiragana,蛸,2,false
112,いか,"[{""word"": ""いかがいる"", ""reading"": ""いかがいる"", ""meaning"": ""there is a squid"", ""tags"": []}]","[{""word"": ""いかがいる"", ""reading"": ""いかがいる"", ""meaning"": ""there is a squid"", ""tags"": []}, {""word"": ""小さいいか"", ""reading"": ""ちいさいいか"", ""meaning"": ""a small squid""}, {""word"": ""いかを見に行く"", ""reading"": ""いかをみにいく"", ""meaning"": ""go see squid""}]","[{""word"": ""いが"", ""reading"": ""いが"", ""meaning"": ""(non-word)""}]",1,Animals,squid,,native Japanese,hiragana,烏賊,2,false
113,えび,"[{""word"": ""えびがいる"", ""reading"": ""えびがいる"", ""meaning"": ""there is a shrimp"", ""tags"": []}]","[{""word"": ""えびがいる"", ""reading"": ""えびがいる"", ""meaning"": ""there is a shrimp"", ""tags"": []}, {""word"": ""小さいえび"", ""reading"": ""ちいさいえび"", ""meaning"": ""a small shrimp""}, {""word"": ""えびを見に行く"", ""reading"": ""えびをみにいく"", ""meaning"": ""go see shrimp""}]","[{""word"": ""えひ"", ""reading"": ""えひ"", ""meaning"": ""(non-word)""}]",1,Animals,shrimp,,native Japanese,hiragana,海老,2,false
114,あり,"[{""word"": ""ありがいる"", ""reading"": ""ありがいる"", ""meaning"": ""there is a ant"", ""tags"": []}]","[{""word"": ""ありがいる"", ""reading"": ""ありがいる"", ""meaning"": ""there is a ant"", ""tags"": []}, {""word"": ""小さいあり"", ""reading"": ""ちいさいあり"", ""meaning"": ""a small ant""}, {""word"": ""ありを見に行く"", ""reading"": ""ありをみにいく"", ""meaning"": ""go see ant""}]",[],1,Animals,ant,,native Japanese,hiragana,蟻,2,false
115,せみ,"[{""word"": ""せみがいる"", ""reading"": ""せみがいる"", ""meaning"": ""there is a cicada"", ""tags"": []}]","[{""word"": ""せみがいる"", ""reading"": ""せみがいる"", ""meaning"": ""there is a cicada"", ""tags"": []}, {""word"": ""小さいせみ"", ""reading"": ""ちいさいせみ"", ""meaning"": ""a small cicada""}, {""word"": ""せみを見に行く"", ""reading"": ""せみをみにいく"", ""meaning"": ""go see cicada""}]","[{""word"": ""ぜみ"", ""reading"": ""ぜみ"", ""meaning"": ""(non-word)""}]",1,Animals,cicada,,native Japanese,hiragana,蝉,2,false
116,くも,"[{""word"": ""くもがいる"", ""reading"": ""くもがいる"", ""meaning"": ""there is a spider"", ""tags"": []}]","[{""word"": ""くもがいる"", ""reading"": ""くもがいる"", ""meaning"": ""there is a spider"", ""tags"": []}, {""word"": ""小さいくも"", ""reading"": ""ちいさいくも"", ""meaning"": ""a small spider""}, {""word"": ""くもを見に行く"", ""reading"": ""くもをみにいく"", ""meaning"": ""go see spider""}]","[{""word"": ""ぐも"", ""reading"": ""ぐも"", ""meaning"": ""(non-word)""}]",1,Animals,spider,,native Japanese,hiragana,蜘蛛,2,false
117,ごきぶり,"[{""word"": ""ごきぶりがいる"", ""reading"": ""ごきぶりがいる"", ""meaning"": ""there is a cockroach"", ""tags"": []}]","[{""word"": ""ごきぶりがいる"", ""reading"": ""ごきぶりがいる"", ""meaning"": ""there is a cockroach"", ""tags"": []}, {""word"": ""小さいごきぶり"", ""reading"": ""ちいさいごきぶり"", ""meaning"": ""a small cockroach""}, {""word"": ""ごきぶりを見に行く"", ""reading"": ""ごきぶりをみにいく"", ""meaning"": ""go see cockroach""}]","[{""word"": ""こきぶり"", ""reading"": ""こきぶり"", ""meaning"": ""(non-word)""}, {""word"": ""ごぎぶり"", ""reading"": ""ごぎぶり"", ""meaning"": ""(non-word)""}, {""word"": ""ごきふり"", ""reading"": ""ごきふり"", ""meaning"": ""(non-word)""}]",1,Animals,cockroach,,native Japanese,hiragana,蜚蠊,4,false
118,みみず,"[{""word"": ""みみずがいる"", ""reading"": ""みみずがいる"", ""meaning"": ""there is a earthworm"", ""tags"": []}]","[{""word"": ""みみずがいる"", ""reading"": ""みみずがいる"", ""meaning"": ""there is a earthworm"", ""tags"": []}, {""word"": ""小さいみみず"", ""reading"": ""ちいさいみみず"", ""meaning"": ""a small earthworm""}, {""word"": ""みみずを見に行く"", ""reading"": ""みみずをみにいく"", ""meaning"": ""go see earthworm""}]","[{""word"": ""みみす"", ""reading"": ""みみす"", ""meaning"": ""(non-word)""}, {""word"": ""みみっず"", ""reading"": ""みみっず"", ""meaning"": ""(non-word)""}, {""word"": ""みみ"", ""reading"": ""みみ"", ""meaning"": ""(non-word)""}]",1,Animals,earthworm,,native Japanese,hiragana,蚯蚓,3,false
119,ふくろう,"[{""word"": ""ふくろうがいる"", ""reading"": ""ふくろうがいる"", ""meaning"": ""there is a owl"", ""tags"": []}]","[{""word"": ""ふくろうがいる"", ""reading"": ""ふくろうがいる"", ""meaning"": ""there is a owl"", ""tags"": []}, {""word"": ""小さいふくろう"", ""reading"": ""ちいさいふくろう"", ""meaning"": ""a small owl""}, {""word"": ""ふくろうを見に行く"", ""reading"": ""ふくろうをみにいく"", ""meaning"": ""go see owl""}]","[{""word"": ""ぶくろう"", ""reading"": ""ぶくろう"", ""meaning"": ""(non-word)""}, {""word"": ""ふぐろう"", ""reading"": ""ふぐろう"", ""meaning"": ""(non-word)""}, {""word"": ""ふくっろう"", ""reading"": ""ふくっろう"", ""meaning"": ""(non-word)""}]",1,Animals,owl,,native Japanese,hiragana,梟,4,false
120,こうもり,"[{""word"": ""こうもりがいる"", ""reading"": ""こうもりがいる"", ""meaning"": ""there is a bat"", ""tags"": []}]","[{""word"": ""こうもりがいる"", ""reading"": ""こうもりがいる"", ""meaning"": ""there is a bat"", ""tags"": []}, {""word"": ""小さいこうもり"", ""reading"": ""ちいさいこうもり"", ""meaning"": ""a small bat""}, {""word"": ""こうもりを見に行く"", ""reading"": ""こうもりをみにいく"", ""meaning"": ""go see bat""}]","[{""word"": ""ごうもり"", ""reading"": ""ごうもり"", ""meaning"": ""(non-word)""}, {""word"": ""こうっもり"", ""reading"": ""こうっもり"", ""meaning"": ""(non-word)""}, {""word"": ""こうも"", ""reading"": ""こうも"", ""meaning"": ""(non-word)""}]",1,Animals,bat,,native Japanese,hiragana,蝙蝠,4,false
121,パン,"[{""word"": ""パンを食べる"", ""reading"": ""ぱんをたべる"", ""meaning"": ""to eat bread"", ""tags"": []}]","[{""word"": ""パンを食べる"", ""reading"": ""ぱんをたべる"", ""meaning"": ""to eat bread"", ""tags"": []}, {""word"": ""パンを買って帰る"", ""reading"": ""ぱんをかってかえる"", ""meaning"": ""buy bread and head home""}, {""word"": ""パンを作る"", ""reading"": ""ぱんをつくる"", ""meaning"": ""make bread""}]","[{""word"": ""パーン"", ""reading"": ""ぱーん"", ""meaning"": ""(non-word)""}, {""word"": ""バン"", ""reading"": ""ばん"", ""meaning"": ""(non-word)""}, {""word"": ""パソ"", ""reading"": ""ぱそ"", ""meaning"": ""(non-word)""}]",2,Dining,bread,,from Portuguese pão,katakana,麺麭,2,false
122,コーヒー,"[{""word"": ""コーヒーを飲む"", ""reading"": ""こーひーをのむ"", ""meaning"": ""to drink coffee"", ""tags"": []}]","[{""word"": ""コーヒーを飲む"", ""reading"": ""こーひーをのむ"", ""meaning"": ""to drink coffee"", ""tags"": []}, {""word"": ""冷たいコーヒー"", ""reading"": ""つめたいこーひー"", ""meaning"": ""a cold coffee""}, {""word"": ""コーヒーを飲みに行く"", ""reading"": ""こーひーをのみにいく"", ""meaning"": ""go out for coffee""}]","[{""word"": ""コヒー"", ""reading"": ""こひー"", ""meaning"": ""(non-word)""}, {""word"": ""ゴーヒー"", ""reading"": ""ごーひー"", ""meaning"": ""(non-word)""}, {""word"": ""コービー"", ""reading"": ""こーびー"", ""meaning"": ""(non-word)""}]",2,Dining,coffee,,from English coffee,katakana,珈琲,4,false
123,ビール,"[{""word"": ""ビールを飲む"", ""reading"": ""びーるをのむ"", ""meaning"": ""to drink beer"", ""tags"": []}]","[{""word"": ""ビールを飲む"", ""reading"": ""びーるをのむ"", ""meaning"": ""to drink beer"", ""tags"": []}, {""word"": ""冷たいビール"", ""reading"": ""つめたいびーる"", ""meaning"": ""a cold beer""}, {""word"": ""ビールを飲みに行く"", ""reading"": ""びーるをのみにいく"", ""meaning"": ""go out for beer""}]","[{""word"": ""ビル"", ""reading"": ""びる"", ""meaning"": ""(non-word)""}, {""word"": ""ピール"", ""reading"": ""ぴーる"", ""meaning"": ""(non-word)""}, {""word"": ""ビーッル"", ""reading"": ""びーっる"", ""meaning"": ""(non-word)""}]",2,Dining,beer,,from Dutch bier,katakana,麦酒,3,false
124,ソーダ,"[{""word"": ""ソーダを飲む"", ""reading"": ""そーだをのむ"", ""meaning"": ""to drink soda"", ""tags"": []}]","[{""word"": ""ソーダを飲む"", ""reading"": ""そーだをのむ"", ""meaning"": ""to drink soda"", ""tags"": []}, {""word"": ""冷たいソーダ"", ""reading"": ""つめたいそーだ"", ""meaning"": ""a cold soda""}, {""word"": ""ソーダを飲みに行く"", ""reading"": ""そーだをのみにいく"", ""meaning"": ""go out for soda""}]","[{""word"": ""ソダ"", ""reading"": ""そだ"", ""meaning"": ""(non-word)""}, {""word"": ""ゾーダ"", ""reading"": ""ぞーだ"", ""meaning"": ""(non-word)""}, {""word"": ""ソータ"", ""reading"": ""そーた"", ""meaning"": ""(non-word)""}]",2,Dining,soda,,from English soda,katakana,曹達,3,false
125,ラーメン,"[{""word"": ""ラーメンを食べる"", ""reading"": ""らーめんをたべる"", ""meaning"": ""to eat ramen"", ""tags"": []}]","[{""word"": ""ラーメンを食べる"", ""reading"": ""らーめんをたべる"", ""meaning"": ""to eat ramen"", ""tags"": []}, {""word"": ""ラーメンを買って帰る"", ""reading"": ""らーめんをかってかえる"", ""meaning"": ""buy ramen and head home""}, {""word"": ""ラーメンを作る"", ""reading"": ""らーめんをつくる"", ""meaning"": ""make ramen""}]","[{""word"": ""ラメン"", ""reading"": ""らめん"", ""meaning"": ""(non-word)""}, {""word"": ""ラーメソ"", ""reading"": ""らーめそ"", ""meaning"": ""(non-word)""}, {""word"": ""ラーッメン"", ""reading"": ""らーっめん"", ""meaning"": ""(non-word)""}]",2,Dining,ramen,,from Chinese 拉麺 (lamian),katakana,拉麺,4,false
126,カステラ,"[{""word"": ""カステラを食べる"", ""reading"": ""かすてらをたべる"", ""meaning"": ""to eat castella cake"", ""tags"": []}]","[{""word"": ""カステラを食べる"", ""reading"": ""かすてらをたべる"", ""meaning"": ""to eat castella cake"", ""tags"": []}, {""word"": ""カステラを買って帰る"", ""reading"": ""かすてらをかってかえる"", ""meaning"": ""buy castella cake and head home""}, {""word"": ""カステラを作る"", ""reading"": ""かすてらをつくる"", ""meaning"": ""make castella cake""}]","[{""word"": ""カーステラ"", ""reading"": ""かーすてら"", ""meaning"": ""(non-word)""}, {""word"": ""ガステラ"", ""reading"": ""がすてら"", ""meaning"": ""(non-word)""}, {""word"": ""カズテラ"", ""reading"": ""かずてら"", ""meaning"": ""(non-word)""}]",2,Dining,castella cake,,from Portuguese (pão de) Castela,katakana,加須底羅,4,false
127,コンペイトウ,"[{""word"": ""コンペイトウを食べる"", ""reading"": ""こんぺいとうをたべる"", ""meaning"": ""to eat konpeito candy"", ""tags"": []}]","[{""word"": ""コンペイトウを食べる"", ""reading"": ""こんぺいとうをたべる"", ""meaning"": ""to eat konpeito candy"", ""tags"": []}, {""word"": ""コンペイトウを買って帰る"", ""reading"": ""こんぺいとうをかってかえる"", ""meaning"": ""buy konpeito candy and head home""}, {""word"": ""コンペイトウを作る"", ""reading"": ""こんぺいとうをつくる"", ""meaning"": ""make konpeito candy""}]","[{""word"": ""コーンペイトウ"", ""reading"": ""こーんぺいとう"", ""meaning"": ""(non-word)""}, {""word"": ""ゴンペイトウ"", ""reading"": ""ごんぺいとう"", ""meaning"": ""(non-word)""}, {""word"": ""コンベイトウ"", ""reading"": ""こんべいとう"", ""meaning"": ""(non-word)""}]",2,Dining,konpeito candy,,from Portuguese confeito,katakana,金平糖,6,false
128,レモン,"[{""word"": ""レモンを食べる"", ""reading"": ""れもんをたべる"", ""meaning"": ""to eat lemon"", ""tags"": []}]","[{""word"": ""レモンを食べる"", ""reading"": ""れもんをたべる"", ""meaning"": ""to eat lemon"", ""tags"": []}, {""word"": ""レモンを買って帰る"", ""reading"": ""れもんをかってかえる"", ""meaning"": ""buy lemon and head home""}, {""word"": ""レモンを作る"", ""reading"": ""れもんをつくる"", ""meaning"": ""make lemon""}]","[{""word"": ""レーモン"", ""reading"": ""れーもん"", ""meaning"": ""(non-word)""}, {""word"": ""レモソ"", ""reading"": ""れもそ"", ""meaning"": ""(non-word)""}, {""word"": ""レモッン"", ""reading"": ""れもっん"", ""meaning"": ""(non-word)""}]",2,Dining,lemon,,from English lemon,katakana,檸檬,3,false
129,バナナ,"[{""word"": ""バナナを食べる"", ""reading"": ""ばななをたべる"", ""meaning"": ""to eat banana"", ""tags"": []}]","[{""word"": ""バナナを食べる"", ""reading"": ""ばななをたべる"", ""meaning"": ""to eat banana"", ""tags"": []}, {""word"": ""バナナを買って帰る"", ""reading"": ""ばななをかってかえる"", ""meaning"": ""buy banana and head home""}, {""word"": ""バナナを作る"", ""reading"": ""ばななをつくる"", ""meaning"": ""make banana""}]","[{""word"": ""バーナナ"", ""reading"": ""ばーなな"", ""meaning"": ""(non-word)""}, {""word"": ""パナナ"", ""reading"": ""ぱなな"", ""meaning"": ""(non-word)""}, {""word"": ""バナッナ"", ""reading"": ""ばなっな"", ""meaning"": ""(non-word)""}]",2,Dining,banana,,from English banana,katakana,甘蕉,3,false
130,トマト,"[{""word"": ""トマトを食べる"", ""reading"": ""とまとをたべる"", ""meaning"": ""to eat tomato"", ""tags"": []}]","[{""word"": ""トマトを食べる"", ""reading"": ""とまとをたべる"", ""meaning"": ""to eat tomato"", ""tags"": []}, {""word"": ""トマトを買って帰る"", ""reading"": ""とまとをかってかえる"", ""meaning"": ""buy tomato and head home""}, {""word"": ""トマトを作る"", ""reading"": ""とまとをつくる"", ""meaning"": ""make tomato""}]","[{""word"": ""トーマト"", ""reading"": ""とーまと"", ""meaning"": ""(non-word)""}, {""word"": ""ドマト"", ""reading"": ""どまと"", ""meaning"": ""(non-word)""}, {""word"": ""トマド"", ""reading"": ""とまど"", ""meaning"": ""(non-word)""}]",2,Dining,tomato,,from English tomato,katakana,蕃茄,3,false
131,キャベツ,"[{""word"": ""キャベツを食べる"", ""reading"": ""きゃべつをたべる"", ""meaning"": ""to eat cabbage"", ""tags"": []}]","[{""word"": ""キャベツを食べる"", ""reading"": ""きゃべつをたべる"", ""meaning"": ""to eat cabbage"", ""tags"": []}, {""word"": ""キャベツを買って帰る"", ""reading"": ""きゃべつをかってかえる"", ""meaning"": ""buy cabbage and head home""}, {""word"": ""キャベツを作る"", ""reading"": ""きゃべつをつくる"", ""meaning"": ""make cabbage""}]","[{""word"": ""キーャベツ"", ""reading"": ""きーゃべつ"", ""meaning"": ""(non-word)""}, {""word"": ""ギャベツ"", ""reading"": ""ぎゃべつ"", ""meaning"": ""(non-word)""}, {""word"": ""キャペツ"", ""reading"": ""きゃぺつ"", ""meaning"": ""(non-word)""}]",2,Dining,cabbage,,from English cabbage,katakana,甘藍,4,false
132,カボチャ,"[{""word"": ""カボチャを食べる"", ""reading"": ""かぼちゃをたべる"", ""meaning"": ""to eat pumpkin"", ""tags"": []}]","[{""word"": ""カボチャを食べる"", ""reading"": ""かぼちゃをたべる"", ""meaning"": ""to eat pumpkin"", ""tags"": []}, {""word"": ""カボチャを買って帰る"", ""reading"": ""かぼちゃをかってかえる"", ""meaning"": ""buy pumpkin and head home""}, {""word"": ""カボチャを作る"", ""reading"": ""かぼちゃをつくる"", ""meaning"": ""make pumpkin""}]","[{""word"": ""カーボチャ"", ""reading"": ""かーぼちゃ"", ""meaning"": ""(non-word)""}, {""word"": ""ガボチャ"", ""reading"": ""がぼちゃ"", ""meaning"": ""(non-word)""}, {""word"": ""カポチャ"", ""reading"": ""かぽちゃ"", ""meaning"": ""(non-word)""}]",2,Dining,pumpkin,,"from Camboja (Cambodia), via Portuguese",katakana,南瓜,4,false
133,トウモロコシ,"[{""word"": ""トウモロコシを食べる"", ""reading"": ""とうもろこしをたべる"", ""meaning"": ""to eat corn"", ""tags"": []}]","[{""word"": ""トウモロコシを食べる"", ""reading"": ""とうもろこしをたべる"", ""meaning"": ""to eat corn"", ""tags"": []}, {""word"": ""トウモロコシを買って帰る"", ""reading"": ""とうもろこしをかってかえる"", ""meaning"": ""buy corn and head home""}, {""word"": ""トウモロコシを作る"", ""reading"": ""とうもろこしをつくる"", ""meaning"": ""make corn""}]","[{""word"": ""トーウモロコシ"", ""reading"": ""とーうもろこし"", ""meaning"": ""(non-word)""}, {""word"": ""ドウモロコシ"", ""reading"": ""どうもろこし"", ""meaning"": ""(non-word)""}, {""word"": ""トウモロゴシ"", ""reading"": ""とうもろごし"", ""meaning"": ""(non-word)""}]",2,Dining,corn,,from English corn,katakana,玉蜀黍,6,false
134,ガラス,"[{""word"": ""ガラスを使う"", ""reading"": ""がらすをつかう"", ""meaning"": ""to use a glass"", ""tags"": []}]","[{""word"": ""ガラスを使う"", ""reading"": ""がらすをつかう"", ""meaning"": ""to use a glass"", ""tags"": []}, {""word"": ""新しいガラス"", ""reading"": ""あたらしいがらす"", ""meaning"": ""a new glass""}, {""word"": ""ガラスを買う"", ""reading"": ""がらすをかう"", ""meaning"": ""buy a glass""}]","[{""word"": ""ガーラス"", ""reading"": ""がーらす"", ""meaning"": ""(non-word)""}, {""word"": ""カラス"", ""reading"": ""からす"", ""meaning"": ""(non-word)""}, {""word"": ""ガラズ"", ""reading"": ""がらず"", ""meaning"": ""(non-word)""}]",2,Household,glass,,from Dutch glas,katakana,硝子,3,false
135,セッケン,"[{""word"": ""セッケンを使う"", ""reading"": ""せっけんをつかう"", ""meaning"": ""to use a soap"", ""tags"": []}]","[{""word"": ""セッケンを使う"", ""reading"": ""せっけんをつかう"", ""meaning"": ""to use a soap"", ""tags"": []}, {""word"": ""新しいセッケン"", ""reading"": ""あたらしいせっけん"", ""meaning"": ""a new soap""}, {""word"": ""セッケンを買う"", ""reading"": ""せっけんをかう"", ""meaning"": ""buy a soap""}]","[{""word"": ""セーッケン"", ""reading"": ""せーっけん"", ""meaning"": ""(non-word)""}, {""word"": ""ゼッケン"", ""reading"": ""ぜっけん"", ""meaning"": ""(non-word)""}, {""word"": ""セッゲン"", ""reading"": ""せっげん"", ""meaning"": ""(non-word)""}]",2,Household,soap,,"Sino-Japanese (石鹸, from Chinese)",katakana,石鹸,4,false
136,ロウソク,"[{""word"": ""ロウソクを使う"", ""reading"": ""ろうそくをつかう"", ""meaning"": ""to use a candle"", ""tags"": []}]","[{""word"": ""ロウソクを使う"", ""reading"": ""ろうそくをつかう"", ""meaning"": ""to use a candle"", ""tags"": []}, {""word"": ""新しいロウソク"", ""reading"": ""あたらしいろうそく"", ""meaning"": ""a new candle""}, {""word"": ""ロウソクを買う"", ""reading"": ""ろうそくをかう"", ""meaning"": ""buy a candle""}]","[{""word"": ""ローウソク"", ""reading"": ""ろーうそく"", ""meaning"": ""(non-word)""}, {""word"": ""ロウゾク"", ""reading"": ""ろうぞく"", ""meaning"": ""(non-word)""}, {""word"": ""ロウソグ"", ""reading"": ""ろうそぐ"", ""meaning"": ""(non-word)""}]",2,Household,candle,,"Sino-Japanese (蝋燭, from Chinese)",katakana,蝋燭,4,false
137,マッチ,"[{""word"": ""マッチを使う"", ""reading"": ""まっちをつかう"", ""meaning"": ""to use a match(stick)"", ""tags"": []}]","[{""word"": ""マッチを使う"", ""reading"": ""まっちをつかう"", ""meaning"": ""to use a match(stick)"", ""tags"": []}, {""word"": ""新しいマッチ"", ""reading"": ""あたらしいまっち"", ""meaning"": ""a new match""}, {""word"": ""マッチを買う"", ""reading"": ""まっちをかう"", ""meaning"": ""buy a match""}]","[{""word"": ""マーッチ"", ""reading"": ""まーっち"", ""meaning"": ""(non-word)""}, {""word"": ""マッヂ"", ""reading"": ""まっぢ"", ""meaning"": ""(non-word)""}, {""word"": ""マチ"", ""reading"": ""まち"", ""meaning"": ""(non-word)""}]",2,Household,match(stick),,from English match,katakana,燐寸,3,false
138,ボタン,"[{""word"": ""ボタンを使う"", ""reading"": ""ぼたんをつかう"", ""meaning"": ""to use a button"", ""tags"": []}]","[{""word"": ""ボタンを使う"", ""reading"": ""ぼたんをつかう"", ""meaning"": ""to use a button"", ""tags"": []}, {""word"": ""新しいボタン"", ""reading"": ""あたらしいぼたん"", ""meaning"": ""a new button""}, {""word"": ""ボタンを買う"", ""reading"": ""ぼたんをかう"", ""meaning"": ""buy a button""}]","[{""word"": ""ボータン"", ""reading"": ""ぼーたん"", ""meaning"": ""(non-word)""}, {""word"": ""ポタン"", ""reading"": ""ぽたん"", ""meaning"": ""(non-word)""}, {""word"": ""ボダン"", ""reading"": ""ぼだん"", ""meaning"": ""(non-word)""}]",2,Household,button,,from Portuguese botão,katakana,釦,3,false
139,ゴム,"[{""word"": ""ゴムを使う"", ""reading"": ""ごむをつかう"", ""meaning"": ""to use a rubber"", ""tags"": []}]","[{""word"": ""ゴムを使う"", ""reading"": ""ごむをつかう"", ""meaning"": ""to use a rubber"", ""tags"": []}, {""word"": ""新しいゴム"", ""reading"": ""あたらしいごむ"", ""meaning"": ""a new rubber""}, {""word"": ""ゴムを買う"", ""reading"": ""ごむをかう"", ""meaning"": ""buy a rubber""}]","[{""word"": ""ゴーム"", ""reading"": ""ごーむ"", ""meaning"": ""(non-word)""}, {""word"": ""コム"", ""reading"": ""こむ"", ""meaning"": ""(non-word)""}]",2,Household,rubber,,from Dutch gom,katakana,護謨,2,false
140,ガス,"[{""word"": ""ガスを止める"", ""reading"": ""がすをとめる"", ""meaning"": ""to turn off the gas"", ""tags"": []}]","[{""word"": ""ガスを止める"", ""reading"": ""がすをとめる"", ""meaning"": ""to turn off the gas"", ""tags"": []}, {""word"": ""新しいガス"", ""reading"": ""あたらしいがす"", ""meaning"": ""a new gas""}, {""word"": ""ガスを買う"", ""reading"": ""がすをかう"", ""meaning"": ""buy a gas""}]","[{""word"": ""ガース"", ""reading"": ""がーす"", ""meaning"": ""(non-word)""}, {""word"": ""カス"", ""reading"": ""かす"", ""meaning"": ""(non-word)""}, {""word"": ""ガズ"", ""reading"": ""がず"", ""meaning"": ""(non-word)""}]",2,Household,gas (utility),,from Dutch gas,katakana,瓦斯,2,false
141,ランプ,"[{""word"": ""ランプを使う"", ""reading"": ""らんぷをつかう"", ""meaning"": ""to use a lamp"", ""tags"": []}]","[{""word"": ""ランプを使う"", ""reading"": ""らんぷをつかう"", ""meaning"": ""to use a lamp"", ""tags"": []}, {""word"": ""新しいランプ"", ""reading"": ""あたらしいらんぷ"", ""meaning"": ""a new lamp""}, {""word"": ""ランプを買う"", ""reading"": ""らんぷをかう"", ""meaning"": ""buy a lamp""}]","[{""word"": ""ラーンプ"", ""reading"": ""らーんぷ"", ""meaning"": ""(non-word)""}, {""word"": ""ランブ"", ""reading"": ""らんぶ"", ""meaning"": ""(non-word)""}, {""word"": ""ラソプ"", ""reading"": ""らそぷ"", ""meaning"": ""(non-word)""}]",2,Household,lamp,,from Dutch/English lamp,katakana,洋灯,3,false
142,ページ,"[{""word"": ""ページを使う"", ""reading"": ""ぺーじをつかう"", ""meaning"": ""to use a page"", ""tags"": []}]","[{""word"": ""ページを使う"", ""reading"": ""ぺーじをつかう"", ""meaning"": ""to use a page"", ""tags"": []}, {""word"": ""新しいページ"", ""reading"": ""あたらしいぺーじ"", ""meaning"": ""a new page""}, {""word"": ""ページを買う"", ""reading"": ""ぺーじをかう"", ""meaning"": ""buy a page""}]","[{""word"": ""ペジ"", ""reading"": ""ぺじ"", ""meaning"": ""(non-word)""}, {""word"": ""ベージ"", ""reading"": ""べーじ"", ""meaning"": ""(non-word)""}, {""word"": ""ペーシ"", ""reading"": ""ぺーし"", ""meaning"": ""(non-word)""}]",2,Household,page,,from English page,katakana,頁,3,false
143,ハブラシ,"[{""word"": ""ハブラシを使う"", ""reading"": ""はぶらしをつかう"", ""meaning"": ""to use a toothbrush"", ""tags"": []}]","[{""word"": ""ハブラシを使う"", ""reading"": ""はぶらしをつかう"", ""meaning"": ""to use a toothbrush"", ""tags"": []}, {""word"": ""新しいハブラシ"", ""reading"": ""あたらしいはぶらし"", ""meaning"": ""a new toothbrush""}, {""word"": ""ハブラシを買う"", ""reading"": ""はぶらしをかう"", ""meaning"": ""buy a toothbrush""}]","[{""word"": ""ハーブラシ"", ""reading"": ""はーぶらし"", ""meaning"": ""(non-word)""}, {""word"": ""バブラシ"", ""reading"": ""ばぶらし"", ""meaning"": ""(non-word)""}, {""word"": ""ハプラシ"", ""reading"": ""はぷらし"", ""meaning"": ""(non-word)""}]",2,Household,toothbrush,,hybrid: 歯 (native) + English brush,katakana,歯刷子,4,false
144,ハシゴ,"[{""word"": ""ハシゴを使う"", ""reading"": ""はしごをつかう"", ""meaning"": ""to use a ladder"", ""tags"": []}]","[{""word"": ""ハシゴを使う"", ""reading"": ""はしごをつかう"", ""meaning"": ""to use a ladder"", ""tags"": []}, {""word"": ""新しいハシゴ"", ""reading"": ""あたらしいはしご"", ""meaning"": ""a new ladder""}, {""word"": ""ハシゴを買う"", ""reading"": ""はしごをかう"", ""meaning"": ""buy a ladder""}]","[{""word"": ""ハーシゴ"", ""reading"": ""はーしご"", ""meaning"": ""(non-word)""}, {""word"": ""バシゴ"", ""reading"": ""ばしご"", ""meaning"": ""(non-word)""}, {""word"": ""ハジゴ"", ""reading"": ""はじご"", ""meaning"": ""(non-word)""}]",2,Household,ladder,,native Japanese,katakana,梯子,3,false
145,ハンコ,"[{""word"": ""ハンコを使う"", ""reading"": ""はんこをつかう"", ""meaning"": ""to use a personal seal / stamp"", ""tags"": []}]","[{""word"": ""ハンコを使う"", ""reading"": ""はんこをつかう"", ""meaning"": ""to use a personal seal / stamp"", ""tags"": []}, {""word"": ""新しいハンコ"", ""reading"": ""あたらしいはんこ"", ""meaning"": ""a new personal seal / stamp""}, {""word"": ""ハンコを買う"", ""reading"": ""はんこをかう"", ""meaning"": ""buy a personal seal / stamp""}]","[{""word"": ""ハーンコ"", ""reading"": ""はーんこ"", ""meaning"": ""(non-word)""}, {""word"": ""バンコ"", ""reading"": ""ばんこ"", ""meaning"": ""(non-word)""}, {""word"": ""ハンゴ"", ""reading"": ""はんご"", ""meaning"": ""(non-word)""}]",2,Household,personal seal / stamp,,from English personal seal / stamp,katakana,判子,3,false
146,ホコリ,"[{""word"": ""ホコリが多い"", ""reading"": ""ほこりがおおい"", ""meaning"": ""a lot of dust"", ""tags"": []}]","[{""word"": ""ホコリが多い"", ""reading"": ""ほこりがおおい"", ""meaning"": ""a lot of dust"", ""tags"": []}, {""word"": ""新しいホコリ"", ""reading"": ""あたらしいほこり"", ""meaning"": ""a new dust""}, {""word"": ""ホコリを買う"", ""reading"": ""ほこりをかう"", ""meaning"": ""buy a dust""}]","[{""word"": ""ホーコリ"", ""reading"": ""ほーこり"", ""meaning"": ""(non-word)""}, {""word"": ""ボコリ"", ""reading"": ""ぼこり"", ""meaning"": ""(non-word)""}, {""word"": ""ホゴリ"", ""reading"": ""ほごり"", ""meaning"": ""(non-word)""}]",2,Household,dust,,native Japanese,katakana,埃,3,false
147,カッパ,"[{""word"": ""カッパを使う"", ""reading"": ""かっぱをつかう"", ""meaning"": ""to use a raincoat"", ""tags"": []}]","[{""word"": ""カッパを使う"", ""reading"": ""かっぱをつかう"", ""meaning"": ""to use a raincoat"", ""tags"": []}, {""word"": ""新しいカッパ"", ""reading"": ""あたらしいかっぱ"", ""meaning"": ""a new raincoat""}, {""word"": ""カッパを買う"", ""reading"": ""かっぱをかう"", ""meaning"": ""buy a raincoat""}]","[{""word"": ""カーッパ"", ""reading"": ""かーっぱ"", ""meaning"": ""(non-word)""}, {""word"": ""ガッパ"", ""reading"": ""がっぱ"", ""meaning"": ""(non-word)""}, {""word"": ""カッバ"", ""reading"": ""かっば"", ""meaning"": ""(non-word)""}]",2,Household,raincoat,,from Portuguese capa,katakana,合羽,3,false
148,レンガ,"[{""word"": ""レンガを使う"", ""reading"": ""れんがをつかう"", ""meaning"": ""to use a brick"", ""tags"": []}]","[{""word"": ""レンガを使う"", ""reading"": ""れんがをつかう"", ""meaning"": ""to use a brick"", ""tags"": []}, {""word"": ""新しいレンガ"", ""reading"": ""あたらしいれんが"", ""meaning"": ""a new brick""}, {""word"": ""レンガを買う"", ""reading"": ""れんがをかう"", ""meaning"": ""buy a brick""}]","[{""word"": ""レーンガ"", ""reading"": ""れーんが"", ""meaning"": ""(non-word)""}, {""word"": ""レンカ"", ""reading"": ""れんか"", ""meaning"": ""(non-word)""}, {""word"": ""レソガ"", ""reading"": ""れそが"", ""meaning"": ""(non-word)""}]",2,Household,brick,,native (煉瓦 is on-reading Sino-Japanese),katakana,煉瓦,3,false
149,フスマ,"[{""word"": ""フスマを使う"", ""reading"": ""ふすまをつかう"", ""meaning"": ""to use a sliding paper door"", ""tags"": []}]","[{""word"": ""フスマを使う"", ""reading"": ""ふすまをつかう"", ""meaning"": ""to use a sliding paper door"", ""tags"": []}, {""word"": ""新しいフスマ"", ""reading"": ""あたらしいふすま"", ""meaning"": ""a new sliding paper door""}, {""word"": ""フスマを買う"", ""reading"": ""ふすまをかう"", ""meaning"": ""buy a sliding paper door""}]","[{""word"": ""フースマ"", ""reading"": ""ふーすま"", ""meaning"": ""(non-word)""}, {""word"": ""ブスマ"", ""reading"": ""ぶすま"", ""meaning"": ""(non-word)""}, {""word"": ""フズマ"", ""reading"": ""ふずま"", ""meaning"": ""(non-word)""}]",2,Household,sliding paper door,,native Japanese,katakana,襖,3,false
150,ジョウロ,"[{""word"": ""ジョウロを使う"", ""reading"": ""じょうろをつかう"", ""meaning"": ""to use a watering can"", ""tags"": []}]","[{""word"": ""ジョウロを使う"", ""reading"": ""じょうろをつかう"", ""meaning"": ""to use a watering can"", ""tags"": []}, {""word"": ""新しいジョウロ"", ""reading"": ""あたらしいじょうろ"", ""meaning"": ""a new watering can""}, {""word"": ""ジョウロを買う"", ""reading"": ""じょうろをかう"", ""meaning"": ""buy a watering can""}]","[{""word"": ""ジーョウロ"", ""reading"": ""じーょうろ"", ""meaning"": ""(non-word)""}, {""word"": ""ショウロ"", ""reading"": ""しょうろ"", ""meaning"": ""(non-word)""}, {""word"": ""ジョッウロ"", ""reading"": ""じょっうろ"", ""meaning"": ""(non-word)""}]",2,Household,watering can,,poss. from Portuguese jorro,katakana,如雨露,4,false
151,ブランコ,"[{""word"": ""ブランコを使う"", ""reading"": ""ぶらんこをつかう"", ""meaning"": ""to use a swing"", ""tags"": []}]","[{""word"": ""ブランコを使う"", ""reading"": ""ぶらんこをつかう"", ""meaning"": ""to use a swing"", ""tags"": []}, {""word"": ""新しいブランコ"", ""reading"": ""あたらしいぶらんこ"", ""meaning"": ""a new swing""}, {""word"": ""ブランコを買う"", ""reading"": ""ぶらんこをかう"", ""meaning"": ""buy a swing""}]","[{""word"": ""ブーランコ"", ""reading"": ""ぶーらんこ"", ""meaning"": ""(non-word)""}, {""word"": ""プランコ"", ""reading"": ""ぷらんこ"", ""meaning"": ""(non-word)""}, {""word"": ""ブランゴ"", ""reading"": ""ぶらんご"", ""meaning"": ""(non-word)""}]",2,Household,swing (playground),,poss. from Portuguese balanço,katakana,鞦韆,4,false
152,サイコロ,"[{""word"": ""サイコロを使う"", ""reading"": ""さいころをつかう"", ""meaning"": ""to use a dice"", ""tags"": []}]","[{""word"": ""サイコロを使う"", ""reading"": ""さいころをつかう"", ""meaning"": ""to use a dice"", ""tags"": []}, {""word"": ""新しいサイコロ"", ""reading"": ""あたらしいさいころ"", ""meaning"": ""a new dice""}, {""word"": ""サイコロを買う"", ""reading"": ""さいころをかう"", ""meaning"": ""buy a dice""}]","[{""word"": ""サーイコロ"", ""reading"": ""さーいころ"", ""meaning"": ""(non-word)""}, {""word"": ""ザイコロ"", ""reading"": ""ざいころ"", ""meaning"": ""(non-word)""}, {""word"": ""サイゴロ"", ""reading"": ""さいごろ"", ""meaning"": ""(non-word)""}]",2,Household,dice,,native Japanese,katakana,骰子,4,false
153,クジ,"[{""word"": ""クジに当たる"", ""reading"": ""くじにあたる"", ""meaning"": ""to win a raffle"", ""tags"": []}]","[{""word"": ""クジに当たる"", ""reading"": ""くじにあたる"", ""meaning"": ""to win a raffle"", ""tags"": []}, {""word"": ""新しいクジ"", ""reading"": ""あたらしいくじ"", ""meaning"": ""a new lottery / raffle""}, {""word"": ""クジを買う"", ""reading"": ""くじをかう"", ""meaning"": ""buy a lottery / raffle""}]","[{""word"": ""クージ"", ""reading"": ""くーじ"", ""meaning"": ""(non-word)""}, {""word"": ""グジ"", ""reading"": ""ぐじ"", ""meaning"": ""(non-word)""}, {""word"": ""クシ"", ""reading"": ""くし"", ""meaning"": ""(non-word)""}]",2,Household,lottery / raffle,,native Japanese,katakana,籤,2,false
154,カタログ,"[{""word"": ""カタログを使う"", ""reading"": ""かたろぐをつかう"", ""meaning"": ""to use a catalog"", ""tags"": []}]","[{""word"": ""カタログを使う"", ""reading"": ""かたろぐをつかう"", ""meaning"": ""to use a catalog"", ""tags"": []}, {""word"": ""新しいカタログ"", ""reading"": ""あたらしいかたろぐ"", ""meaning"": ""a new catalog""}, {""word"": ""カタログを買う"", ""reading"": ""かたろぐをかう"", ""meaning"": ""buy a catalog""}]","[{""word"": ""カータログ"", ""reading"": ""かーたろぐ"", ""meaning"": ""(non-word)""}, {""word"": ""ガタログ"", ""reading"": ""がたろぐ"", ""meaning"": ""(non-word)""}, {""word"": ""カダログ"", ""reading"": ""かだろぐ"", ""meaning"": ""(non-word)""}]",2,Household,catalog,,from English catalog,katakana,型録,4,false
155,クラブ,"[{""word"": ""クラブに行く"", ""reading"": ""くらぶにいく"", ""meaning"": ""to go to the club"", ""tags"": []}]","[{""word"": ""クラブに行く"", ""reading"": ""くらぶにいく"", ""meaning"": ""to go to the club"", ""tags"": []}, {""word"": ""クラブの前で"", ""reading"": ""くらぶのまえで"", ""meaning"": ""in front of the club""}, {""word"": ""駅の近くのクラブ"", ""reading"": ""えきのちかくのくらぶ"", ""meaning"": ""the club near the station""}]","[{""word"": ""クーラブ"", ""reading"": ""くーらぶ"", ""meaning"": ""(non-word)""}, {""word"": ""グラブ"", ""reading"": ""ぐらぶ"", ""meaning"": ""(non-word)""}, {""word"": ""クラプ"", ""reading"": ""くらぷ"", ""meaning"": ""(non-word)""}]",2,City,club,,from English club,katakana,倶楽部,3,false
156,ロマン,"[{""word"": ""ロマンが好き"", ""reading"": ""ろまんがすき"", ""meaning"": ""to like romance / romanticism"", ""tags"": []}]","[{""word"": ""ロマンが好き"", ""reading"": ""ろまんがすき"", ""meaning"": ""to like romance / romanticism"", ""tags"": []}, {""word"": ""ロマンがある"", ""reading"": ""ろまんがある"", ""meaning"": ""to have romance""}, {""word"": ""旅のロマン"", ""reading"": ""たびのろまん"", ""meaning"": ""the romance of travel""}]","[{""word"": ""ローマン"", ""reading"": ""ろーまん"", ""meaning"": ""(non-word)""}, {""word"": ""ロマソ"", ""reading"": ""ろまそ"", ""meaning"": ""(non-word)""}, {""word"": ""ロマッン"", ""reading"": ""ろまっん"", ""meaning"": ""(non-word)""}]",2,Behavior,romance / romanticism,,from English romance / romanticism,katakana,浪漫,3,false
157,アメリカ,"[{""word"": ""アメリカに行きたい"", ""reading"": ""あめりかにいきたい"", ""meaning"": ""I want to go to America"", ""tags"": []}]","[{""word"": ""アメリカに行きたい"", ""reading"": ""あめりかにいきたい"", ""meaning"": ""I want to go to America"", ""tags"": []}, {""word"": ""アメリカの食べ物"", ""reading"": ""あめりかのたべもの"", ""meaning"": ""America food""}, {""word"": ""アメリカの言葉"", ""reading"": ""あめりかのことば"", ""meaning"": ""the language of America""}]","[{""word"": ""アーメリカ"", ""reading"": ""あーめりか"", ""meaning"": ""(non-word)""}, {""word"": ""アメリガ"", ""reading"": ""あめりが"", ""meaning"": ""(non-word)""}, {""word"": ""アメッリカ"", ""reading"": ""あめっりか"", ""meaning"": ""(non-word)""}]",2,Countries,America (米),,from English America,katakana,亜米利加,4,false
158,イギリス,"[{""word"": ""イギリスに行きたい"", ""reading"": ""いぎりすにいきたい"", ""meaning"": ""I want to go to Britain"", ""tags"": []}]","[{""word"": ""イギリスに行きたい"", ""reading"": ""いぎりすにいきたい"", ""meaning"": ""I want to go to Britain"", ""tags"": []}, {""word"": ""イギリスの食べ物"", ""reading"": ""いぎりすのたべもの"", ""meaning"": ""Britain food""}, {""word"": ""イギリスの言葉"", ""reading"": ""いぎりすのことば"", ""meaning"": ""the language of Britain""}]","[{""word"": ""イーギリス"", ""reading"": ""いーぎりす"", ""meaning"": ""(non-word)""}, {""word"": ""イキリス"", ""reading"": ""いきりす"", ""meaning"": ""(non-word)""}, {""word"": ""イギリズ"", ""reading"": ""いぎりず"", ""meaning"": ""(non-word)""}]",2,Countries,Britain (英),,from English Britain,katakana,英吉利,4,false
159,フランス,"[{""word"": ""フランスに行きたい"", ""reading"": ""ふらんすにいきたい"", ""meaning"": ""I want to go to France"", ""tags"": []}]","[{""word"": ""フランスに行きたい"", ""reading"": ""ふらんすにいきたい"", ""meaning"": ""I want to go to France"", ""tags"": []}, {""word"": ""フランスの食べ物"", ""reading"": ""ふらんすのたべもの"", ""meaning"": ""France food""}, {""word"": ""フランスの言葉"", ""reading"": ""ふらんすのことば"", ""meaning"": ""the language of France""}]","[{""word"": ""フーランス"", ""reading"": ""ふーらんす"", ""meaning"": ""(non-word)""}, {""word"": ""ブランス"", ""reading"": ""ぶらんす"", ""meaning"": ""(non-word)""}, {""word"": ""フランズ"", ""reading"": ""ふらんず"", ""meaning"": ""(non-word)""}]",2,Countries,France (仏),,from English France,katakana,仏蘭西,4,false
160,ドイツ,"[{""word"": ""ドイツに行きたい"", ""reading"": ""どいつにいきたい"", ""meaning"": ""I want to go to Germany"", ""tags"": []}]","[{""word"": ""ドイツに行きたい"", ""reading"": ""どいつにいきたい"", ""meaning"": ""I want to go to Germany"", ""tags"": []}, {""word"": ""ドイツの食べ物"", ""reading"": ""どいつのたべもの"", ""meaning"": ""Germany food""}, {""word"": ""ドイツの言葉"", ""reading"": ""どいつのことば"", ""meaning"": ""the language of Germany""}]","[{""word"": ""ドーイツ"", ""reading"": ""どーいつ"", ""meaning"": ""(non-word)""}, {""word"": ""トイツ"", ""reading"": ""といつ"", ""meaning"": ""(non-word)""}, {""word"": ""ドイヅ"", ""reading"": ""どいづ"", ""meaning"": ""(non-word)""}]",2,Countries,Germany (独),,from English Germany,katakana,独逸,3,false
161,イタリア,"[{""word"": ""イタリアに行きたい"", ""reading"": ""いたりあにいきたい"", ""meaning"": ""I want to go to Italy"", ""tags"": []}]","[{""word"": ""イタリアに行きたい"", ""reading"": ""いたりあにいきたい"", ""meaning"": ""I want to go to Italy"", ""tags"": []}, {""word"": ""イタリアの食べ物"", ""reading"": ""いたりあのたべもの"", ""meaning"": ""Italy food""}, {""word"": ""イタリアの言葉"", ""reading"": ""いたりあのことば"", ""meaning"": ""the language of Italy""}]","[{""word"": ""イータリア"", ""reading"": ""いーたりあ"", ""meaning"": ""(non-word)""}, {""word"": ""イダリア"", ""reading"": ""いだりあ"", ""meaning"": ""(non-word)""}, {""word"": ""イタッリア"", ""reading"": ""いたっりあ"", ""meaning"": ""(non-word)""}]",2,Countries,Italy (伊),,from English Italy,katakana,伊太利亜,4,false
162,スペイン,"[{""word"": ""スペインに行きたい"", ""reading"": ""すぺいんにいきたい"", ""meaning"": ""I want to go to Spain"", ""tags"": []}]","[{""word"": ""スペインに行きたい"", ""reading"": ""すぺいんにいきたい"", ""meaning"": ""I want to go to Spain"", ""tags"": []}, {""word"": ""スペインの食べ物"", ""reading"": ""すぺいんのたべもの"", ""meaning"": ""Spain food""}, {""word"": ""スペインの言葉"", ""reading"": ""すぺいんのことば"", ""meaning"": ""the language of Spain""}]","[{""word"": ""スーペイン"", ""reading"": ""すーぺいん"", ""meaning"": ""(non-word)""}, {""word"": ""ズペイン"", ""reading"": ""ずぺいん"", ""meaning"": ""(non-word)""}, {""word"": ""スベイン"", ""reading"": ""すべいん"", ""meaning"": ""(non-word)""}]",2,Countries,Spain (西),,from English Spain,katakana,西班牙,4,false
163,ロシア,"[{""word"": ""ロシアに行きたい"", ""reading"": ""ろしあにいきたい"", ""meaning"": ""I want to go to Russia"", ""tags"": []}]","[{""word"": ""ロシアに行きたい"", ""reading"": ""ろしあにいきたい"", ""meaning"": ""I want to go to Russia"", ""tags"": []}, {""word"": ""ロシアの食べ物"", ""reading"": ""ろしあのたべもの"", ""meaning"": ""Russia food""}, {""word"": ""ロシアの言葉"", ""reading"": ""ろしあのことば"", ""meaning"": ""the language of Russia""}]","[{""word"": ""ローシア"", ""reading"": ""ろーしあ"", ""meaning"": ""(non-word)""}, {""word"": ""ロジア"", ""reading"": ""ろじあ"", ""meaning"": ""(non-word)""}, {""word"": ""ロツア"", ""reading"": ""ろつあ"", ""meaning"": ""(non-word)""}]",2,Countries,Russia (露),,from English Russia,katakana,露西亜,3,false
164,オランダ,"[{""word"": ""オランダに行きたい"", ""reading"": ""おらんだにいきたい"", ""meaning"": ""I want to go to Netherlands"", ""tags"": []}]","[{""word"": ""オランダに行きたい"", ""reading"": ""おらんだにいきたい"", ""meaning"": ""I want to go to Netherlands"", ""tags"": []}, {""word"": ""オランダの食べ物"", ""reading"": ""おらんだのたべもの"", ""meaning"": ""Netherlands food""}, {""word"": ""オランダの言葉"", ""reading"": ""おらんだのことば"", ""meaning"": ""the language of Netherlands""}]","[{""word"": ""オーランダ"", ""reading"": ""おーらんだ"", ""meaning"": ""(non-word)""}, {""word"": ""オランタ"", ""reading"": ""おらんた"", ""meaning"": ""(non-word)""}, {""word"": ""オラソダ"", ""reading"": ""おらそだ"", ""meaning"": ""(non-word)""}]",2,Countries,Netherlands (蘭),,from English Netherlands,katakana,阿蘭陀,4,false
165,インド,"[{""word"": ""インドに行きたい"", ""reading"": ""いんどにいきたい"", ""meaning"": ""I want to go to India"", ""tags"": []}]","[{""word"": ""インドに行きたい"", ""reading"": ""いんどにいきたい"", ""meaning"": ""I want to go to India"", ""tags"": []}, {""word"": ""インドの食べ物"", ""reading"": ""いんどのたべもの"", ""meaning"": ""India food""}, {""word"": ""インドの言葉"", ""reading"": ""いんどのことば"", ""meaning"": ""the language of India""}]","[{""word"": ""イーンド"", ""reading"": ""いーんど"", ""meaning"": ""(non-word)""}, {""word"": ""イント"", ""reading"": ""いんと"", ""meaning"": ""(non-word)""}, {""word"": ""イソド"", ""reading"": ""いそど"", ""meaning"": ""(non-word)""}]",2,Countries,India (印),,from English India,katakana,印度,3,false
166,アジア,"[{""word"": ""アジアに行きたい"", ""reading"": ""あじあにいきたい"", ""meaning"": ""I want to go to Asia"", ""tags"": []}]","[{""word"": ""アジアに行きたい"", ""reading"": ""あじあにいきたい"", ""meaning"": ""I want to go to Asia"", ""tags"": []}, {""word"": ""アジアの食べ物"", ""reading"": ""あじあのたべもの"", ""meaning"": ""Asia food""}, {""word"": ""アジアの言葉"", ""reading"": ""あじあのことば"", ""meaning"": ""the language of Asia""}]","[{""word"": ""アージア"", ""reading"": ""あーじあ"", ""meaning"": ""(non-word)""}, {""word"": ""アシア"", ""reading"": ""あしあ"", ""meaning"": ""(non-word)""}, {""word"": ""アジッア"", ""reading"": ""あじっあ"", ""meaning"": ""(non-word)""}]",2,Countries,Asia (亜),,from English Asia,katakana,亜細亜,3,false
167,ヨーロッパ,"[{""word"": ""ヨーロッパに行きたい"", ""reading"": ""よーろっぱにいきたい"", ""meaning"": ""I want to go to Europe"", ""tags"": []}]","[{""word"": ""ヨーロッパに行きたい"", ""reading"": ""よーろっぱにいきたい"", ""meaning"": ""I want to go to Europe"", ""tags"": []}, {""word"": ""ヨーロッパの食べ物"", ""reading"": ""よーろっぱのたべもの"", ""meaning"": ""Europe food""}, {""word"": ""ヨーロッパの言葉"", ""reading"": ""よーろっぱのことば"", ""meaning"": ""the language of Europe""}]","[{""word"": ""ヨロッパ"", ""reading"": ""よろっぱ"", ""meaning"": ""(non-word)""}, {""word"": ""ヨーロッバ"", ""reading"": ""よーろっば"", ""meaning"": ""(non-word)""}, {""word"": ""ヨーロパ"", ""reading"": ""よーろぱ"", ""meaning"": ""(non-word)""}]",2,Countries,Europe (欧),,from English Europe,katakana,欧羅巴,5,false
168,パリ,"[{""word"": ""パリに行きたい"", ""reading"": ""ぱりにいきたい"", ""meaning"": ""I want to go to Paris"", ""tags"": []}]","[{""word"": ""パリに行きたい"", ""reading"": ""ぱりにいきたい"", ""meaning"": ""I want to go to Paris"", ""tags"": []}, {""word"": ""パリの食べ物"", ""reading"": ""ぱりのたべもの"", ""meaning"": ""Paris food""}, {""word"": ""パリの言葉"", ""reading"": ""ぱりのことば"", ""meaning"": ""the language of Paris""}]","[{""word"": ""パーリ"", ""reading"": ""ぱーり"", ""meaning"": ""(non-word)""}, {""word"": ""バリ"", ""reading"": ""ばり"", ""meaning"": ""(non-word)""}]",2,Countries,Paris,,from English Paris,katakana,巴里,2,false
169,ロンドン,"[{""word"": ""ロンドンに行きたい"", ""reading"": ""ろんどんにいきたい"", ""meaning"": ""I want to go to London"", ""tags"": []}]","[{""word"": ""ロンドンに行きたい"", ""reading"": ""ろんどんにいきたい"", ""meaning"": ""I want to go to London"", ""tags"": []}, {""word"": ""ロンドンの食べ物"", ""reading"": ""ろんどんのたべもの"", ""meaning"": ""London food""}, {""word"": ""ロンドンの言葉"", ""reading"": ""ろんどんのことば"", ""meaning"": ""the language of London""}]","[{""word"": ""ローンドン"", ""reading"": ""ろーんどん"", ""meaning"": ""(non-word)""}, {""word"": ""ロントン"", ""reading"": ""ろんとん"", ""meaning"": ""(non-word)""}, {""word"": ""ロソドン"", ""reading"": ""ろそどん"", ""meaning"": ""(non-word)""}]",2,Countries,London,,from English London,katakana,倫敦,4,false
170,ニューヨーク,"[{""word"": ""ニューヨークに行きたい"", ""reading"": ""にゅーよーくにいきたい"", ""meaning"": ""I want to go to New York"", ""tags"": []}]","[{""word"": ""ニューヨークに行きたい"", ""reading"": ""にゅーよーくにいきたい"", ""meaning"": ""I want to go to New York"", ""tags"": []}, {""word"": ""ニューヨークの食べ物"", ""reading"": ""にゅーよーくのたべもの"", ""meaning"": ""New York food""}, {""word"": ""ニューヨークの言葉"", ""reading"": ""にゅーよーくのことば"", ""meaning"": ""the language of New York""}]","[{""word"": ""ニュヨーク"", ""reading"": ""にゅよーく"", ""meaning"": ""(non-word)""}, {""word"": ""ニューヨーグ"", ""reading"": ""にゅーよーぐ"", ""meaning"": ""(non-word)""}, {""word"": ""ニューヨーワ"", ""reading"": ""にゅーよーわ"", ""meaning"": ""(non-word)""}]",2,Countries,New York,,from English New York,katakana,紐育,6,false
171,ソファ,"[{""word"": ""ソファを使う"", ""reading"": ""そふぁをつかう"", ""meaning"": ""to use a sofa"", ""tags"": []}]","[{""word"": ""ソファを使う"", ""reading"": ""そふぁをつかう"", ""meaning"": ""to use a sofa"", ""tags"": []}, {""word"": ""新しいソファ"", ""reading"": ""あたらしいそふぁ"", ""meaning"": ""a new sofa""}, {""word"": ""ソファを買う"", ""reading"": ""そふぁをかう"", ""meaning"": ""buy a sofa""}]","[{""word"": ""ソーファ"", ""reading"": ""そーふぁ"", ""meaning"": ""(non-word)""}, {""word"": ""ゾファ"", ""reading"": ""ぞふぁ"", ""meaning"": ""(non-word)""}, {""word"": ""ソブァ"", ""reading"": ""そぶぁ"", ""meaning"": ""(non-word)""}]",3,Household,sofa,,from English sofa,katakana,,3,false
172,ソファベッド,"[{""word"": ""ソファベッドを使う"", ""reading"": ""そふぁべっどをつかう"", ""meaning"": ""to use a sofa bed"", ""tags"": []}]","[{""word"": ""ソファベッドを使う"", ""reading"": ""そふぁべっどをつかう"", ""meaning"": ""to use a sofa bed"", ""tags"": []}, {""word"": ""新しいソファベッド"", ""reading"": ""あたらしいそふぁべっど"", ""meaning"": ""a new sofa bed""}, {""word"": ""ソファベッドを買う"", ""reading"": ""そふぁべっどをかう"", ""meaning"": ""buy a sofa bed""}]","[{""word"": ""ソーファベッド"", ""reading"": ""そーふぁべっど"", ""meaning"": ""(non-word)""}, {""word"": ""ゾファベッド"", ""reading"": ""ぞふぁべっど"", ""meaning"": ""(non-word)""}, {""word"": ""ソブァベッド"", ""reading"": ""そぶぁべっど"", ""meaning"": ""(non-word)""}]",3,Household,sofa bed,,from English sofa bed,katakana,,6,false
173,ベッド,"[{""word"": ""ベッドを使う"", ""reading"": ""べっどをつかう"", ""meaning"": ""to use a bed"", ""tags"": []}]","[{""word"": ""ベッドを使う"", ""reading"": ""べっどをつかう"", ""meaning"": ""to use a bed"", ""tags"": []}, {""word"": ""新しいベッド"", ""reading"": ""あたらしいべっど"", ""meaning"": ""a new bed""}, {""word"": ""ベッドを買う"", ""reading"": ""べっどをかう"", ""meaning"": ""buy a bed""}]","[{""word"": ""ベーッド"", ""reading"": ""べーっど"", ""meaning"": ""(non-word)""}, {""word"": ""ペッド"", ""reading"": ""ぺっど"", ""meaning"": ""(non-word)""}, {""word"": ""ベット"", ""reading"": ""べっと"", ""meaning"": ""(non-word)""}]",3,Household,bed,,from English bed,katakana,,3,false
174,テーブル,"[{""word"": ""テーブルを使う"", ""reading"": ""てーぶるをつかう"", ""meaning"": ""to use a table"", ""tags"": []}]","[{""word"": ""テーブルを使う"", ""reading"": ""てーぶるをつかう"", ""meaning"": ""to use a table"", ""tags"": []}, {""word"": ""新しいテーブル"", ""reading"": ""あたらしいてーぶる"", ""meaning"": ""a new table""}, {""word"": ""テーブルを買う"", ""reading"": ""てーぶるをかう"", ""meaning"": ""buy a table""}]","[{""word"": ""テブル"", ""reading"": ""てぶる"", ""meaning"": ""(non-word)""}, {""word"": ""デーブル"", ""reading"": ""でーぶる"", ""meaning"": ""(non-word)""}, {""word"": ""テープル"", ""reading"": ""てーぷる"", ""meaning"": ""(non-word)""}]",3,Household,table,,from English table,katakana,,4,false
175,カーテン,"[{""word"": ""カーテンを使う"", ""reading"": ""かーてんをつかう"", ""meaning"": ""to use a curtain"", ""tags"": []}]","[{""word"": ""カーテンを使う"", ""reading"": ""かーてんをつかう"", ""meaning"": ""to use a curtain"", ""tags"": []}, {""word"": ""新しいカーテン"", ""reading"": ""あたらしいかーてん"", ""meaning"": ""a new curtain""}, {""word"": ""カーテンを買う"", ""reading"": ""かーてんをかう"", ""meaning"": ""buy a curtain""}]","[{""word"": ""カテン"", ""reading"": ""かてん"", ""meaning"": ""(non-word)""}, {""word"": ""ガーテン"", ""reading"": ""がーてん"", ""meaning"": ""(non-word)""}, {""word"": ""カーデン"", ""reading"": ""かーでん"", ""meaning"": ""(non-word)""}]",3,Household,curtain,,from English curtain,katakana,,4,false
176,カーペット,"[{""word"": ""カーペットを使う"", ""reading"": ""かーぺっとをつかう"", ""meaning"": ""to use a carpet"", ""tags"": []}]","[{""word"": ""カーペットを使う"", ""reading"": ""かーぺっとをつかう"", ""meaning"": ""to use a carpet"", ""tags"": []}, {""word"": ""新しいカーペット"", ""reading"": ""あたらしいかーぺっと"", ""meaning"": ""a new carpet""}, {""word"": ""カーペットを買う"", ""reading"": ""かーぺっとをかう"", ""meaning"": ""buy a carpet""}]","[{""word"": ""カペット"", ""reading"": ""かぺっと"", ""meaning"": ""(non-word)""}, {""word"": ""ガーペット"", ""reading"": ""がーぺっと"", ""meaning"": ""(non-word)""}, {""word"": ""カーベット"", ""reading"": ""かーべっと"", ""meaning"": ""(non-word)""}]",3,Household,carpet,,from English carpet,katakana,,5,false
177,クッション,"[{""word"": ""クッションを使う"", ""reading"": ""くっしょんをつかう"", ""meaning"": ""to use a cushion"", ""tags"": []}]","[{""word"": ""クッションを使う"", ""reading"": ""くっしょんをつかう"", ""meaning"": ""to use a cushion"", ""tags"": []}, {""word"": ""新しいクッション"", ""reading"": ""あたらしいくっしょん"", ""meaning"": ""a new cushion""}, {""word"": ""クッションを買う"", ""reading"": ""くっしょんをかう"", ""meaning"": ""buy a cushion""}]","[{""word"": ""クーッション"", ""reading"": ""くーっしょん"", ""meaning"": ""(non-word)""}, {""word"": ""グッション"", ""reading"": ""ぐっしょん"", ""meaning"": ""(non-word)""}, {""word"": ""クッジョン"", ""reading"": ""くっじょん"", ""meaning"": ""(non-word)""}]",3,Household,cushion,,from English cushion,katakana,,5,false
178,マットレス,"[{""word"": ""マットレスを使う"", ""reading"": ""まっとれすをつかう"", ""meaning"": ""to use a mattress"", ""tags"": []}]","[{""word"": ""マットレスを使う"", ""reading"": ""まっとれすをつかう"", ""meaning"": ""to use a mattress"", ""tags"": []}, {""word"": ""新しいマットレス"", ""reading"": ""あたらしいまっとれす"", ""meaning"": ""a new mattress""}, {""word"": ""マットレスを買う"", ""reading"": ""まっとれすをかう"", ""meaning"": ""buy a mattress""}]","[{""word"": ""マーットレス"", ""reading"": ""まーっとれす"", ""meaning"": ""(non-word)""}, {""word"": ""マッドレス"", ""reading"": ""まっどれす"", ""meaning"": ""(non-word)""}, {""word"": ""マットレズ"", ""reading"": ""まっとれず"", ""meaning"": ""(non-word)""}]",3,Household,mattress,,from English mattress,katakana,,5,false
179,マグカップ,"[{""word"": ""マグカップを使う"", ""reading"": ""まぐかっぷをつかう"", ""meaning"": ""to use a mug"", ""tags"": []}]","[{""word"": ""マグカップを使う"", ""reading"": ""まぐかっぷをつかう"", ""meaning"": ""to use a mug"", ""tags"": []}, {""word"": ""新しいマグカップ"", ""reading"": ""あたらしいまぐかっぷ"", ""meaning"": ""a new mug""}, {""word"": ""マグカップで作る"", ""reading"": ""まぐかっぷでつくる"", ""meaning"": ""make it with a mug""}]","[{""word"": ""マーグカップ"", ""reading"": ""まーぐかっぷ"", ""meaning"": ""(non-word)""}, {""word"": ""マクカップ"", ""reading"": ""まくかっぷ"", ""meaning"": ""(non-word)""}, {""word"": ""マグガップ"", ""reading"": ""まぐがっぷ"", ""meaning"": ""(non-word)""}]",3,Kitchen,mug,,from English mug,katakana,,5,false
180,コップ,"[{""word"": ""コップを使う"", ""reading"": ""こっぷをつかう"", ""meaning"": ""to use a cup / drinking glass"", ""tags"": []}]","[{""word"": ""コップを使う"", ""reading"": ""こっぷをつかう"", ""meaning"": ""to use a cup / drinking glass"", ""tags"": []}, {""word"": ""新しいコップ"", ""reading"": ""あたらしいこっぷ"", ""meaning"": ""a new cup / drinking glass""}, {""word"": ""コップで作る"", ""reading"": ""こっぷでつくる"", ""meaning"": ""make it with a cup / drinking glass""}]","[{""word"": ""コーップ"", ""reading"": ""こーっぷ"", ""meaning"": ""(non-word)""}, {""word"": ""ゴップ"", ""reading"": ""ごっぷ"", ""meaning"": ""(non-word)""}, {""word"": ""コッブ"", ""reading"": ""こっぶ"", ""meaning"": ""(non-word)""}]",3,Kitchen,cup / drinking glass,,from Dutch kop,katakana,,3,false
181,グラス,"[{""word"": ""グラスを使う"", ""reading"": ""ぐらすをつかう"", ""meaning"": ""to use a (glass) tumbler / wine glass"", ""tags"": []}]","[{""word"": ""グラスを使う"", ""reading"": ""ぐらすをつかう"", ""meaning"": ""to use a (glass) tumbler / wine glass"", ""tags"": []}, {""word"": ""新しいグラス"", ""reading"": ""あたらしいぐらす"", ""meaning"": ""a new グラス""}, {""word"": ""グラスで作る"", ""reading"": ""ぐらすでつくる"", ""meaning"": ""make it with a グラス""}]","[{""word"": ""グーラス"", ""reading"": ""ぐーらす"", ""meaning"": ""(non-word)""}, {""word"": ""クラス"", ""reading"": ""くらす"", ""meaning"": ""(non-word)""}, {""word"": ""グラズ"", ""reading"": ""ぐらず"", ""meaning"": ""(non-word)""}]",3,Kitchen,(glass) tumbler / wine glass,,from English,katakana,,3,false
182,フォーク,"[{""word"": ""フォークを使う"", ""reading"": ""ふぉーくをつかう"", ""meaning"": ""to use a fork"", ""tags"": []}]","[{""word"": ""フォークを使う"", ""reading"": ""ふぉーくをつかう"", ""meaning"": ""to use a fork"", ""tags"": []}, {""word"": ""新しいフォーク"", ""reading"": ""あたらしいふぉーく"", ""meaning"": ""a new fork""}, {""word"": ""フォークで作る"", ""reading"": ""ふぉーくでつくる"", ""meaning"": ""make it with a fork""}]","[{""word"": ""フォク"", ""reading"": ""ふぉく"", ""meaning"": ""(non-word)""}, {""word"": ""ブォーク"", ""reading"": ""ぶぉーく"", ""meaning"": ""(non-word)""}, {""word"": ""フォーグ"", ""reading"": ""ふぉーぐ"", ""meaning"": ""(non-word)""}]",3,Kitchen,fork,,from English fork,katakana,,4,false
183,スプーン,"[{""word"": ""スプーンを使う"", ""reading"": ""すぷーんをつかう"", ""meaning"": ""to use a spoon"", ""tags"": []}]","[{""word"": ""スプーンを使う"", ""reading"": ""すぷーんをつかう"", ""meaning"": ""to use a spoon"", ""tags"": []}, {""word"": ""新しいスプーン"", ""reading"": ""あたらしいすぷーん"", ""meaning"": ""a new spoon""}, {""word"": ""スプーンで作る"", ""reading"": ""すぷーんでつくる"", ""meaning"": ""make it with a spoon""}]","[{""word"": ""スプン"", ""reading"": ""すぷん"", ""meaning"": ""(non-word)""}, {""word"": ""ズプーン"", ""reading"": ""ずぷーん"", ""meaning"": ""(non-word)""}, {""word"": ""スブーン"", ""reading"": ""すぶーん"", ""meaning"": ""(non-word)""}]",3,Kitchen,spoon,,from English spoon,katakana,,4,false
184,ナイフ,"[{""word"": ""ナイフを使う"", ""reading"": ""ないふをつかう"", ""meaning"": ""to use a knife"", ""tags"": []}]","[{""word"": ""ナイフを使う"", ""reading"": ""ないふをつかう"", ""meaning"": ""to use a knife"", ""tags"": []}, {""word"": ""新しいナイフ"", ""reading"": ""あたらしいないふ"", ""meaning"": ""a new knife""}, {""word"": ""ナイフで作る"", ""reading"": ""ないふでつくる"", ""meaning"": ""make it with a knife""}]","[{""word"": ""ナーイフ"", ""reading"": ""なーいふ"", ""meaning"": ""(non-word)""}, {""word"": ""ナイブ"", ""reading"": ""ないぶ"", ""meaning"": ""(non-word)""}, {""word"": ""ナイッフ"", ""reading"": ""ないっふ"", ""meaning"": ""(non-word)""}]",3,Kitchen,knife,,from English knife,katakana,,3,false
185,フライパン,"[{""word"": ""フライパンを使う"", ""reading"": ""ふらいぱんをつかう"", ""meaning"": ""to use a frying pan"", ""tags"": []}]","[{""word"": ""フライパンを使う"", ""reading"": ""ふらいぱんをつかう"", ""meaning"": ""to use a frying pan"", ""tags"": []}, {""word"": ""新しいフライパン"", ""reading"": ""あたらしいふらいぱん"", ""meaning"": ""a new frying pan""}, {""word"": ""フライパンで作る"", ""reading"": ""ふらいぱんでつくる"", ""meaning"": ""make it with a frying pan""}]","[{""word"": ""フーライパン"", ""reading"": ""ふーらいぱん"", ""meaning"": ""(non-word)""}, {""word"": ""ブライパン"", ""reading"": ""ぶらいぱん"", ""meaning"": ""(non-word)""}, {""word"": ""フライバン"", ""reading"": ""ふらいばん"", ""meaning"": ""(non-word)""}]",3,Kitchen,frying pan,,from English frying pan,katakana,,5,false
186,ボウル,"[{""word"": ""ボウルを使う"", ""reading"": ""ぼうるをつかう"", ""meaning"": ""to use a mixing bowl"", ""tags"": []}]","[{""word"": ""ボウルを使う"", ""reading"": ""ぼうるをつかう"", ""meaning"": ""to use a mixing bowl"", ""tags"": []}, {""word"": ""新しいボウル"", ""reading"": ""あたらしいぼうる"", ""meaning"": ""a new mixing bowl""}, {""word"": ""ボウルで作る"", ""reading"": ""ぼうるでつくる"", ""meaning"": ""make it with a mixing bowl""}]","[{""word"": ""ボーウル"", ""reading"": ""ぼーうる"", ""meaning"": ""(non-word)""}, {""word"": ""ポウル"", ""reading"": ""ぽうる"", ""meaning"": ""(non-word)""}, {""word"": ""ボウッル"", ""reading"": ""ぼうっる"", ""meaning"": ""(non-word)""}]",3,Kitchen,mixing bowl,,from English mixing bowl,katakana,,3,false
187,ケトル,"[{""word"": ""ケトルを使う"", ""reading"": ""けとるをつかう"", ""meaning"": ""to use a kettle"", ""tags"": []}]","[{""word"": ""ケトルを使う"", ""reading"": ""けとるをつかう"", ""meaning"": ""to use a kettle"", ""tags"": []}, {""word"": ""新しいケトル"", ""reading"": ""あたらしいけとる"", ""meaning"": ""a new kettle""}, {""word"": ""ケトルで作る"", ""reading"": ""けとるでつくる"", ""meaning"": ""make it with a kettle""}]","[{""word"": ""ケートル"", ""reading"": ""けーとる"", ""meaning"": ""(non-word)""}, {""word"": ""ゲトル"", ""reading"": ""げとる"", ""meaning"": ""(non-word)""}, {""word"": ""ケドル"", ""reading"": ""けどる"", ""meaning"": ""(non-word)""}]",3,Kitchen,kettle,,from English kettle,katakana,,3,false
188,ポット,"[{""word"": ""ポットを使う"", ""reading"": ""ぽっとをつかう"", ""meaning"": ""to use a hot water pot / thermos"", ""tags"": []}]","[{""word"": ""ポットを使う"", ""reading"": ""ぽっとをつかう"", ""meaning"": ""to use a hot water pot / thermos"", ""tags"": []}, {""word"": ""新しいポット"", ""reading"": ""あたらしいぽっと"", ""meaning"": ""a new hot water pot / thermos""}, {""word"": ""ポットで作る"", ""reading"": ""ぽっとでつくる"", ""meaning"": ""make it with a hot water pot / thermos""}]","[{""word"": ""ポーット"", ""reading"": ""ぽーっと"", ""meaning"": ""(non-word)""}, {""word"": ""ボット"", ""reading"": ""ぼっと"", ""meaning"": ""(non-word)""}, {""word"": ""ポッド"", ""reading"": ""ぽっど"", ""meaning"": ""(non-word)""}]",3,Kitchen,hot water pot / thermos,,from English hot water pot / thermos,katakana,,3,false
189,レンジ,"[{""word"": ""レンジを使う"", ""reading"": ""れんじをつかう"", ""meaning"": ""to use a microwave"", ""tags"": []}]","[{""word"": ""レンジを使う"", ""reading"": ""れんじをつかう"", ""meaning"": ""to use a microwave"", ""tags"": []}, {""word"": ""新しいレンジ"", ""reading"": ""あたらしいれんじ"", ""meaning"": ""a new microwave""}, {""word"": ""レンジで作る"", ""reading"": ""れんじでつくる"", ""meaning"": ""make it with a microwave""}]","[{""word"": ""レーンジ"", ""reading"": ""れーんじ"", ""meaning"": ""(non-word)""}, {""word"": ""レンシ"", ""reading"": ""れんし"", ""meaning"": ""(non-word)""}, {""word"": ""レソジ"", ""reading"": ""れそじ"", ""meaning"": ""(non-word)""}]",3,Kitchen,microwave,short for 電子レンジ,from English microwave,katakana,,3,false
190,オーブン,"[{""word"": ""オーブンを使う"", ""reading"": ""おーぶんをつかう"", ""meaning"": ""to use a oven"", ""tags"": []}]","[{""word"": ""オーブンを使う"", ""reading"": ""おーぶんをつかう"", ""meaning"": ""to use a oven"", ""tags"": []}, {""word"": ""新しいオーブン"", ""reading"": ""あたらしいおーぶん"", ""meaning"": ""a new oven""}, {""word"": ""オーブンで作る"", ""reading"": ""おーぶんでつくる"", ""meaning"": ""make it with a oven""}]","[{""word"": ""オブン"", ""reading"": ""おぶん"", ""meaning"": ""(non-word)""}, {""word"": ""オープン"", ""reading"": ""おーぷん"", ""meaning"": ""(non-word)""}, {""word"": ""オーブソ"", ""reading"": ""おーぶそ"", ""meaning"": ""(non-word)""}]",3,Kitchen,oven,,from English oven,katakana,,4,false
191,ラップ,"[{""word"": ""ラップを使う"", ""reading"": ""らっぷをつかう"", ""meaning"": ""to use a plastic wrap"", ""tags"": []}]","[{""word"": ""ラップを使う"", ""reading"": ""らっぷをつかう"", ""meaning"": ""to use a plastic wrap"", ""tags"": []}, {""word"": ""新しいラップ"", ""reading"": ""あたらしいらっぷ"", ""meaning"": ""a new plastic wrap""}, {""word"": ""ラップで作る"", ""reading"": ""らっぷでつくる"", ""meaning"": ""make it with a plastic wrap""}]","[{""word"": ""ラーップ"", ""reading"": ""らーっぷ"", ""meaning"": ""(non-word)""}, {""word"": ""ラッブ"", ""reading"": ""らっぶ"", ""meaning"": ""(non-word)""}, {""word"": ""ラプ"", ""reading"": ""らぷ"", ""meaning"": ""(non-word)""}]",3,Kitchen,plastic wrap,,from English plastic wrap,katakana,,3,false
192,タッパー,"[{""word"": ""タッパーを使う"", ""reading"": ""たっぱーをつかう"", ""meaning"": ""to use a food storage container"", ""tags"": []}]","[{""word"": ""タッパーを使う"", ""reading"": ""たっぱーをつかう"", ""meaning"": ""to use a food storage container"", ""tags"": []}, {""word"": ""新しいタッパー"", ""reading"": ""あたらしいたっぱー"", ""meaning"": ""a new food storage container""}, {""word"": ""タッパーで作る"", ""reading"": ""たっぱーでつくる"", ""meaning"": ""make it with a food storage container""}]","[{""word"": ""タッパ"", ""reading"": ""たっぱ"", ""meaning"": ""(non-word)""}, {""word"": ""ダッパー"", ""reading"": ""だっぱー"", ""meaning"": ""(non-word)""}, {""word"": ""タッバー"", ""reading"": ""たっばー"", ""meaning"": ""(non-word)""}]",3,Kitchen,food storage container,from Tupperware,from English Tupperware (brand),katakana,,4,false
193,バケツ,"[{""word"": ""バケツを使う"", ""reading"": ""ばけつをつかう"", ""meaning"": ""to use a bucket"", ""tags"": []}]","[{""word"": ""バケツを使う"", ""reading"": ""ばけつをつかう"", ""meaning"": ""to use a bucket"", ""tags"": []}, {""word"": ""新しいバケツ"", ""reading"": ""あたらしいばけつ"", ""meaning"": ""a new bucket""}, {""word"": ""バケツを買う"", ""reading"": ""ばけつをかう"", ""meaning"": ""buy a bucket""}]","[{""word"": ""バーケツ"", ""reading"": ""ばーけつ"", ""meaning"": ""(non-word)""}, {""word"": ""パケツ"", ""reading"": ""ぱけつ"", ""meaning"": ""(non-word)""}, {""word"": ""バゲツ"", ""reading"": ""ばげつ"", ""meaning"": ""(non-word)""}]",3,Household,bucket,,from English bucket,katakana,,3,false
194,スポンジ,"[{""word"": ""スポンジを使う"", ""reading"": ""すぽんじをつかう"", ""meaning"": ""to use a sponge"", ""tags"": []}]","[{""word"": ""スポンジを使う"", ""reading"": ""すぽんじをつかう"", ""meaning"": ""to use a sponge"", ""tags"": []}, {""word"": ""新しいスポンジ"", ""reading"": ""あたらしいすぽんじ"", ""meaning"": ""a new sponge""}, {""word"": ""スポンジを買う"", ""reading"": ""すぽんじをかう"", ""meaning"": ""buy a sponge""}]","[{""word"": ""スーポンジ"", ""reading"": ""すーぽんじ"", ""meaning"": ""(non-word)""}, {""word"": ""ズポンジ"", ""reading"": ""ずぽんじ"", ""meaning"": ""(non-word)""}, {""word"": ""スボンジ"", ""reading"": ""すぼんじ"", ""meaning"": ""(non-word)""}]",3,Household,sponge,,from English sponge,katakana,,4,false
195,テレビ,"[{""word"": ""テレビをつける"", ""reading"": ""てれびをつける"", ""meaning"": ""to turn on the TV"", ""tags"": []}]","[{""word"": ""テレビをつける"", ""reading"": ""てれびをつける"", ""meaning"": ""to turn on the TV"", ""tags"": []}, {""word"": ""新しいテレビ"", ""reading"": ""あたらしいてれび"", ""meaning"": ""a new TV""}, {""word"": ""テレビを切る"", ""reading"": ""てれびをきる"", ""meaning"": ""switch off the TV""}]","[{""word"": ""テーレビ"", ""reading"": ""てーれび"", ""meaning"": ""(non-word)""}, {""word"": ""デレビ"", ""reading"": ""でれび"", ""meaning"": ""(non-word)""}, {""word"": ""テレピ"", ""reading"": ""てれぴ"", ""meaning"": ""(non-word)""}]",3,Electronics,TV,short for テレビジョン,from English TV,katakana,,3,false
196,エアコン,"[{""word"": ""エアコンをつける"", ""reading"": ""えあこんをつける"", ""meaning"": ""to turn on the air conditioner"", ""tags"": []}]","[{""word"": ""エアコンをつける"", ""reading"": ""えあこんをつける"", ""meaning"": ""to turn on the air conditioner"", ""tags"": []}, {""word"": ""新しいエアコン"", ""reading"": ""あたらしいえあこん"", ""meaning"": ""a new air conditioner""}, {""word"": ""エアコンを切る"", ""reading"": ""えあこんをきる"", ""meaning"": ""switch off the air conditioner""}]","[{""word"": ""エーアコン"", ""reading"": ""えーあこん"", ""meaning"": ""(non-word)""}, {""word"": ""エアゴン"", ""reading"": ""えあごん"", ""meaning"": ""(non-word)""}, {""word"": ""エアユン"", ""reading"": ""えあゆん"", ""meaning"": ""(non-word)""}]",3,Electronics,air conditioner,short for エアコンディショナー,from English air conditioner,katakana,,4,false
197,ストーブ,"[{""word"": ""ストーブをつける"", ""reading"": ""すとーぶをつける"", ""meaning"": ""to turn on the space heater"", ""tags"": []}]","[{""word"": ""ストーブをつける"", ""reading"": ""すとーぶをつける"", ""meaning"": ""to turn on the space heater"", ""tags"": []}, {""word"": ""新しいストーブ"", ""reading"": ""あたらしいすとーぶ"", ""meaning"": ""a new space heater""}, {""word"": ""ストーブを切る"", ""reading"": ""すとーぶをきる"", ""meaning"": ""switch off the space heater""}]","[{""word"": ""ストブ"", ""reading"": ""すとぶ"", ""meaning"": ""(non-word)""}, {""word"": ""ズトーブ"", ""reading"": ""ずとーぶ"", ""meaning"": ""(non-word)""}, {""word"": ""スドーブ"", ""reading"": ""すどーぶ"", ""meaning"": ""(non-word)""}]",3,Electronics,space heater,NOT a cooking stove,from English space heater,katakana,,4,false
198,ドライヤー,"[{""word"": ""ドライヤーをつける"", ""reading"": ""どらいやーをつける"", ""meaning"": ""to turn on the hair dryer"", ""tags"": []}]","[{""word"": ""ドライヤーをつける"", ""reading"": ""どらいやーをつける"", ""meaning"": ""to turn on the hair dryer"", ""tags"": []}, {""word"": ""新しいドライヤー"", ""reading"": ""あたらしいどらいやー"", ""meaning"": ""a new hair dryer""}, {""word"": ""ドライヤーを切る"", ""reading"": ""どらいやーをきる"", ""meaning"": ""switch off the hair dryer""}]","[{""word"": ""ドライヤ"", ""reading"": ""どらいや"", ""meaning"": ""(non-word)""}, {""word"": ""トライヤー"", ""reading"": ""とらいやー"", ""meaning"": ""(non-word)""}, {""word"": ""ドラッイヤー"", ""reading"": ""どらっいやー"", ""meaning"": ""(non-word)""}]",3,Electronics,hair dryer,,from English hair dryer,katakana,,5,false
199,アイロン,"[{""word"": ""アイロンをつける"", ""reading"": ""あいろんをつける"", ""meaning"": ""to turn on the clothes iron"", ""tags"": []}]","[{""word"": ""アイロンをつける"", ""reading"": ""あいろんをつける"", ""meaning"": ""to turn on the clothes iron"", ""tags"": []}, {""word"": ""新しいアイロン"", ""reading"": ""あたらしいあいろん"", ""meaning"": ""a new clothes iron""}, {""word"": ""アイロンを切る"", ""reading"": ""あいろんをきる"", ""meaning"": ""switch off the clothes iron""}]","[{""word"": ""アーイロン"", ""reading"": ""あーいろん"", ""meaning"": ""(non-word)""}, {""word"": ""アイロソ"", ""reading"": ""あいろそ"", ""meaning"": ""(non-word)""}, {""word"": ""アイッロン"", ""reading"": ""あいっろん"", ""meaning"": ""(non-word)""}]",3,Electronics,clothes iron,,from English clothes iron,katakana,,4,false
200,リモコン,"[{""word"": ""リモコンをつける"", ""reading"": ""りもこんをつける"", ""meaning"": ""to turn on the remote control"", ""tags"": []}]","[{""word"": ""リモコンをつける"", ""reading"": ""りもこんをつける"", ""meaning"": ""to turn on the remote control"", ""tags"": []}, {""word"": ""新しいリモコン"", ""reading"": ""あたらしいりもこん"", ""meaning"": ""a new remote control""}, {""word"": ""リモコンを切る"", ""reading"": ""りもこんをきる"", ""meaning"": ""switch off the remote control""}]","[{""word"": ""リーモコン"", ""reading"": ""りーもこん"", ""meaning"": ""(non-word)""}, {""word"": ""リモゴン"", ""reading"": ""りもごん"", ""meaning"": ""(non-word)""}, {""word"": ""リモユン"", ""reading"": ""りもゆん"", ""meaning"": ""(non-word)""}]",3,Electronics,remote control,short for リモートコントロール,from English remote control,katakana,,4,false
201,コンセント,"[{""word"": ""コンセントをつける"", ""reading"": ""こんせんとをつける"", ""meaning"": ""to turn on the electrical outlet"", ""tags"": []}]","[{""word"": ""コンセントをつける"", ""reading"": ""こんせんとをつける"", ""meaning"": ""to turn on the electrical outlet"", ""tags"": []}, {""word"": ""新しいコンセント"", ""reading"": ""あたらしいこんせんと"", ""meaning"": ""a new electrical outlet""}, {""word"": ""コンセントを切る"", ""reading"": ""こんせんとをきる"", ""meaning"": ""switch off the electrical outlet""}]","[{""word"": ""コーンセント"", ""reading"": ""こーんせんと"", ""meaning"": ""(non-word)""}, {""word"": ""ゴンセント"", ""reading"": ""ごんせんと"", ""meaning"": ""(non-word)""}, {""word"": ""コンゼント"", ""reading"": ""こんぜんと"", ""meaning"": ""(non-word)""}]",3,Electronics,electrical outlet,NOT consent,from English electrical outlet,katakana,,5,false
202,スイッチ,"[{""word"": ""スイッチを使う"", ""reading"": ""すいっちをつかう"", ""meaning"": ""to use a switch"", ""tags"": []}]","[{""word"": ""スイッチを使う"", ""reading"": ""すいっちをつかう"", ""meaning"": ""to use a switch"", ""tags"": []}, {""word"": ""新しいスイッチ"", ""reading"": ""あたらしいすいっち"", ""meaning"": ""a new switch""}, {""word"": ""スイッチを買う"", ""reading"": ""すいっちをかう"", ""meaning"": ""buy a switch""}]","[{""word"": ""スーイッチ"", ""reading"": ""すーいっち"", ""meaning"": ""(non-word)""}, {""word"": ""ズイッチ"", ""reading"": ""ずいっち"", ""meaning"": ""(non-word)""}, {""word"": ""スイッヂ"", ""reading"": ""すいっぢ"", ""meaning"": ""(non-word)""}]",3,Household,switch,,from English switch,katakana,,4,false
203,ドア,"[{""word"": ""ドアを使う"", ""reading"": ""どあをつかう"", ""meaning"": ""to use a door"", ""tags"": []}]","[{""word"": ""ドアを使う"", ""reading"": ""どあをつかう"", ""meaning"": ""to use a door"", ""tags"": []}, {""word"": ""新しいドア"", ""reading"": ""あたらしいどあ"", ""meaning"": ""a new door""}, {""word"": ""ドアを買う"", ""reading"": ""どあをかう"", ""meaning"": ""buy a door""}]","[{""word"": ""ドーア"", ""reading"": ""どーあ"", ""meaning"": ""(non-word)""}, {""word"": ""トア"", ""reading"": ""とあ"", ""meaning"": ""(non-word)""}]",3,Household,door,,from English door,katakana,,2,false
204,タオル,"[{""word"": ""タオルを使う"", ""reading"": ""たおるをつかう"", ""meaning"": ""to use a towel"", ""tags"": []}]","[{""word"": ""タオルを使う"", ""reading"": ""たおるをつかう"", ""meaning"": ""to use a towel"", ""tags"": []}, {""word"": ""新しいタオル"", ""reading"": ""あたらしいたおる"", ""meaning"": ""a new towel""}, {""word"": ""タオルを買う"", ""reading"": ""たおるをかう"", ""meaning"": ""buy a towel""}]","[{""word"": ""ターオル"", ""reading"": ""たーおる"", ""meaning"": ""(non-word)""}, {""word"": ""ダオル"", ""reading"": ""だおる"", ""meaning"": ""(non-word)""}, {""word"": ""タオッル"", ""reading"": ""たおっる"", ""meaning"": ""(non-word)""}]",3,Household,towel,,from English towel,katakana,,3,false
205,ハンガー,"[{""word"": ""ハンガーを使う"", ""reading"": ""はんがーをつかう"", ""meaning"": ""to use a hanger"", ""tags"": []}]","[{""word"": ""ハンガーを使う"", ""reading"": ""はんがーをつかう"", ""meaning"": ""to use a hanger"", ""tags"": []}, {""word"": ""新しいハンガー"", ""reading"": ""あたらしいはんがー"", ""meaning"": ""a new hanger""}, {""word"": ""ハンガーを買う"", ""reading"": ""はんがーをかう"", ""meaning"": ""buy a hanger""}]","[{""word"": ""ハンガ"", ""reading"": ""はんが"", ""meaning"": ""(non-word)""}, {""word"": ""バンガー"", ""reading"": ""ばんがー"", ""meaning"": ""(non-word)""}, {""word"": ""ハンカー"", ""reading"": ""はんかー"", ""meaning"": ""(non-word)""}]",3,Household,hanger,,from English hanger,katakana,,4,false
206,シャンプー,"[{""word"": ""シャンプーを使う"", ""reading"": ""しゃんぷーをつかう"", ""meaning"": ""to use a shampoo"", ""tags"": []}]","[{""word"": ""シャンプーを使う"", ""reading"": ""しゃんぷーをつかう"", ""meaning"": ""to use a shampoo"", ""tags"": []}, {""word"": ""新しいシャンプー"", ""reading"": ""あたらしいしゃんぷー"", ""meaning"": ""a new shampoo""}, {""word"": ""シャンプーを買う"", ""reading"": ""しゃんぷーをかう"", ""meaning"": ""buy a shampoo""}]","[{""word"": ""シャンプ"", ""reading"": ""しゃんぷ"", ""meaning"": ""(non-word)""}, {""word"": ""ジャンプー"", ""reading"": ""じゃんぷー"", ""meaning"": ""(non-word)""}, {""word"": ""シャンブー"", ""reading"": ""しゃんぶー"", ""meaning"": ""(non-word)""}]",3,Household,shampoo,,from English shampoo,katakana,,5,false
207,ビル,"[{""word"": ""ビルに行く"", ""reading"": ""びるにいく"", ""meaning"": ""to go to the building"", ""tags"": []}]","[{""word"": ""ビルに行く"", ""reading"": ""びるにいく"", ""meaning"": ""to go to the building"", ""tags"": []}, {""word"": ""ビルの前で"", ""reading"": ""びるのまえで"", ""meaning"": ""in front of the building""}, {""word"": ""駅の近くのビル"", ""reading"": ""えきのちかくのびる"", ""meaning"": ""the building near the station""}]","[{""word"": ""ビール"", ""reading"": ""びーる"", ""meaning"": ""(non-word)""}, {""word"": ""ピル"", ""reading"": ""ぴる"", ""meaning"": ""(non-word)""}]",4,City,building,short for ビルディング,from English building,katakana,,2,false
208,マンション,"[{""word"": ""マンションに行く"", ""reading"": ""まんしょんにいく"", ""meaning"": ""to go to the condo / mid-rise apartment"", ""tags"": []}]","[{""word"": ""マンションに行く"", ""reading"": ""まんしょんにいく"", ""meaning"": ""to go to the condo / mid-rise apartment"", ""tags"": []}, {""word"": ""マンションの前で"", ""reading"": ""まんしょんのまえで"", ""meaning"": ""in front of the condo / mid-rise apartment""}, {""word"": ""駅の近くのマンション"", ""reading"": ""えきのちかくのまんしょん"", ""meaning"": ""the condo / mid-rise apartment near the station""}]","[{""word"": ""マーンション"", ""reading"": ""まーんしょん"", ""meaning"": ""(non-word)""}, {""word"": ""マンジョン"", ""reading"": ""まんじょん"", ""meaning"": ""(non-word)""}, {""word"": ""マソション"", ""reading"": ""まそしょん"", ""meaning"": ""(non-word)""}]",4,City,condo / mid-rise apartment,NOT a mansion,from English condo / mid-rise apartment,katakana,,5,false
209,アパート,"[{""word"": ""アパートに行く"", ""reading"": ""あぱーとにいく"", ""meaning"": ""to go to the low-rise apartment"", ""tags"": []}]","[{""word"": ""アパートに行く"", ""reading"": ""あぱーとにいく"", ""meaning"": ""to go to the low-rise apartment"", ""tags"": []}, {""word"": ""アパートの前で"", ""reading"": ""あぱーとのまえで"", ""meaning"": ""in front of the low-rise apartment""}, {""word"": ""駅の近くのアパート"", ""reading"": ""えきのちかくのあぱーと"", ""meaning"": ""the low-rise apartment near the station""}]","[{""word"": ""アパト"", ""reading"": ""あぱと"", ""meaning"": ""(non-word)""}, {""word"": ""アバート"", ""reading"": ""あばーと"", ""meaning"": ""(non-word)""}, {""word"": ""アパード"", ""reading"": ""あぱーど"", ""meaning"": ""(non-word)""}]",4,City,low-rise apartment,short for アパートメント,from English low-rise apartment,katakana,,4,false
210,デパート,"[{""word"": ""デパートに行く"", ""reading"": ""でぱーとにいく"", ""meaning"": ""to go to the department store"", ""tags"": []}]","[{""word"": ""デパートに行く"", ""reading"": ""でぱーとにいく"", ""meaning"": ""to go to the department store"", ""tags"": []}, {""word"": ""デパートの前で"", ""reading"": ""でぱーとのまえで"", ""meaning"": ""in front of the department store""}, {""word"": ""駅の近くのデパート"", ""reading"": ""えきのちかくのでぱーと"", ""meaning"": ""the department store near the station""}]","[{""word"": ""デパト"", ""reading"": ""でぱと"", ""meaning"": ""(non-word)""}, {""word"": ""テパート"", ""reading"": ""てぱーと"", ""meaning"": ""(non-word)""}, {""word"": ""デバート"", ""reading"": ""でばーと"", ""meaning"": ""(non-word)""}]",4,City,department store,short for デパートメントストア,from English department store,katakana,,4,false
211,スーパー,"[{""word"": ""スーパーに行く"", ""reading"": ""すーぱーにいく"", ""meaning"": ""to go to the supermarket"", ""tags"": []}]","[{""word"": ""スーパーに行く"", ""reading"": ""すーぱーにいく"", ""meaning"": ""to go to the supermarket"", ""tags"": []}, {""word"": ""スーパーの前で"", ""reading"": ""すーぱーのまえで"", ""meaning"": ""in front of the supermarket""}, {""word"": ""駅の近くのスーパー"", ""reading"": ""えきのちかくのすーぱー"", ""meaning"": ""the supermarket near the station""}]","[{""word"": ""スパー"", ""reading"": ""すぱー"", ""meaning"": ""(non-word)""}, {""word"": ""ズーパー"", ""reading"": ""ずーぱー"", ""meaning"": ""(non-word)""}, {""word"": ""スーバー"", ""reading"": ""すーばー"", ""meaning"": ""(non-word)""}]",4,City,supermarket,short for スーパーマーケット,from English supermarket,katakana,,4,false
212,コンビニ,"[{""word"": ""コンビニに行く"", ""reading"": ""こんびににいく"", ""meaning"": ""to go to the convenience store"", ""tags"": []}]","[{""word"": ""コンビニに行く"", ""reading"": ""こんびににいく"", ""meaning"": ""to go to the convenience store"", ""tags"": []}, {""word"": ""コンビニの前で"", ""reading"": ""こんびにのまえで"", ""meaning"": ""in front of the convenience store""}, {""word"": ""駅の近くのコンビニ"", ""reading"": ""えきのちかくのこんびに"", ""meaning"": ""the convenience store near the station""}]","[{""word"": ""コーンビニ"", ""reading"": ""こーんびに"", ""meaning"": ""(non-word)""}, {""word"": ""ゴンビニ"", ""reading"": ""ごんびに"", ""meaning"": ""(non-word)""}, {""word"": ""コンピニ"", ""reading"": ""こんぴに"", ""meaning"": ""(non-word)""}]",4,City,convenience store,short for コンビニエンスストア,from English convenience store,katakana,,4,false
213,トイレ,"[{""word"": ""トイレに行く"", ""reading"": ""といれにいく"", ""meaning"": ""to go to the toilet / bathroom"", ""tags"": []}]","[{""word"": ""トイレに行く"", ""reading"": ""といれにいく"", ""meaning"": ""to go to the toilet / bathroom"", ""tags"": []}, {""word"": ""トイレの前で"", ""reading"": ""といれのまえで"", ""meaning"": ""in front of the toilet / bathroom""}, {""word"": ""駅の近くのトイレ"", ""reading"": ""えきのちかくのといれ"", ""meaning"": ""the toilet / bathroom near the station""}]","[{""word"": ""トーイレ"", ""reading"": ""とーいれ"", ""meaning"": ""(non-word)""}, {""word"": ""ドイレ"", ""reading"": ""どいれ"", ""meaning"": ""(non-word)""}, {""word"": ""トイッレ"", ""reading"": ""といっれ"", ""meaning"": ""(non-word)""}]",4,City,toilet / bathroom,,from English toilet / bathroom,katakana,,3,false
214,キッチン,"[{""word"": ""キッチンに行く"", ""reading"": ""きっちんにいく"", ""meaning"": ""to go to the kitchen"", ""tags"": []}]","[{""word"": ""キッチンに行く"", ""reading"": ""きっちんにいく"", ""meaning"": ""to go to the kitchen"", ""tags"": []}, {""word"": ""キッチンの前で"", ""reading"": ""きっちんのまえで"", ""meaning"": ""in front of the kitchen""}, {""word"": ""駅の近くのキッチン"", ""reading"": ""えきのちかくのきっちん"", ""meaning"": ""the kitchen near the station""}]","[{""word"": ""キーッチン"", ""reading"": ""きーっちん"", ""meaning"": ""(non-word)""}, {""word"": ""ギッチン"", ""reading"": ""ぎっちん"", ""meaning"": ""(non-word)""}, {""word"": ""キッヂン"", ""reading"": ""きっぢん"", ""meaning"": ""(non-word)""}]",4,City,kitchen,,from English kitchen,katakana,,4,false
215,ベランダ,"[{""word"": ""ベランダに行く"", ""reading"": ""べらんだにいく"", ""meaning"": ""to go to the balcony"", ""tags"": []}]","[{""word"": ""ベランダに行く"", ""reading"": ""べらんだにいく"", ""meaning"": ""to go to the balcony"", ""tags"": []}, {""word"": ""ベランダの前で"", ""reading"": ""べらんだのまえで"", ""meaning"": ""in front of the balcony""}, {""word"": ""駅の近くのベランダ"", ""reading"": ""えきのちかくのべらんだ"", ""meaning"": ""the balcony near the station""}]","[{""word"": ""ベーランダ"", ""reading"": ""べーらんだ"", ""meaning"": ""(non-word)""}, {""word"": ""ペランダ"", ""reading"": ""ぺらんだ"", ""meaning"": ""(non-word)""}, {""word"": ""ベランタ"", ""reading"": ""べらんた"", ""meaning"": ""(non-word)""}]",4,City,balcony,,from English balcony,katakana,,4,false
216,エレベーター,"[{""word"": ""エレベーターをつける"", ""reading"": ""えれべーたーをつける"", ""meaning"": ""to turn on the elevator"", ""tags"": []}]","[{""word"": ""エレベーターをつける"", ""reading"": ""えれべーたーをつける"", ""meaning"": ""to turn on the elevator"", ""tags"": []}, {""word"": ""新しいエレベーター"", ""reading"": ""あたらしいえれべーたー"", ""meaning"": ""a new elevator""}, {""word"": ""エレベーターを切る"", ""reading"": ""えれべーたーをきる"", ""meaning"": ""switch off the elevator""}]","[{""word"": ""エレベター"", ""reading"": ""えれべたー"", ""meaning"": ""(non-word)""}, {""word"": ""エレペーター"", ""reading"": ""えれぺーたー"", ""meaning"": ""(non-word)""}, {""word"": ""エレベーダー"", ""reading"": ""えれべーだー"", ""meaning"": ""(non-word)""}]",3,Electronics,elevator,,from English elevator,katakana,,6,false
217,ホッチキス,"[{""word"": ""ホッチキスを買う"", ""reading"": ""ほっちきすをかう"", ""meaning"": ""to buy a stapler"", ""tags"": []}]","[{""word"": ""ホッチキスを買う"", ""reading"": ""ほっちきすをかう"", ""meaning"": ""to buy a stapler"", ""tags"": []}, {""word"": ""新しいホッチキス"", ""reading"": ""あたらしいほっちきす"", ""meaning"": ""a new stapler""}, {""word"": ""ホッチキスを借りる"", ""reading"": ""ほっちきすをかりる"", ""meaning"": ""borrow a stapler""}]","[{""word"": ""ホーッチキス"", ""reading"": ""ほーっちきす"", ""meaning"": ""(non-word)""}, {""word"": ""ボッチキス"", ""reading"": ""ぼっちきす"", ""meaning"": ""(non-word)""}, {""word"": ""ホッヂキス"", ""reading"": ""ほっぢきす"", ""meaning"": ""(non-word)""}]",3,Learning,stapler,from the Hotchkiss brand,from Hotchkiss (brand),katakana,,5,false
218,セロテープ,"[{""word"": ""セロテープを買う"", ""reading"": ""せろてーぷをかう"", ""meaning"": ""to buy a clear tape"", ""tags"": []}]","[{""word"": ""セロテープを買う"", ""reading"": ""せろてーぷをかう"", ""meaning"": ""to buy a clear tape"", ""tags"": []}, {""word"": ""新しいセロテープ"", ""reading"": ""あたらしいせろてーぷ"", ""meaning"": ""a new clear tape""}, {""word"": ""セロテープを借りる"", ""reading"": ""せろてーぷをかりる"", ""meaning"": ""borrow a clear tape""}]","[{""word"": ""セロテプ"", ""reading"": ""せろてぷ"", ""meaning"": ""(non-word)""}, {""word"": ""ゼロテープ"", ""reading"": ""ぜろてーぷ"", ""meaning"": ""(non-word)""}, {""word"": ""セロデープ"", ""reading"": ""せろでーぷ"", ""meaning"": ""(non-word)""}]",3,Learning,clear tape,from the Sellotape brand,from Sellotape (brand),katakana,,5,false
219,シャーペン,"[{""word"": ""シャーペンを買う"", ""reading"": ""しゃーぺんをかう"", ""meaning"": ""to buy a mechanical pencil"", ""tags"": []}]","[{""word"": ""シャーペンを買う"", ""reading"": ""しゃーぺんをかう"", ""meaning"": ""to buy a mechanical pencil"", ""tags"": []}, {""word"": ""新しいシャーペン"", ""reading"": ""あたらしいしゃーぺん"", ""meaning"": ""a new mechanical pencil""}, {""word"": ""シャーペンを借りる"", ""reading"": ""しゃーぺんをかりる"", ""meaning"": ""borrow a mechanical pencil""}]","[{""word"": ""シャペン"", ""reading"": ""しゃぺん"", ""meaning"": ""(non-word)""}, {""word"": ""ジャーペン"", ""reading"": ""じゃーぺん"", ""meaning"": ""(non-word)""}, {""word"": ""シャーベン"", ""reading"": ""しゃーべん"", ""meaning"": ""(non-word)""}]",3,Learning,mechanical pencil,short for シャープペンシル,from English mechanical pencil,katakana,,5,false
220,ノート,"[{""word"": ""ノートを買う"", ""reading"": ""のーとをかう"", ""meaning"": ""to buy a notebook"", ""tags"": []}]","[{""word"": ""ノートを買う"", ""reading"": ""のーとをかう"", ""meaning"": ""to buy a notebook"", ""tags"": []}, {""word"": ""新しいノート"", ""reading"": ""あたらしいのーと"", ""meaning"": ""a new notebook""}, {""word"": ""ノートを借りる"", ""reading"": ""のーとをかりる"", ""meaning"": ""borrow a notebook""}]","[{""word"": ""ノト"", ""reading"": ""のと"", ""meaning"": ""(non-word)""}, {""word"": ""ノード"", ""reading"": ""のーど"", ""meaning"": ""(non-word)""}, {""word"": ""ノーット"", ""reading"": ""のーっと"", ""meaning"": ""(non-word)""}]",3,Learning,notebook (paper),NOT a laptop,from English notebook,katakana,,3,false
221,パソコン,"[{""word"": ""パソコンをつける"", ""reading"": ""ぱそこんをつける"", ""meaning"": ""to turn on the computer"", ""tags"": []}]","[{""word"": ""パソコンをつける"", ""reading"": ""ぱそこんをつける"", ""meaning"": ""to turn on the computer"", ""tags"": []}, {""word"": ""新しいパソコン"", ""reading"": ""あたらしいぱそこん"", ""meaning"": ""a new computer""}, {""word"": ""パソコンを切る"", ""reading"": ""ぱそこんをきる"", ""meaning"": ""switch off the computer""}]","[{""word"": ""パーソコン"", ""reading"": ""ぱーそこん"", ""meaning"": ""(non-word)""}, {""word"": ""バソコン"", ""reading"": ""ばそこん"", ""meaning"": ""(non-word)""}, {""word"": ""パゾコン"", ""reading"": ""ぱぞこん"", ""meaning"": ""(non-word)""}]",3,Electronics,computer,short for パーソナルコンピューター,from English computer,katakana,,4,false
222,スマホ,"[{""word"": ""スマホをつける"", ""reading"": ""すまほをつける"", ""meaning"": ""to turn on the smartphone"", ""tags"": []}]","[{""word"": ""スマホをつける"", ""reading"": ""すまほをつける"", ""meaning"": ""to turn on the smartphone"", ""tags"": []}, {""word"": ""新しいスマホ"", ""reading"": ""あたらしいすまほ"", ""meaning"": ""a new smartphone""}, {""word"": ""スマホを切る"", ""reading"": ""すまほをきる"", ""meaning"": ""switch off the smartphone""}]","[{""word"": ""スーマホ"", ""reading"": ""すーまほ"", ""meaning"": ""(non-word)""}, {""word"": ""ズマホ"", ""reading"": ""ずまほ"", ""meaning"": ""(non-word)""}, {""word"": ""スマボ"", ""reading"": ""すまぼ"", ""meaning"": ""(non-word)""}]",3,Electronics,smartphone,short for スマートフォン,from English smartphone,katakana,,3,false
223,ビニール,"[{""word"": ""ビニールを使う"", ""reading"": ""びにーるをつかう"", ""meaning"": ""to use a plastic"", ""tags"": []}]","[{""word"": ""ビニールを使う"", ""reading"": ""びにーるをつかう"", ""meaning"": ""to use a plastic"", ""tags"": []}, {""word"": ""新しいビニール"", ""reading"": ""あたらしいびにーる"", ""meaning"": ""a new plastic""}, {""word"": ""ビニールを買う"", ""reading"": ""びにーるをかう"", ""meaning"": ""buy a plastic""}]","[{""word"": ""ビニル"", ""reading"": ""びにる"", ""meaning"": ""(non-word)""}, {""word"": ""ピニール"", ""reading"": ""ぴにーる"", ""meaning"": ""(non-word)""}, {""word"": ""ビニッール"", ""reading"": ""びにっーる"", ""meaning"": ""(non-word)""}]",3,Household,"plastic (bags/sheeting; ""vinyl"")",,from English plastic,katakana,,4,false
224,ペンキ,"[{""word"": ""ペンキを使う"", ""reading"": ""ぺんきをつかう"", ""meaning"": ""to use a house paint"", ""tags"": []}]","[{""word"": ""ペンキを使う"", ""reading"": ""ぺんきをつかう"", ""meaning"": ""to use a house paint"", ""tags"": []}, {""word"": ""新しいペンキ"", ""reading"": ""あたらしいぺんき"", ""meaning"": ""a new house paint""}, {""word"": ""ペンキを買う"", ""reading"": ""ぺんきをかう"", ""meaning"": ""buy a house paint""}]","[{""word"": ""ペーンキ"", ""reading"": ""ぺーんき"", ""meaning"": ""(non-word)""}, {""word"": ""ベンキ"", ""reading"": ""べんき"", ""meaning"": ""(non-word)""}, {""word"": ""ペンギ"", ""reading"": ""ぺんぎ"", ""meaning"": ""(non-word)""}]",3,Household,house paint,,from Dutch pek,katakana,,3,false
225,ダンボール,"[{""word"": ""ダンボールに入れる"", ""reading"": ""だんぼーるにいれる"", ""meaning"": ""to put in a cardboard box"", ""tags"": []}]","[{""word"": ""ダンボールに入れる"", ""reading"": ""だんぼーるにいれる"", ""meaning"": ""to put in a cardboard box"", ""tags"": []}, {""word"": ""新しいダンボール"", ""reading"": ""あたらしいだんぼーる"", ""meaning"": ""a new cardboard""}, {""word"": ""ダンボールを買う"", ""reading"": ""だんぼーるをかう"", ""meaning"": ""buy a cardboard""}]","[{""word"": ""ダンボル"", ""reading"": ""だんぼる"", ""meaning"": ""(non-word)""}, {""word"": ""タンボール"", ""reading"": ""たんぼーる"", ""meaning"": ""(non-word)""}, {""word"": ""ダンポール"", ""reading"": ""だんぽーる"", ""meaning"": ""(non-word)""}]",3,Household,cardboard,段 = tier; this kanji IS used,hybrid: 段 (Sino) + English board,katakana,段ボール,5,false
226,レストラン,"[{""word"": ""レストランに行く"", ""reading"": ""れすとらんにいく"", ""meaning"": ""to go to the restaurant"", ""tags"": []}]","[{""word"": ""レストランに行く"", ""reading"": ""れすとらんにいく"", ""meaning"": ""to go to the restaurant"", ""tags"": []}, {""word"": ""レストランの前で"", ""reading"": ""れすとらんのまえで"", ""meaning"": ""in front of the restaurant""}, {""word"": ""駅の近くのレストラン"", ""reading"": ""えきのちかくのれすとらん"", ""meaning"": ""the restaurant near the station""}]","[{""word"": ""レーストラン"", ""reading"": ""れーすとらん"", ""meaning"": ""(non-word)""}, {""word"": ""レズトラン"", ""reading"": ""れずとらん"", ""meaning"": ""(non-word)""}, {""word"": ""レスドラン"", ""reading"": ""れすどらん"", ""meaning"": ""(non-word)""}]",4,City,restaurant,,from English restaurant,katakana,,5,false
227,カフェ,"[{""word"": ""カフェに行く"", ""reading"": ""かふぇにいく"", ""meaning"": ""to go to the cafe"", ""tags"": []}]","[{""word"": ""カフェに行く"", ""reading"": ""かふぇにいく"", ""meaning"": ""to go to the cafe"", ""tags"": []}, {""word"": ""カフェの前で"", ""reading"": ""かふぇのまえで"", ""meaning"": ""in front of the cafe""}, {""word"": ""駅の近くのカフェ"", ""reading"": ""えきのちかくのかふぇ"", ""meaning"": ""the cafe near the station""}]","[{""word"": ""カーフェ"", ""reading"": ""かーふぇ"", ""meaning"": ""(non-word)""}, {""word"": ""ガフェ"", ""reading"": ""がふぇ"", ""meaning"": ""(non-word)""}, {""word"": ""カブェ"", ""reading"": ""かぶぇ"", ""meaning"": ""(non-word)""}]",4,City,cafe,,from English cafe,katakana,,3,false
228,ファミレス,"[{""word"": ""ファミレスに行く"", ""reading"": ""ふぁみれすにいく"", ""meaning"": ""to go to the casual chain restaurant"", ""tags"": []}]","[{""word"": ""ファミレスに行く"", ""reading"": ""ふぁみれすにいく"", ""meaning"": ""to go to the casual chain restaurant"", ""tags"": []}, {""word"": ""ファミレスの前で"", ""reading"": ""ふぁみれすのまえで"", ""meaning"": ""in front of the casual chain restaurant""}, {""word"": ""駅の近くのファミレス"", ""reading"": ""えきのちかくのふぁみれす"", ""meaning"": ""the casual chain restaurant near the station""}]","[{""word"": ""フーァミレス"", ""reading"": ""ふーぁみれす"", ""meaning"": ""(non-word)""}, {""word"": ""ブァミレス"", ""reading"": ""ぶぁみれす"", ""meaning"": ""(non-word)""}, {""word"": ""ファミレズ"", ""reading"": ""ふぁみれず"", ""meaning"": ""(non-word)""}]",4,City,casual chain restaurant,short for ファミリーレストラン,from English casual chain restaurant,katakana,,5,false
229,ベーカリー,"[{""word"": ""ベーカリーに行く"", ""reading"": ""べーかりーにいく"", ""meaning"": ""to go to the bakery"", ""tags"": []}]","[{""word"": ""ベーカリーに行く"", ""reading"": ""べーかりーにいく"", ""meaning"": ""to go to the bakery"", ""tags"": []}, {""word"": ""ベーカリーの前で"", ""reading"": ""べーかりーのまえで"", ""meaning"": ""in front of the bakery""}, {""word"": ""駅の近くのベーカリー"", ""reading"": ""えきのちかくのべーかりー"", ""meaning"": ""the bakery near the station""}]","[{""word"": ""ベカリー"", ""reading"": ""べかりー"", ""meaning"": ""(non-word)""}, {""word"": ""ペーカリー"", ""reading"": ""ぺーかりー"", ""meaning"": ""(non-word)""}, {""word"": ""ベーガリー"", ""reading"": ""べーがりー"", ""meaning"": ""(non-word)""}]",4,City,bakery,,from English bakery,katakana,,5,false
230,バー,"[{""word"": ""バーに行く"", ""reading"": ""ばーにいく"", ""meaning"": ""to go to the bar"", ""tags"": []}]","[{""word"": ""バーに行く"", ""reading"": ""ばーにいく"", ""meaning"": ""to go to the bar"", ""tags"": []}, {""word"": ""バーの前で"", ""reading"": ""ばーのまえで"", ""meaning"": ""in front of the bar""}, {""word"": ""駅の近くのバー"", ""reading"": ""えきのちかくのばー"", ""meaning"": ""the bar near the station""}]","[{""word"": ""パー"", ""reading"": ""ぱー"", ""meaning"": ""(non-word)""}]",4,City,bar,,from English bar,katakana,,2,false
231,スナック,"[{""word"": ""スナックに行く"", ""reading"": ""すなっくにいく"", ""meaning"": ""to go to the small hostess-run bar"", ""tags"": []}]","[{""word"": ""スナックに行く"", ""reading"": ""すなっくにいく"", ""meaning"": ""to go to the small hostess-run bar"", ""tags"": []}, {""word"": ""スナックの前で"", ""reading"": ""すなっくのまえで"", ""meaning"": ""in front of the small hostess-run bar""}, {""word"": ""駅の近くのスナック"", ""reading"": ""えきのちかくのすなっく"", ""meaning"": ""the small hostess-run bar near the station""}]","[{""word"": ""スーナック"", ""reading"": ""すーなっく"", ""meaning"": ""(non-word)""}, {""word"": ""ズナック"", ""reading"": ""ずなっく"", ""meaning"": ""(non-word)""}, {""word"": ""スナッグ"", ""reading"": ""すなっぐ"", ""meaning"": ""(non-word)""}]",4,City,small hostess-run bar,NOT a snack,from English small hostess-run bar,katakana,,4,false
232,カラオケ,"[{""word"": ""カラオケに行く"", ""reading"": ""からおけにいく"", ""meaning"": ""to go to the karaoke place"", ""tags"": []}]","[{""word"": ""カラオケに行く"", ""reading"": ""からおけにいく"", ""meaning"": ""to go to the karaoke place"", ""tags"": []}, {""word"": ""カラオケの前で"", ""reading"": ""からおけのまえで"", ""meaning"": ""in front of the karaoke place""}, {""word"": ""駅の近くのカラオケ"", ""reading"": ""えきのちかくのからおけ"", ""meaning"": ""the karaoke place near the station""}]","[{""word"": ""カーラオケ"", ""reading"": ""かーらおけ"", ""meaning"": ""(non-word)""}, {""word"": ""ガラオケ"", ""reading"": ""がらおけ"", ""meaning"": ""(non-word)""}, {""word"": ""カラオゲ"", ""reading"": ""からおげ"", ""meaning"": ""(non-word)""}]",4,City,karaoke place,,,katakana,,4,false
233,ゲーセン,"[{""word"": ""ゲーセンに行く"", ""reading"": ""げーせんにいく"", ""meaning"": ""to go to the arcade"", ""tags"": []}]","[{""word"": ""ゲーセンに行く"", ""reading"": ""げーせんにいく"", ""meaning"": ""to go to the arcade"", ""tags"": []}, {""word"": ""ゲーセンの前で"", ""reading"": ""げーせんのまえで"", ""meaning"": ""in front of the arcade""}, {""word"": ""駅の近くのゲーセン"", ""reading"": ""えきのちかくのげーせん"", ""meaning"": ""the arcade near the station""}]","[{""word"": ""ゲセン"", ""reading"": ""げせん"", ""meaning"": ""(non-word)""}, {""word"": ""ケーセン"", ""reading"": ""けーせん"", ""meaning"": ""(non-word)""}, {""word"": ""ゲーゼン"", ""reading"": ""げーぜん"", ""meaning"": ""(non-word)""}]",4,City,arcade,short for ゲームセンター - wasei,from English arcade,katakana,,4,false
234,パチンコ,"[{""word"": ""パチンコに行く"", ""reading"": ""ぱちんこにいく"", ""meaning"": ""to go to the pachinko parlor"", ""tags"": []}]","[{""word"": ""パチンコに行く"", ""reading"": ""ぱちんこにいく"", ""meaning"": ""to go to the pachinko parlor"", ""tags"": []}, {""word"": ""パチンコの前で"", ""reading"": ""ぱちんこのまえで"", ""meaning"": ""in front of the pachinko parlor""}, {""word"": ""駅の近くのパチンコ"", ""reading"": ""えきのちかくのぱちんこ"", ""meaning"": ""the pachinko parlor near the station""}]","[{""word"": ""パーチンコ"", ""reading"": ""ぱーちんこ"", ""meaning"": ""(non-word)""}, {""word"": ""バチンコ"", ""reading"": ""ばちんこ"", ""meaning"": ""(non-word)""}, {""word"": ""パヂンコ"", ""reading"": ""ぱぢんこ"", ""meaning"": ""(non-word)""}]",4,City,pachinko parlor,,from English pachinko parlor,katakana,,4,false
235,ジム,"[{""word"": ""ジムに行く"", ""reading"": ""じむにいく"", ""meaning"": ""to go to the gym"", ""tags"": []}]","[{""word"": ""ジムに行く"", ""reading"": ""じむにいく"", ""meaning"": ""to go to the gym"", ""tags"": []}, {""word"": ""ジムの前で"", ""reading"": ""じむのまえで"", ""meaning"": ""in front of the gym""}, {""word"": ""駅の近くのジム"", ""reading"": ""えきのちかくのじむ"", ""meaning"": ""the gym near the station""}]","[{""word"": ""ジーム"", ""reading"": ""じーむ"", ""meaning"": ""(non-word)""}, {""word"": ""シム"", ""reading"": ""しむ"", ""meaning"": ""(non-word)""}]",4,City,gym,,from English gym,katakana,,2,false
236,プール,"[{""word"": ""プールに行く"", ""reading"": ""ぷーるにいく"", ""meaning"": ""to go to the swimming pool"", ""tags"": []}]","[{""word"": ""プールに行く"", ""reading"": ""ぷーるにいく"", ""meaning"": ""to go to the swimming pool"", ""tags"": []}, {""word"": ""プールの前で"", ""reading"": ""ぷーるのまえで"", ""meaning"": ""in front of the swimming pool""}, {""word"": ""駅の近くのプール"", ""reading"": ""えきのちかくのぷーる"", ""meaning"": ""the swimming pool near the station""}]","[{""word"": ""プル"", ""reading"": ""ぷる"", ""meaning"": ""(non-word)""}, {""word"": ""ブール"", ""reading"": ""ぶーる"", ""meaning"": ""(non-word)""}, {""word"": ""プーッル"", ""reading"": ""ぷーっる"", ""meaning"": ""(non-word)""}]",4,City,swimming pool,,from English swimming pool,katakana,,3,false
237,サウナ,"[{""word"": ""サウナに行く"", ""reading"": ""さうなにいく"", ""meaning"": ""to go to the sauna"", ""tags"": []}]","[{""word"": ""サウナに行く"", ""reading"": ""さうなにいく"", ""meaning"": ""to go to the sauna"", ""tags"": []}, {""word"": ""サウナの前で"", ""reading"": ""さうなのまえで"", ""meaning"": ""in front of the sauna""}, {""word"": ""駅の近くのサウナ"", ""reading"": ""えきのちかくのさうな"", ""meaning"": ""the sauna near the station""}]","[{""word"": ""サーウナ"", ""reading"": ""さーうな"", ""meaning"": ""(non-word)""}, {""word"": ""ザウナ"", ""reading"": ""ざうな"", ""meaning"": ""(non-word)""}, {""word"": ""サウッナ"", ""reading"": ""さうっな"", ""meaning"": ""(non-word)""}]",4,City,sauna,,from English sauna,katakana,,3,false
238,ネカフェ,"[{""word"": ""ネカフェに行く"", ""reading"": ""ねかふぇにいく"", ""meaning"": ""to go to the internet cafe"", ""tags"": []}]","[{""word"": ""ネカフェに行く"", ""reading"": ""ねかふぇにいく"", ""meaning"": ""to go to the internet cafe"", ""tags"": []}, {""word"": ""ネカフェの前で"", ""reading"": ""ねかふぇのまえで"", ""meaning"": ""in front of the internet cafe""}, {""word"": ""駅の近くのネカフェ"", ""reading"": ""えきのちかくのねかふぇ"", ""meaning"": ""the internet cafe near the station""}]","[{""word"": ""ネーカフェ"", ""reading"": ""ねーかふぇ"", ""meaning"": ""(non-word)""}, {""word"": ""ネガフェ"", ""reading"": ""ねがふぇ"", ""meaning"": ""(non-word)""}, {""word"": ""ネカブェ"", ""reading"": ""ねかぶぇ"", ""meaning"": ""(non-word)""}]",4,City,internet cafe,short for ネットカフェ,from English internet cafe,katakana,,4,false
239,ライブハウス,"[{""word"": ""ライブハウスに行く"", ""reading"": ""らいぶはうすにいく"", ""meaning"": ""to go to the small music venue"", ""tags"": []}]","[{""word"": ""ライブハウスに行く"", ""reading"": ""らいぶはうすにいく"", ""meaning"": ""to go to the small music venue"", ""tags"": []}, {""word"": ""ライブハウスの前で"", ""reading"": ""らいぶはうすのまえで"", ""meaning"": ""in front of the small music venue""}, {""word"": ""駅の近くのライブハウス"", ""reading"": ""えきのちかくのらいぶはうす"", ""meaning"": ""the small music venue near the station""}]","[{""word"": ""ラーイブハウス"", ""reading"": ""らーいぶはうす"", ""meaning"": ""(non-word)""}, {""word"": ""ライプハウス"", ""reading"": ""らいぷはうす"", ""meaning"": ""(non-word)""}, {""word"": ""ライブバウス"", ""reading"": ""らいぶばうす"", ""meaning"": ""(non-word)""}]",4,City,small music venue,wasei,from English small music venue,katakana,,6,false
240,ドラッグストア,"[{""word"": ""ドラッグストアに行く"", ""reading"": ""どらっぐすとあにいく"", ""meaning"": ""to go to the drugstore"", ""tags"": []}]","[{""word"": ""ドラッグストアに行く"", ""reading"": ""どらっぐすとあにいく"", ""meaning"": ""to go to the drugstore"", ""tags"": []}, {""word"": ""ドラッグストアの前で"", ""reading"": ""どらっぐすとあのまえで"", ""meaning"": ""in front of the drugstore""}, {""word"": ""駅の近くのドラッグストア"", ""reading"": ""えきのちかくのどらっぐすとあ"", ""meaning"": ""the drugstore near the station""}]","[{""word"": ""ドーラッグストア"", ""reading"": ""どーらっぐすとあ"", ""meaning"": ""(non-word)""}, {""word"": ""トラッグストア"", ""reading"": ""とらっぐすとあ"", ""meaning"": ""(non-word)""}, {""word"": ""ドラックストア"", ""reading"": ""どらっくすとあ"", ""meaning"": ""(non-word)""}]",4,City,drugstore,,from English drugstore,katakana,,7,false
241,ホームセンター,"[{""word"": ""ホームセンターに行く"", ""reading"": ""ほーむせんたーにいく"", ""meaning"": ""to go to the hardware / home improvement store"", ""tags"": []}]","[{""word"": ""ホームセンターに行く"", ""reading"": ""ほーむせんたーにいく"", ""meaning"": ""to go to the hardware / home improvement store"", ""tags"": []}, {""word"": ""ホームセンターの前で"", ""reading"": ""ほーむせんたーのまえで"", ""meaning"": ""in front of the hardware / home improvement store""}, {""word"": ""駅の近くのホームセンター"", ""reading"": ""えきのちかくのほーむせんたー"", ""meaning"": ""the hardware / home improvement store near the station""}]","[{""word"": ""ホムセンター"", ""reading"": ""ほむせんたー"", ""meaning"": ""(non-word)""}, {""word"": ""ボームセンター"", ""reading"": ""ぼーむせんたー"", ""meaning"": ""(non-word)""}, {""word"": ""ホームゼンター"", ""reading"": ""ほーむぜんたー"", ""meaning"": ""(non-word)""}]",4,City,hardware / home improvement store,wasei,from English hardware / home improvement store,katakana,,7,false
242,ショッピングモール,"[{""word"": ""ショッピングモールに行く"", ""reading"": ""しょっぴんぐもーるにいく"", ""meaning"": ""to go to the shopping mall"", ""tags"": []}]","[{""word"": ""ショッピングモールに行く"", ""reading"": ""しょっぴんぐもーるにいく"", ""meaning"": ""to go to the shopping mall"", ""tags"": []}, {""word"": ""ショッピングモールの前で"", ""reading"": ""しょっぴんぐもーるのまえで"", ""meaning"": ""in front of the shopping mall""}, {""word"": ""駅の近くのショッピングモール"", ""reading"": ""えきのちかくのしょっぴんぐもーる"", ""meaning"": ""the shopping mall near the station""}]","[{""word"": ""ショッピングモル"", ""reading"": ""しょっぴんぐもる"", ""meaning"": ""(non-word)""}, {""word"": ""ジョッピングモール"", ""reading"": ""じょっぴんぐもーる"", ""meaning"": ""(non-word)""}, {""word"": ""ショッビングモール"", ""reading"": ""しょっびんぐもーる"", ""meaning"": ""(non-word)""}]",4,City,shopping mall,,from English shopping mall,katakana,,9,false
243,アウトレット,"[{""word"": ""アウトレットに行く"", ""reading"": ""あうとれっとにいく"", ""meaning"": ""to go to the outlet mall"", ""tags"": []}]","[{""word"": ""アウトレットに行く"", ""reading"": ""あうとれっとにいく"", ""meaning"": ""to go to the outlet mall"", ""tags"": []}, {""word"": ""アウトレットの前で"", ""reading"": ""あうとれっとのまえで"", ""meaning"": ""in front of the outlet mall""}, {""word"": ""駅の近くのアウトレット"", ""reading"": ""えきのちかくのあうとれっと"", ""meaning"": ""the outlet mall near the station""}]","[{""word"": ""アーウトレット"", ""reading"": ""あーうとれっと"", ""meaning"": ""(non-word)""}, {""word"": ""アウドレット"", ""reading"": ""あうどれっと"", ""meaning"": ""(non-word)""}, {""word"": ""アウトレッド"", ""reading"": ""あうとれっど"", ""meaning"": ""(non-word)""}]",4,City,outlet mall,,from English outlet mall,katakana,,6,false
244,リサイクルショップ,"[{""word"": ""リサイクルショップに行く"", ""reading"": ""りさいくるしょっぷにいく"", ""meaning"": ""to go to the secondhand goods store"", ""tags"": []}]","[{""word"": ""リサイクルショップに行く"", ""reading"": ""りさいくるしょっぷにいく"", ""meaning"": ""to go to the secondhand goods store"", ""tags"": []}, {""word"": ""リサイクルショップの前で"", ""reading"": ""りさいくるしょっぷのまえで"", ""meaning"": ""in front of the secondhand goods store""}, {""word"": ""駅の近くのリサイクルショップ"", ""reading"": ""えきのちかくのりさいくるしょっぷ"", ""meaning"": ""the secondhand goods store near the station""}]","[{""word"": ""リーサイクルショップ"", ""reading"": ""りーさいくるしょっぷ"", ""meaning"": ""(non-word)""}, {""word"": ""リザイクルショップ"", ""reading"": ""りざいくるしょっぷ"", ""meaning"": ""(non-word)""}, {""word"": ""リサイグルショップ"", ""reading"": ""りさいぐるしょっぷ"", ""meaning"": ""(non-word)""}]",4,City,secondhand goods store,wasei,from English secondhand goods store,katakana,,9,false
245,フリマ,"[{""word"": ""フリマに行く"", ""reading"": ""ふりまにいく"", ""meaning"": ""to go to the flea market"", ""tags"": []}]","[{""word"": ""フリマに行く"", ""reading"": ""ふりまにいく"", ""meaning"": ""to go to the flea market"", ""tags"": []}, {""word"": ""フリマの前で"", ""reading"": ""ふりまのまえで"", ""meaning"": ""in front of the flea market""}, {""word"": ""駅の近くのフリマ"", ""reading"": ""えきのちかくのふりま"", ""meaning"": ""the flea market near the station""}]","[{""word"": ""フーリマ"", ""reading"": ""ふーりま"", ""meaning"": ""(non-word)""}, {""word"": ""ブリマ"", ""reading"": ""ぶりま"", ""meaning"": ""(non-word)""}, {""word"": ""フリッマ"", ""reading"": ""ふりっま"", ""meaning"": ""(non-word)""}]",4,City,flea market,short for フリーマーケット,from English flea market,katakana,,3,false
246,コインランドリー,"[{""word"": ""コインランドリーに行く"", ""reading"": ""こいんらんどりーにいく"", ""meaning"": ""to go to the laundromat"", ""tags"": []}]","[{""word"": ""コインランドリーに行く"", ""reading"": ""こいんらんどりーにいく"", ""meaning"": ""to go to the laundromat"", ""tags"": []}, {""word"": ""コインランドリーの前で"", ""reading"": ""こいんらんどりーのまえで"", ""meaning"": ""in front of the laundromat""}, {""word"": ""駅の近くのコインランドリー"", ""reading"": ""えきのちかくのこいんらんどりー"", ""meaning"": ""the laundromat near the station""}]","[{""word"": ""コインランドリ"", ""reading"": ""こいんらんどり"", ""meaning"": ""(non-word)""}, {""word"": ""ゴインランドリー"", ""reading"": ""ごいんらんどりー"", ""meaning"": ""(non-word)""}, {""word"": ""コインラントリー"", ""reading"": ""こいんらんとりー"", ""meaning"": ""(non-word)""}]",4,City,laundromat,wasei,from English laundromat,katakana,,8,false
247,クリーニング,"[{""word"": ""クリーニングに行く"", ""reading"": ""くりーにんぐにいく"", ""meaning"": ""to go to the dry cleaner's"", ""tags"": []}]","[{""word"": ""クリーニングに行く"", ""reading"": ""くりーにんぐにいく"", ""meaning"": ""to go to the dry cleaner's"", ""tags"": []}, {""word"": ""クリーニングの前で"", ""reading"": ""くりーにんぐのまえで"", ""meaning"": ""in front of the dry cleaner's""}, {""word"": ""駅の近くのクリーニング"", ""reading"": ""えきのちかくのくりーにんぐ"", ""meaning"": ""the dry cleaner's near the station""}]","[{""word"": ""クリニング"", ""reading"": ""くりにんぐ"", ""meaning"": ""(non-word)""}, {""word"": ""グリーニング"", ""reading"": ""ぐりーにんぐ"", ""meaning"": ""(non-word)""}, {""word"": ""クリーニンク"", ""reading"": ""くりーにんく"", ""meaning"": ""(non-word)""}]",4,City,dry cleaner's,usually クリーニング屋,from English dry cleaner's,katakana,,6,false
248,ガソリンスタンド,"[{""word"": ""ガソリンスタンドに行く"", ""reading"": ""がそりんすたんどにいく"", ""meaning"": ""to go to the gas station"", ""tags"": []}]","[{""word"": ""ガソリンスタンドに行く"", ""reading"": ""がそりんすたんどにいく"", ""meaning"": ""to go to the gas station"", ""tags"": []}, {""word"": ""ガソリンスタンドの前で"", ""reading"": ""がそりんすたんどのまえで"", ""meaning"": ""in front of the gas station""}, {""word"": ""駅の近くのガソリンスタンド"", ""reading"": ""えきのちかくのがそりんすたんど"", ""meaning"": ""the gas station near the station""}]","[{""word"": ""ガーソリンスタンド"", ""reading"": ""がーそりんすたんど"", ""meaning"": ""(non-word)""}, {""word"": ""カソリンスタンド"", ""reading"": ""かそりんすたんど"", ""meaning"": ""(non-word)""}, {""word"": ""ガゾリンスタンド"", ""reading"": ""がぞりんすたんど"", ""meaning"": ""(non-word)""}]",4,City,gas station,wasei,from English gas station,katakana,,8,false
249,コインパーキング,"[{""word"": ""コインパーキングに行く"", ""reading"": ""こいんぱーきんぐにいく"", ""meaning"": ""to go to the pay-by-the-hour parking lot"", ""tags"": []}]","[{""word"": ""コインパーキングに行く"", ""reading"": ""こいんぱーきんぐにいく"", ""meaning"": ""to go to the pay-by-the-hour parking lot"", ""tags"": []}, {""word"": ""コインパーキングの前で"", ""reading"": ""こいんぱーきんぐのまえで"", ""meaning"": ""in front of the pay-by-the-hour parking lot""}, {""word"": ""駅の近くのコインパーキング"", ""reading"": ""えきのちかくのこいんぱーきんぐ"", ""meaning"": ""the pay-by-the-hour parking lot near the station""}]","[{""word"": ""コインパキング"", ""reading"": ""こいんぱきんぐ"", ""meaning"": ""(non-word)""}, {""word"": ""ゴインパーキング"", ""reading"": ""ごいんぱーきんぐ"", ""meaning"": ""(non-word)""}, {""word"": ""コインバーキング"", ""reading"": ""こいんばーきんぐ"", ""meaning"": ""(non-word)""}]",4,City,pay-by-the-hour parking lot,wasei,from English pay-by-the-hour parking lot,katakana,,8,false
250,サービスエリア,"[{""word"": ""サービスエリアに行く"", ""reading"": ""さーびすえりあにいく"", ""meaning"": ""to go to the highway rest stop"", ""tags"": []}]","[{""word"": ""サービスエリアに行く"", ""reading"": ""さーびすえりあにいく"", ""meaning"": ""to go to the highway rest stop"", ""tags"": []}, {""word"": ""サービスエリアの前で"", ""reading"": ""さーびすえりあのまえで"", ""meaning"": ""in front of the highway rest stop""}, {""word"": ""駅の近くのサービスエリア"", ""reading"": ""えきのちかくのさーびすえりあ"", ""meaning"": ""the highway rest stop near the station""}]","[{""word"": ""サビスエリア"", ""reading"": ""さびすえりあ"", ""meaning"": ""(non-word)""}, {""word"": ""ザービスエリア"", ""reading"": ""ざーびすえりあ"", ""meaning"": ""(non-word)""}, {""word"": ""サーピスエリア"", ""reading"": ""さーぴすえりあ"", ""meaning"": ""(non-word)""}]",4,City,highway rest stop,wasei,from English highway rest stop,katakana,,7,false
251,ロータリー,"[{""word"": ""ロータリーに行く"", ""reading"": ""ろーたりーにいく"", ""meaning"": ""to go to the station-front plaza / roundabout"", ""tags"": []}]","[{""word"": ""ロータリーに行く"", ""reading"": ""ろーたりーにいく"", ""meaning"": ""to go to the station-front plaza / roundabout"", ""tags"": []}, {""word"": ""ロータリーの前で"", ""reading"": ""ろーたりーのまえで"", ""meaning"": ""in front of the station-front plaza / roundabout""}, {""word"": ""駅の近くのロータリー"", ""reading"": ""えきのちかくのろーたりー"", ""meaning"": ""the station-front plaza / roundabout near the station""}]","[{""word"": ""ロタリー"", ""reading"": ""ろたりー"", ""meaning"": ""(non-word)""}, {""word"": ""ローダリー"", ""reading"": ""ろーだりー"", ""meaning"": ""(non-word)""}, {""word"": ""ローッタリー"", ""reading"": ""ろーったりー"", ""meaning"": ""(non-word)""}]",4,City,station-front plaza / roundabout,,from English station-front plaza / roundabout,katakana,,5,false
252,アーケード,"[{""word"": ""アーケードに行く"", ""reading"": ""あーけーどにいく"", ""meaning"": ""to go to the covered shopping street"", ""tags"": []}]","[{""word"": ""アーケードに行く"", ""reading"": ""あーけーどにいく"", ""meaning"": ""to go to the covered shopping street"", ""tags"": []}, {""word"": ""アーケードの前で"", ""reading"": ""あーけーどのまえで"", ""meaning"": ""in front of the covered shopping street""}, {""word"": ""駅の近くのアーケード"", ""reading"": ""えきのちかくのあーけーど"", ""meaning"": ""the covered shopping street near the station""}]","[{""word"": ""アケード"", ""reading"": ""あけーど"", ""meaning"": ""(non-word)""}, {""word"": ""アーゲード"", ""reading"": ""あーげーど"", ""meaning"": ""(non-word)""}, {""word"": ""アーケート"", ""reading"": ""あーけーと"", ""meaning"": ""(non-word)""}]",4,City,covered shopping street,,from English covered shopping street,katakana,,5,false
253,ハローワーク,"[{""word"": ""ハローワークに行く"", ""reading"": ""はろーわーくにいく"", ""meaning"": ""to go to the government employment office"", ""tags"": []}]","[{""word"": ""ハローワークに行く"", ""reading"": ""はろーわーくにいく"", ""meaning"": ""to go to the government employment office"", ""tags"": []}, {""word"": ""ハローワークの前で"", ""reading"": ""はろーわーくのまえで"", ""meaning"": ""in front of the government employment office""}, {""word"": ""駅の近くのハローワーク"", ""reading"": ""えきのちかくのはろーわーく"", ""meaning"": ""the government employment office near the station""}]","[{""word"": ""ハロワーク"", ""reading"": ""はろわーく"", ""meaning"": ""(non-word)""}, {""word"": ""バローワーク"", ""reading"": ""ばろーわーく"", ""meaning"": ""(non-word)""}, {""word"": ""ハローワーグ"", ""reading"": ""はろーわーぐ"", ""meaning"": ""(non-word)""}]",4,City,government employment office,wasei,from English government employment office,katakana,,6,false
254,ホーム,"[{""word"": ""ホームで待つ"", ""reading"": ""ほーむでまつ"", ""meaning"": ""to wait on the platform"", ""tags"": []}]","[{""word"": ""ホームで待つ"", ""reading"": ""ほーむでまつ"", ""meaning"": ""to wait on the platform"", ""tags"": []}, {""word"": ""ホームの前で"", ""reading"": ""ほーむのまえで"", ""meaning"": ""in front of the train platform""}, {""word"": ""駅の近くのホーム"", ""reading"": ""えきのちかくのほーむ"", ""meaning"": ""the train platform near the station""}]","[{""word"": ""ホム"", ""reading"": ""ほむ"", ""meaning"": ""(non-word)""}, {""word"": ""ボーム"", ""reading"": ""ぼーむ"", ""meaning"": ""(non-word)""}, {""word"": ""ホーッム"", ""reading"": ""ほーっむ"", ""meaning"": ""(non-word)""}]",4,City,train platform,clipped from プラットホーム,from English train platform,katakana,,3,false
255,キオスク,"[{""word"": ""キオスクに行く"", ""reading"": ""きおすくにいく"", ""meaning"": ""to go to the station kiosk"", ""tags"": []}]","[{""word"": ""キオスクに行く"", ""reading"": ""きおすくにいく"", ""meaning"": ""to go to the station kiosk"", ""tags"": []}, {""word"": ""キオスクの前で"", ""reading"": ""きおすくのまえで"", ""meaning"": ""in front of the station kiosk""}, {""word"": ""駅の近くのキオスク"", ""reading"": ""えきのちかくのきおすく"", ""meaning"": ""the station kiosk near the station""}]","[{""word"": ""キーオスク"", ""reading"": ""きーおすく"", ""meaning"": ""(non-word)""}, {""word"": ""ギオスク"", ""reading"": ""ぎおすく"", ""meaning"": ""(non-word)""}, {""word"": ""キオズク"", ""reading"": ""きおずく"", ""meaning"": ""(non-word)""}]",4,City,station kiosk,,from English station kiosk,katakana,,4,false
256,コインロッカー,"[{""word"": ""コインロッカーに行く"", ""reading"": ""こいんろっかーにいく"", ""meaning"": ""to go to the coin locker"", ""tags"": []}]","[{""word"": ""コインロッカーに行く"", ""reading"": ""こいんろっかーにいく"", ""meaning"": ""to go to the coin locker"", ""tags"": []}, {""word"": ""コインロッカーの前で"", ""reading"": ""こいんろっかーのまえで"", ""meaning"": ""in front of the coin locker""}, {""word"": ""駅の近くのコインロッカー"", ""reading"": ""えきのちかくのこいんろっかー"", ""meaning"": ""the coin locker near the station""}]","[{""word"": ""コインロッカ"", ""reading"": ""こいんろっか"", ""meaning"": ""(non-word)""}, {""word"": ""ゴインロッカー"", ""reading"": ""ごいんろっかー"", ""meaning"": ""(non-word)""}, {""word"": ""コインロッガー"", ""reading"": ""こいんろっがー"", ""meaning"": ""(non-word)""}]",4,City,coin locker,wasei,from English coin locker,katakana,,7,false
257,ホテル,"[{""word"": ""ホテルに行く"", ""reading"": ""ほてるにいく"", ""meaning"": ""to go to the hotel"", ""tags"": []}]","[{""word"": ""ホテルに行く"", ""reading"": ""ほてるにいく"", ""meaning"": ""to go to the hotel"", ""tags"": []}, {""word"": ""ホテルの前で"", ""reading"": ""ほてるのまえで"", ""meaning"": ""in front of the hotel""}, {""word"": ""駅の近くのホテル"", ""reading"": ""えきのちかくのほてる"", ""meaning"": ""the hotel near the station""}]","[{""word"": ""ホーテル"", ""reading"": ""ほーてる"", ""meaning"": ""(non-word)""}, {""word"": ""ボテル"", ""reading"": ""ぼてる"", ""meaning"": ""(non-word)""}, {""word"": ""ホデル"", ""reading"": ""ほでる"", ""meaning"": ""(non-word)""}]",4,City,hotel,,from English hotel,katakana,,3,false
258,ビジネスホテル,"[{""word"": ""ビジネスホテルに行く"", ""reading"": ""びじねすほてるにいく"", ""meaning"": ""to go to the budget business hotel"", ""tags"": []}]","[{""word"": ""ビジネスホテルに行く"", ""reading"": ""びじねすほてるにいく"", ""meaning"": ""to go to the budget business hotel"", ""tags"": []}, {""word"": ""ビジネスホテルの前で"", ""reading"": ""びじねすほてるのまえで"", ""meaning"": ""in front of the budget business hotel""}, {""word"": ""駅の近くのビジネスホテル"", ""reading"": ""えきのちかくのびじねすほてる"", ""meaning"": ""the budget business hotel near the station""}]","[{""word"": ""ビージネスホテル"", ""reading"": ""びーじねすほてる"", ""meaning"": ""(non-word)""}, {""word"": ""ピジネスホテル"", ""reading"": ""ぴじねすほてる"", ""meaning"": ""(non-word)""}, {""word"": ""ビシネスホテル"", ""reading"": ""びしねすほてる"", ""meaning"": ""(non-word)""}]",4,City,budget business hotel,wasei,from English budget business hotel,katakana,,7,false
259,カプセルホテル,"[{""word"": ""カプセルホテルに行く"", ""reading"": ""かぷせるほてるにいく"", ""meaning"": ""to go to the capsule hotel"", ""tags"": []}]","[{""word"": ""カプセルホテルに行く"", ""reading"": ""かぷせるほてるにいく"", ""meaning"": ""to go to the capsule hotel"", ""tags"": []}, {""word"": ""カプセルホテルの前で"", ""reading"": ""かぷせるほてるのまえで"", ""meaning"": ""in front of the capsule hotel""}, {""word"": ""駅の近くのカプセルホテル"", ""reading"": ""えきのちかくのかぷせるほてる"", ""meaning"": ""the capsule hotel near the station""}]","[{""word"": ""カープセルホテル"", ""reading"": ""かーぷせるほてる"", ""meaning"": ""(non-word)""}, {""word"": ""ガプセルホテル"", ""reading"": ""がぷせるほてる"", ""meaning"": ""(non-word)""}, {""word"": ""カブセルホテル"", ""reading"": ""かぶせるほてる"", ""meaning"": ""(non-word)""}]",4,City,capsule hotel,,from English capsule hotel,katakana,,7,false
260,ペンション,"[{""word"": ""ペンションに行く"", ""reading"": ""ぺんしょんにいく"", ""meaning"": ""to go to the small resort guesthouse"", ""tags"": []}]","[{""word"": ""ペンションに行く"", ""reading"": ""ぺんしょんにいく"", ""meaning"": ""to go to the small resort guesthouse"", ""tags"": []}, {""word"": ""ペンションの前で"", ""reading"": ""ぺんしょんのまえで"", ""meaning"": ""in front of the small resort guesthouse""}, {""word"": ""駅の近くのペンション"", ""reading"": ""えきのちかくのぺんしょん"", ""meaning"": ""the small resort guesthouse near the station""}]","[{""word"": ""ペーンション"", ""reading"": ""ぺーんしょん"", ""meaning"": ""(non-word)""}, {""word"": ""ベンション"", ""reading"": ""べんしょん"", ""meaning"": ""(non-word)""}, {""word"": ""ペンジョン"", ""reading"": ""ぺんじょん"", ""meaning"": ""(non-word)""}]",4,City,small resort guesthouse,NOT a pension,from English small resort guesthouse,katakana,,5,false
261,タワー,"[{""word"": ""タワーに行く"", ""reading"": ""たわーにいく"", ""meaning"": ""to go to the tower"", ""tags"": []}]","[{""word"": ""タワーに行く"", ""reading"": ""たわーにいく"", ""meaning"": ""to go to the tower"", ""tags"": []}, {""word"": ""タワーの前で"", ""reading"": ""たわーのまえで"", ""meaning"": ""in front of the tower""}, {""word"": ""駅の近くのタワー"", ""reading"": ""えきのちかくのたわー"", ""meaning"": ""the tower near the station""}]","[{""word"": ""タワ"", ""reading"": ""たわ"", ""meaning"": ""(non-word)""}, {""word"": ""ダワー"", ""reading"": ""だわー"", ""meaning"": ""(non-word)""}, {""word"": ""タワッー"", ""reading"": ""たわっー"", ""meaning"": ""(non-word)""}]",4,City,tower,,from English tower,katakana,,3,false
262,ドーム,"[{""word"": ""ドームに行く"", ""reading"": ""どーむにいく"", ""meaning"": ""to go to the dome stadium"", ""tags"": []}]","[{""word"": ""ドームに行く"", ""reading"": ""どーむにいく"", ""meaning"": ""to go to the dome stadium"", ""tags"": []}, {""word"": ""ドームの前で"", ""reading"": ""どーむのまえで"", ""meaning"": ""in front of the dome stadium""}, {""word"": ""駅の近くのドーム"", ""reading"": ""えきのちかくのどーむ"", ""meaning"": ""the dome stadium near the station""}]","[{""word"": ""ドム"", ""reading"": ""どむ"", ""meaning"": ""(non-word)""}, {""word"": ""トーム"", ""reading"": ""とーむ"", ""meaning"": ""(non-word)""}, {""word"": ""ドーッム"", ""reading"": ""どーっむ"", ""meaning"": ""(non-word)""}]",4,City,dome stadium,,from English dome stadium,katakana,,3,false
263,スタジアム,"[{""word"": ""スタジアムに行く"", ""reading"": ""すたじあむにいく"", ""meaning"": ""to go to the stadium"", ""tags"": []}]","[{""word"": ""スタジアムに行く"", ""reading"": ""すたじあむにいく"", ""meaning"": ""to go to the stadium"", ""tags"": []}, {""word"": ""スタジアムの前で"", ""reading"": ""すたじあむのまえで"", ""meaning"": ""in front of the stadium""}, {""word"": ""駅の近くのスタジアム"", ""reading"": ""えきのちかくのすたじあむ"", ""meaning"": ""the stadium near the station""}]","[{""word"": ""スータジアム"", ""reading"": ""すーたじあむ"", ""meaning"": ""(non-word)""}, {""word"": ""ズタジアム"", ""reading"": ""ずたじあむ"", ""meaning"": ""(non-word)""}, {""word"": ""スダジアム"", ""reading"": ""すだじあむ"", ""meaning"": ""(non-word)""}]",4,City,stadium,,from English stadium,katakana,,5,false
264,シネコン,"[{""word"": ""シネコンに行く"", ""reading"": ""しねこんにいく"", ""meaning"": ""to go to the multiplex cinema"", ""tags"": []}]","[{""word"": ""シネコンに行く"", ""reading"": ""しねこんにいく"", ""meaning"": ""to go to the multiplex cinema"", ""tags"": []}, {""word"": ""シネコンの前で"", ""reading"": ""しねこんのまえで"", ""meaning"": ""in front of the multiplex cinema""}, {""word"": ""駅の近くのシネコン"", ""reading"": ""えきのちかくのしねこん"", ""meaning"": ""the multiplex cinema near the station""}]","[{""word"": ""シーネコン"", ""reading"": ""しーねこん"", ""meaning"": ""(non-word)""}, {""word"": ""ジネコン"", ""reading"": ""じねこん"", ""meaning"": ""(non-word)""}, {""word"": ""シネゴン"", ""reading"": ""しねごん"", ""meaning"": ""(non-word)""}]",4,City,multiplex cinema,short for シネマコンプレックス,from English multiplex cinema,katakana,,4,false
265,バッティングセンター,"[{""word"": ""バッティングセンターに行く"", ""reading"": ""ばってぃんぐせんたーにいく"", ""meaning"": ""to go to the batting cage center"", ""tags"": []}]","[{""word"": ""バッティングセンターに行く"", ""reading"": ""ばってぃんぐせんたーにいく"", ""meaning"": ""to go to the batting cage center"", ""tags"": []}, {""word"": ""バッティングセンターの前で"", ""reading"": ""ばってぃんぐせんたーのまえで"", ""meaning"": ""in front of the batting cage center""}, {""word"": ""駅の近くのバッティングセンター"", ""reading"": ""えきのちかくのばってぃんぐせんたー"", ""meaning"": ""the batting cage center near the station""}]","[{""word"": ""バッティングセンタ"", ""reading"": ""ばってぃんぐせんた"", ""meaning"": ""(non-word)""}, {""word"": ""パッティングセンター"", ""reading"": ""ぱってぃんぐせんたー"", ""meaning"": ""(non-word)""}, {""word"": ""バッディングセンター"", ""reading"": ""ばっでぃんぐせんたー"", ""meaning"": ""(non-word)""}]",4,City,batting cage center,wasei,from English batting cage center,katakana,,10,false
266,つける,"[{""word"": ""電気をつける"", ""reading"": ""でんきをつける"", ""meaning"": ""to turn on the light"", ""tags"": []}]","[{""word"": ""電気をつける"", ""reading"": ""でんきをつける"", ""meaning"": ""to turn on the light"", ""tags"": []}, {""word"": ""火をつける"", ""reading"": ""ひをつける"", ""meaning"": ""to light a fire""}, {""word"": ""気をつける"", ""reading"": ""きをつける"", ""meaning"": ""to be careful""}]","[{""word"": ""つげる"", ""reading"": ""つげる"", ""meaning"": ""(non-word)""}, {""word"": ""づける"", ""reading"": ""づける"", ""meaning"": ""(non-word)""}, {""word"": ""ちける"", ""reading"": ""ちける"", ""meaning"": ""(non-word)""}]",1,Actions,to turn on / to light,,native Japanese,hiragana,点ける,3,false
267,なくす,"[{""word"": ""お金をなくす"", ""reading"": ""おかねをなくす"", ""meaning"": ""to lose money"", ""tags"": []}]","[{""word"": ""お金をなくす"", ""reading"": ""おかねをなくす"", ""meaning"": ""to lose money"", ""tags"": []}, {""word"": ""かばんをなくす"", ""reading"": ""かばんをなくす"", ""meaning"": ""to lose a bag""}, {""word"": ""ハンコをなくす"", ""reading"": ""はんこをなくす"", ""meaning"": ""to lose a seal""}]","[{""word"": ""なぐす"", ""reading"": ""なぐす"", ""meaning"": ""(non-word)""}, {""word"": ""なくず"", ""reading"": ""なくず"", ""meaning"": ""(non-word)""}, {""word"": ""なっくす"", ""reading"": ""なっくす"", ""meaning"": ""(non-word)""}]",1,Actions,to lose (something),,native Japanese,hiragana,無くす,3,false
268,いつも,"[{""word"": ""いつもの店"", ""reading"": ""いつものみせ"", ""meaning"": ""the usual shop"", ""tags"": []}]","[{""word"": ""いつもの店"", ""reading"": ""いつものみせ"", ""meaning"": ""the usual shop"", ""tags"": []}, {""word"": ""いつものように"", ""reading"": ""いつものように"", ""meaning"": ""as always""}, {""word"": ""いつもの道"", ""reading"": ""いつものみち"", ""meaning"": ""the usual route""}]","[{""word"": ""いつむ"", ""reading"": ""いつむ"", ""meaning"": ""(non-word)""}, {""word"": ""いつぼ"", ""reading"": ""いつぼ"", ""meaning"": ""(non-word)""}, {""word"": ""いっも"", ""reading"": ""いっも"", ""meaning"": ""(non-word)""}]",1,Adverbs,always / usual,,native Japanese,hiragana,何時も,3,false
269,しょうゆ,"[{""word"": ""しょうゆを入れる"", ""reading"": ""しょうゆをいれる"", ""meaning"": ""to add soy sauce"", ""tags"": []}]","[{""word"": ""しょうゆを入れる"", ""reading"": ""しょうゆをいれる"", ""meaning"": ""to add soy sauce"", ""tags"": []}, {""word"": ""しょうゆをかける"", ""reading"": ""しょうゆをかける"", ""meaning"": ""to pour soy sauce""}, {""word"": ""しょうゆの味"", ""reading"": ""しょうゆのあじ"", ""meaning"": ""soy-sauce flavor""}]","[{""word"": ""じょうゆ"", ""reading"": ""じょうゆ"", ""meaning"": ""(non-word)""}, {""word"": ""しょうゆう"", ""reading"": ""しょうゆう"", ""meaning"": ""(non-word)""}, {""word"": ""しょゆ"", ""reading"": ""しょゆ"", ""meaning"": ""(non-word)""}]",1,Dining,soy sauce,,"Sino-Japanese (醤油, from Chinese)",hiragana,醤油,4,false
270,ペットボトル,"[{""word"": ""ペットボトルの水"", ""reading"": ""ぺっとぼとるのみず"", ""meaning"": ""bottled water"", ""tags"": []}]","[{""word"": ""ペットボトルの水"", ""reading"": ""ぺっとぼとるのみず"", ""meaning"": ""bottled water"", ""tags"": []}, {""word"": ""新しいペットボトル"", ""reading"": ""あたらしいぺっとぼとる"", ""meaning"": ""a new plastic bottle""}, {""word"": ""ペットボトルを買う"", ""reading"": ""ぺっとぼとるをかう"", ""meaning"": ""buy a plastic bottle""}]","[{""word"": ""ペットボトロ"", ""reading"": ""ペットボトロ"", ""meaning"": ""(non-word)""}, {""word"": ""ベットボトル"", ""reading"": ""ベットボトル"", ""meaning"": ""(non-word)""}, {""word"": ""ペットボドル"", ""reading"": ""ペットボドル"", ""meaning"": ""(non-word)""}]",5,Household,plastic bottle,wasei - from PET bottle,from English plastic bottle,katakana,,6,false
271,バス,"[{""word"": ""バスに乗る"", ""reading"": ""ばすにのる"", ""meaning"": ""to ride the bus"", ""tags"": []}]","[{""word"": ""バスに乗る"", ""reading"": ""ばすにのる"", ""meaning"": ""to ride the bus"", ""tags"": []}, {""word"": ""バスで行く"", ""reading"": ""ばすでいく"", ""meaning"": ""to go by bus""}, {""word"": ""バスを待つ"", ""reading"": ""ばすをまつ"", ""meaning"": ""to wait for the bus""}]","[{""word"": ""バアス"", ""reading"": ""バアス"", ""meaning"": ""(non-word)""}, {""word"": ""バヌ"", ""reading"": ""バヌ"", ""meaning"": ""(non-word)""}, {""word"": ""バソ"", ""reading"": ""バソ"", ""meaning"": ""(non-word)""}]",5,Transport,bus,,from English bus,katakana,,2,false
272,タクシー,"[{""word"": ""タクシーで行く"", ""reading"": ""たくしーでいく"", ""meaning"": ""to go by taxi"", ""tags"": []}]","[{""word"": ""タクシーで行く"", ""reading"": ""たくしーでいく"", ""meaning"": ""to go by taxi""}, {""word"": ""タクシーに乗る"", ""reading"": ""たくしーにのる"", ""meaning"": ""to take a taxi""}, {""word"": ""タクシーを止める"", ""reading"": ""たくしーをとめる"", ""meaning"": ""to hail a taxi""}]","[{""word"": ""タクシ"", ""reading"": ""タクシ"", ""meaning"": ""(non-word)""}, {""word"": ""ダクシー"", ""reading"": ""ダクシー"", ""meaning"": ""(non-word)""}, {""word"": ""タクツー"", ""reading"": ""タクツー"", ""meaning"": ""(non-word)""}]",5,Transport,taxi,,from English taxi,katakana,,4,false
273,ジュース,"[{""word"": ""ジュースを飲む"", ""reading"": ""じゅーすをのむ"", ""meaning"": ""to drink juice"", ""tags"": []}]","[{""word"": ""ジュースを飲む"", ""reading"": ""じゅーすをのむ"", ""meaning"": ""to drink juice"", ""tags"": []}, {""word"": ""冷たいジュース"", ""reading"": ""つめたいじゅーす"", ""meaning"": ""a cold juice""}, {""word"": ""ジュースを飲みに行く"", ""reading"": ""じゅーすをのみにいく"", ""meaning"": ""go out for juice""}]","[{""word"": ""ジュス"", ""reading"": ""ジュス"", ""meaning"": ""(non-word)""}, {""word"": ""シュース"", ""reading"": ""シュース"", ""meaning"": ""(non-word)""}, {""word"": ""ジューヌ"", ""reading"": ""ジューヌ"", ""meaning"": ""(non-word)""}]",5,Dining,juice,,from English juice,katakana,,4,false
274,ミルク,"[{""word"": ""ミルクを入れる"", ""reading"": ""みるくをいれる"", ""meaning"": ""to add milk"", ""tags"": []}]","[{""word"": ""ミルクを入れる"", ""reading"": ""みるくをいれる"", ""meaning"": ""to add milk"", ""tags"": []}, {""word"": ""冷たいミルク"", ""reading"": ""つめたいみるく"", ""meaning"": ""a cold milk""}, {""word"": ""ミルクを飲みに行く"", ""reading"": ""みるくをのみにいく"", ""meaning"": ""go out for milk""}]","[{""word"": ""ミリク"", ""reading"": ""ミリク"", ""meaning"": ""(non-word)""}, {""word"": ""ミルグ"", ""reading"": ""ミルグ"", ""meaning"": ""(non-word)""}, {""word"": ""ミルケ"", ""reading"": ""ミルケ"", ""meaning"": ""(non-word)""}]",5,Dining,milk,used for coffee/babies; 牛乳 for the drink itself,from English milk,katakana,,3,false
275,チーズ,"[{""word"": ""チーズを買う"", ""reading"": ""ちーずをかう"", ""meaning"": ""to buy cheese"", ""tags"": []}]","[{""word"": ""チーズを買う"", ""reading"": ""ちーずをかう"", ""meaning"": ""to buy cheese"", ""tags"": []}, {""word"": ""チーズを買って帰る"", ""reading"": ""ちーずをかってかえる"", ""meaning"": ""buy cheese and head home""}, {""word"": ""チーズを作る"", ""reading"": ""ちーずをつくる"", ""meaning"": ""make cheese""}]","[{""word"": ""チーヅ"", ""reading"": ""チーヅ"", ""meaning"": ""(non-word)""}, {""word"": ""チース"", ""reading"": ""チース"", ""meaning"": ""(non-word)""}, {""word"": ""ヂーズ"", ""reading"": ""ヂーズ"", ""meaning"": ""(non-word)""}]",5,Dining,cheese,,from English cheese,katakana,,3,false
276,バター,"[{""word"": ""バターをつける"", ""reading"": ""ばたーをつける"", ""meaning"": ""to spread butter"", ""tags"": []}]","[{""word"": ""バターをつける"", ""reading"": ""ばたーをつける"", ""meaning"": ""to spread butter"", ""tags"": []}, {""word"": ""バターを買って帰る"", ""reading"": ""ばたーをかってかえる"", ""meaning"": ""buy butter and head home""}, {""word"": ""バターを作る"", ""reading"": ""ばたーをつくる"", ""meaning"": ""make butter""}]","[{""word"": ""バタ"", ""reading"": ""バタ"", ""meaning"": ""(non-word)""}, {""word"": ""パター"", ""reading"": ""パター"", ""meaning"": ""(non-word)""}, {""word"": ""バダー"", ""reading"": ""バダー"", ""meaning"": ""(non-word)""}]",5,Dining,butter,,from English butter,katakana,,3,false
277,スープ,"[{""word"": ""スープを作る"", ""reading"": ""すーぷをつくる"", ""meaning"": ""to make soup"", ""tags"": []}]","[{""word"": ""スープを作る"", ""reading"": ""すーぷをつくる"", ""meaning"": ""to make soup"", ""tags"": []}, {""word"": ""スープを買って帰る"", ""reading"": ""すーぷをかってかえる"", ""meaning"": ""buy soup and head home""}, {""word"": ""朝のスープ"", ""reading"": ""あさのすーぷ"", ""meaning"": ""morning soup""}]","[{""word"": ""スーブ"", ""reading"": ""スーブ"", ""meaning"": ""(non-word)""}, {""word"": ""ヌープ"", ""reading"": ""ヌープ"", ""meaning"": ""(non-word)""}, {""word"": ""スウプ"", ""reading"": ""スウプ"", ""meaning"": ""(non-word)""}]",5,Dining,soup,,from English soup,katakana,,3,false
278,サラダ,"[{""word"": ""サラダを食べる"", ""reading"": ""さらだをたべる"", ""meaning"": ""to eat salad"", ""tags"": []}]","[{""word"": ""サラダを食べる"", ""reading"": ""さらだをたべる"", ""meaning"": ""to eat salad"", ""tags"": []}, {""word"": ""サラダを買って帰る"", ""reading"": ""さらだをかってかえる"", ""meaning"": ""buy salad and head home""}, {""word"": ""サラダを作る"", ""reading"": ""さらだをつくる"", ""meaning"": ""make salad""}]","[{""word"": ""サラタ"", ""reading"": ""サラタ"", ""meaning"": ""(non-word)""}, {""word"": ""ザラダ"", ""reading"": ""ザラダ"", ""meaning"": ""(non-word)""}, {""word"": ""サラダー"", ""reading"": ""サラダー"", ""meaning"": ""(non-word)""}]",5,Dining,salad,,from English salad,katakana,,3,false
279,ケーキ,"[{""word"": ""ケーキを切る"", ""reading"": ""けーきをきる"", ""meaning"": ""to cut a cake"", ""tags"": []}]","[{""word"": ""ケーキを切る"", ""reading"": ""けーきをきる"", ""meaning"": ""to cut a cake"", ""tags"": []}, {""word"": ""ケーキを買って帰る"", ""reading"": ""けーきをかってかえる"", ""meaning"": ""buy cake and head home""}, {""word"": ""ケーキを作る"", ""reading"": ""けーきをつくる"", ""meaning"": ""make cake""}]","[{""word"": ""ケーギ"", ""reading"": ""ケーギ"", ""meaning"": ""(non-word)""}, {""word"": ""ケキ"", ""reading"": ""ケキ"", ""meaning"": ""(non-word)""}, {""word"": ""ゲーキ"", ""reading"": ""ゲーキ"", ""meaning"": ""(non-word)""}]",5,Dining,cake,,from English cake,katakana,,3,false
280,アイス,"[{""word"": ""アイスを買う"", ""reading"": ""あいすをかう"", ""meaning"": ""to buy ice cream"", ""tags"": []}]","[{""word"": ""アイスを買う"", ""reading"": ""あいすをかう"", ""meaning"": ""to buy ice cream"", ""tags"": []}, {""word"": ""アイスを買って帰る"", ""reading"": ""あいすをかってかえる"", ""meaning"": ""buy ice cream and head home""}, {""word"": ""アイスを作る"", ""reading"": ""あいすをつくる"", ""meaning"": ""make ice cream""}]","[{""word"": ""アイズ"", ""reading"": ""アイズ"", ""meaning"": ""(non-word)""}, {""word"": ""アエス"", ""reading"": ""アエス"", ""meaning"": ""(non-word)""}, {""word"": ""アイスー"", ""reading"": ""アイスー"", ""meaning"": ""(non-word)""}]",5,Dining,ice cream,short for アイスクリーム,from English ice cream,katakana,,3,false
281,シャツ,"[{""word"": ""シャツを着る"", ""reading"": ""しゃつをきる"", ""meaning"": ""to wear a shirt"", ""tags"": []}]","[{""word"": ""シャツを着る"", ""reading"": ""しゃつをきる"", ""meaning"": ""to wear a shirt"", ""tags"": []}, {""word"": ""シャツのボタン"", ""reading"": ""しゃつのぼたん"", ""meaning"": ""a shirt button""}, {""word"": ""白いシャツ"", ""reading"": ""しろいしゃつ"", ""meaning"": ""a white shirt""}]","[{""word"": ""シャシ"", ""reading"": ""シャシ"", ""meaning"": ""(non-word)""}, {""word"": ""ジャツ"", ""reading"": ""ジャツ"", ""meaning"": ""(non-word)""}, {""word"": ""シヤツ"", ""reading"": ""シヤツ"", ""meaning"": ""(non-word)""}]",5,Clothing,shirt,,from English shirt,katakana,,3,false
282,ズボン,"[{""word"": ""ズボンが長い"", ""reading"": ""ずぼんがながい"", ""meaning"": ""the pants are long"", ""tags"": []}]","[{""word"": ""ズボンが長い"", ""reading"": ""ずぼんがながい"", ""meaning"": ""the pants are long"", ""tags"": []}, {""word"": ""ズボンをはく"", ""reading"": ""ずぼんをはく"", ""meaning"": ""to put on trousers""}, {""word"": ""長いズボン"", ""reading"": ""ながいずぼん"", ""meaning"": ""long trousers""}]","[{""word"": ""スボン"", ""reading"": ""スボン"", ""meaning"": ""(non-word)""}, {""word"": ""ズホン"", ""reading"": ""ズホン"", ""meaning"": ""(non-word)""}, {""word"": ""ズボーン"", ""reading"": ""ズボーン"", ""meaning"": ""(non-word)""}]",5,Clothing,trousers; pants,,poss. from French jupon,katakana,,3,false
283,コート,"[{""word"": ""コートを着る"", ""reading"": ""こーとをきる"", ""meaning"": ""to wear a coat"", ""tags"": []}]","[{""word"": ""コートを着る"", ""reading"": ""こーとをきる"", ""meaning"": ""to wear a coat"", ""tags"": []}, {""word"": ""黒いコート"", ""reading"": ""くろいこーと"", ""meaning"": ""a black coat""}, {""word"": ""冬のコート"", ""reading"": ""ふゆのこーと"", ""meaning"": ""a winter coat""}]","[{""word"": ""コオト"", ""reading"": ""コオト"", ""meaning"": ""(non-word)""}, {""word"": ""ゴート"", ""reading"": ""ゴート"", ""meaning"": ""(non-word)""}, {""word"": ""コートー"", ""reading"": ""コートー"", ""meaning"": ""(non-word)""}]",5,Clothing,coat,also means court (tennis),from English coat,katakana,,3,false
284,ポケット,"[{""word"": ""ポケットに入れる"", ""reading"": ""ぽけっとにいれる"", ""meaning"": ""to put in a pocket"", ""tags"": []}]","[{""word"": ""ポケットに入れる"", ""reading"": ""ぽけっとにいれる"", ""meaning"": ""to put in a pocket"", ""tags"": []}, {""word"": ""ポケットから出す"", ""reading"": ""ぽけっとからだす"", ""meaning"": ""to take from a pocket""}, {""word"": ""ポケットの中"", ""reading"": ""ぽけっとのなか"", ""meaning"": ""inside the pocket""}]","[{""word"": ""ポケト"", ""reading"": ""ポケト"", ""meaning"": ""(non-word)""}, {""word"": ""ボケット"", ""reading"": ""ボケット"", ""meaning"": ""(non-word)""}, {""word"": ""ポケッド"", ""reading"": ""ポケッド"", ""meaning"": ""(non-word)""}]",5,Clothing,pocket,,from English pocket,katakana,,4,false
285,メール,"[{""word"": ""メールを送る"", ""reading"": ""めーるをおくる"", ""meaning"": ""to send an email"", ""tags"": []}]","[{""word"": ""メールを送る"", ""reading"": ""めーるをおくる"", ""meaning"": ""to send an email"", ""tags"": []}, {""word"": ""新しいメール"", ""reading"": ""あたらしいめーる"", ""meaning"": ""a new email""}, {""word"": ""メールを切る"", ""reading"": ""めーるをきる"", ""meaning"": ""switch off the email""}]","[{""word"": ""メーロ"", ""reading"": ""メーロ"", ""meaning"": ""(non-word)""}, {""word"": ""メエル"", ""reading"": ""メエル"", ""meaning"": ""(non-word)""}, {""word"": ""メールー"", ""reading"": ""メールー"", ""meaning"": ""(non-word)""}]",5,Electronics,email; text message,,from English email,katakana,,3,false
286,ゲーム,"[{""word"": ""ゲームをする"", ""reading"": ""げーむをする"", ""meaning"": ""to play a game"", ""tags"": []}]","[{""word"": ""ゲームをする"", ""reading"": ""げーむをする"", ""meaning"": ""to play a game"", ""tags"": []}, {""word"": ""新しいゲーム"", ""reading"": ""あたらしいげーむ"", ""meaning"": ""a new game""}, {""word"": ""ゲームを切る"", ""reading"": ""げーむをきる"", ""meaning"": ""switch off the game""}]","[{""word"": ""ゲム"", ""reading"": ""ゲム"", ""meaning"": ""(non-word)""}, {""word"": ""ケーム"", ""reading"": ""ケーム"", ""meaning"": ""(non-word)""}, {""word"": ""ゲーヌ"", ""reading"": ""ゲーヌ"", ""meaning"": ""(non-word)""}]",5,Electronics,game; video game,,from English game,katakana,,3,false
287,カメラ,"[{""word"": ""カメラで写す"", ""reading"": ""かめらでうつす"", ""meaning"": ""to take a photo"", ""tags"": []}]","[{""word"": ""カメラで写す"", ""reading"": ""かめらでうつす"", ""meaning"": ""to take a photo"", ""tags"": []}, {""word"": ""新しいカメラ"", ""reading"": ""あたらしいかめら"", ""meaning"": ""a new camera""}, {""word"": ""カメラを切る"", ""reading"": ""かめらをきる"", ""meaning"": ""switch off the camera""}]","[{""word"": ""カメロ"", ""reading"": ""カメロ"", ""meaning"": ""(non-word)""}, {""word"": ""カヌラ"", ""reading"": ""カヌラ"", ""meaning"": ""(non-word)""}, {""word"": ""カメラー"", ""reading"": ""カメラー"", ""meaning"": ""(non-word)""}]",5,Electronics,camera,,from English camera,katakana,,3,false
288,ニュース,"[{""word"": ""ニュースを見る"", ""reading"": ""にゅーすをみる"", ""meaning"": ""to watch the news"", ""tags"": []}]","[{""word"": ""ニュースを見る"", ""reading"": ""にゅーすをみる"", ""meaning"": ""to watch the news"", ""tags"": []}, {""word"": ""新しいニュース"", ""reading"": ""あたらしいにゅーす"", ""meaning"": ""a new the news""}, {""word"": ""ニュースを切る"", ""reading"": ""にゅーすをきる"", ""meaning"": ""switch off the the news""}]","[{""word"": ""ニュス"", ""reading"": ""ニュス"", ""meaning"": ""(non-word)""}, {""word"": ""ニョース"", ""reading"": ""ニョース"", ""meaning"": ""(non-word)""}, {""word"": ""ニューヌ"", ""reading"": ""ニューヌ"", ""meaning"": ""(non-word)""}]",5,Electronics,the news,,from English the news,katakana,,4,false
289,シャワー,"[{""word"": ""シャワーを使う"", ""reading"": ""しゃわーをつかう"", ""meaning"": ""to take a shower"", ""tags"": []}]","[{""word"": ""シャワーを使う"", ""reading"": ""しゃわーをつかう"", ""meaning"": ""to take a shower"", ""tags"": []}, {""word"": ""新しいシャワー"", ""reading"": ""あたらしいしゃわー"", ""meaning"": ""a new shower""}, {""word"": ""シャワーを買う"", ""reading"": ""しゃわーをかう"", ""meaning"": ""buy a shower""}]","[{""word"": ""シャワ"", ""reading"": ""シャワ"", ""meaning"": ""(non-word)""}, {""word"": ""ジャワー"", ""reading"": ""ジャワー"", ""meaning"": ""(non-word)""}, {""word"": ""シャウー"", ""reading"": ""シャウー"", ""meaning"": ""(non-word)""}]",5,Household,shower,,from English shower,katakana,,4,false
290,ペン,"[{""word"": ""ペンで書く"", ""reading"": ""ぺんでかく"", ""meaning"": ""to write with a pen"", ""tags"": []}]","[{""word"": ""ペンで書く"", ""reading"": ""ぺんでかく"", ""meaning"": ""to write with a pen"", ""tags"": []}, {""word"": ""新しいペン"", ""reading"": ""あたらしいぺん"", ""meaning"": ""a new pen""}, {""word"": ""ペンを借りる"", ""reading"": ""ぺんをかりる"", ""meaning"": ""borrow a pen""}]","[{""word"": ""ベン"", ""reading"": ""ベン"", ""meaning"": ""(non-word)""}, {""word"": ""ペヌ"", ""reading"": ""ペヌ"", ""meaning"": ""(non-word)""}, {""word"": ""ペーン"", ""reading"": ""ペーン"", ""meaning"": ""(non-word)""}]",5,Learning,pen,,from English pen,katakana,,2,false
291,パーティー,"[{""word"": ""パーティーを開く"", ""reading"": ""ぱーてぃーをひらく"", ""meaning"": ""to throw a party"", ""tags"": []}]","[{""word"": ""パーティーを開く"", ""reading"": ""ぱーてぃーをひらく"", ""meaning"": ""to throw a party"", ""tags"": []}, {""word"": ""パーティーの前で"", ""reading"": ""ぱーてぃーのまえで"", ""meaning"": ""in front of the party""}, {""word"": ""駅の近くのパーティー"", ""reading"": ""えきのちかくのぱーてぃー"", ""meaning"": ""the party near the station""}]","[{""word"": ""パーテー"", ""reading"": ""パーテー"", ""meaning"": ""(non-word)""}, {""word"": ""バーティー"", ""reading"": ""バーティー"", ""meaning"": ""(non-word)""}, {""word"": ""パーティ"", ""reading"": ""パーティ"", ""meaning"": ""(non-word)""}]",5,City,party,,from English party,katakana,,5,false
292,グラム,"[{""word"": ""百グラム"", ""reading"": ""ひゃくぐらむ"", ""meaning"": ""100 grams"", ""tags"": []}]","[{""word"": ""百グラム"", ""reading"": ""ひゃくぐらむ"", ""meaning"": ""100 grams"", ""tags"": []}, {""word"": ""百グラムの肉"", ""reading"": ""ひゃくぐらむのにく"", ""meaning"": ""100 g of meat""}, {""word"": ""二百グラムのバター"", ""reading"": ""にひゃくぐらむのばたー"", ""meaning"": ""200 g of butter""}]","[{""word"": ""グラヌ"", ""reading"": ""ぐらぬ"", ""meaning"": ""(non-word)""}, {""word"": ""クラム"", ""reading"": ""くらむ"", ""meaning"": ""(non-word)""}, {""word"": ""グラーム"", ""reading"": ""ぐらーむ"", ""meaning"": ""(non-word)""}]",5,Kitchen,gram,"unit; regular readings, no rendaku",from English gram,katakana,,3,false
293,かかる,"[{""word"": ""時間がかかる"", ""reading"": ""じかんがかかる"", ""meaning"": ""to take time"", ""tags"": []}]","[{""word"": ""時間がかかる"", ""reading"": ""じかんがかかる"", ""meaning"": ""to take time"", ""tags"": []}, {""word"": ""三日かかる"", ""reading"": ""みっかかかる"", ""meaning"": ""to take three days""}, {""word"": ""お金がかかる"", ""reading"": ""おかねがかかる"", ""meaning"": ""to cost money""}]","[{""word"": ""かがる"", ""reading"": ""かがる"", ""meaning"": ""(non-word)""}, {""word"": ""かかむ"", ""reading"": ""かかむ"", ""meaning"": ""(non-word)""}, {""word"": ""がかる"", ""reading"": ""がかる"", ""meaning"": ""(non-word)""}]",5,Actions,to take (time); to cost,,native Japanese,hiragana,掛かる,3,false
