id,kanji_list,kana_list,tokens
s001,"[31, 96, 98]",[],"[{""kind"": ""word"", ""ja"": ""私"", ""reading"": ""わたし"", ""en"": ""I"", ""kanji"": [""私""], ""targets"": [31]}, {""kind"": ""particle"", ""kana"": ""は""}, {""kind"": ""word"", ""ja"": ""学生"", ""reading"": ""がくせい"", ""en"": ""student"", ""kanji"": [""学"", ""生""], ""targets"": [96, 98]}, {""kind"": ""particle"", ""kana"": ""です""}]"
s002,"[1, 30, 54]",[],"[{""kind"": ""word"", ""ja"": ""一人"", ""reading"": ""ひとり"", ""en"": ""one person"", ""kanji"": [""一"", ""人""], ""targets"": [1, 30]}, {""kind"": ""particle"", ""kana"": ""で""}, {""kind"": ""word"", ""ja"": ""行く"", ""reading"": ""いく"", ""en"": ""go"", ""kanji"": [""行""], ""targets"": [54]}]"
s003,"[2, 30, 50, 54]",[],"[{""kind"": ""word"", ""ja"": ""二人"", ""reading"": ""ふたり"", ""en"": ""two people"", ""kanji"": [""二"", ""人""], ""targets"": [2, 30]}, {""kind"": ""particle"", ""kana"": ""で""}, {""kind"": ""word"", ""ja"": ""店"", ""reading"": ""みせ"", ""en"": ""shop"", ""kanji"": [""店""], ""targets"": [50]}, {""kind"": ""particle"", ""kana"": ""に""}, {""kind"": ""word"", ""ja"": ""行く"", ""reading"": ""いく"", ""en"": ""go"", ""kanji"": [""行""], ""targets"": [54]}]"
s004,"[3, 62]",[],"[{""kind"": ""word"", ""ja"": ""三つ"", ""reading"": ""みっつ"", ""en"": ""three"", ""kanji"": [""三""], ""targets"": [3]}, {""kind"": ""word"", ""ja"": ""買う"", ""reading"": ""かう"", ""en"": ""buy"", ""kanji"": [""買""], ""targets"": [62]}]"
s005,"[34, 267, 4, 30]",[],"[{""kind"": ""word"", ""ja"": ""子供"", ""reading"": ""こども"", ""en"": ""child"", ""kanji"": [""子"", ""供""], ""targets"": [34, 267]}, {""kind"": ""particle"", ""kana"": ""が""}, {""kind"": ""word"", ""ja"": ""四人"", ""reading"": ""よにん"", ""en"": ""four people"", ""kanji"": [""四"", ""人""], ""targets"": [4, 30]}, {""kind"": ""particle"", ""kana"": ""いる""}]"
s006,"[5, 57]",[],"[{""kind"": ""word"", ""ja"": ""五つ"", ""reading"": ""いつつ"", ""en"": ""five"", ""kanji"": [""五""], ""targets"": [5]}, {""kind"": ""word"", ""ja"": ""食べる"", ""reading"": ""たべる"", ""en"": ""eat"", ""kanji"": [""食""], ""targets"": [57]}]"
s007,"[6, 22, 55]",[],"[{""kind"": ""word"", ""ja"": ""六時"", ""reading"": ""ろくじ"", ""en"": ""six o'clock"", ""kanji"": [""六"", ""時""], ""targets"": [6, 22]}, {""kind"": ""particle"", ""kana"": ""に""}, {""kind"": ""word"", ""ja"": ""来る"", ""reading"": ""くる"", ""en"": ""come"", ""kanji"": [""来""], ""targets"": [55]}]"
s008,"[7, 62]",[],"[{""kind"": ""word"", ""ja"": ""七つ"", ""reading"": ""ななつ"", ""en"": ""seven"", ""kanji"": [""七""], ""targets"": [7]}, {""kind"": ""word"", ""ja"": ""買う"", ""reading"": ""かう"", ""en"": ""buy"", ""kanji"": [""買""], ""targets"": [62]}]"
s009,"[8, 56]",[],"[{""kind"": ""word"", ""ja"": ""八つ"", ""reading"": ""やっつ"", ""en"": ""eight"", ""kanji"": [""八""], ""targets"": [8]}, {""kind"": ""word"", ""ja"": ""見る"", ""reading"": ""みる"", ""en"": ""see"", ""kanji"": [""見""], ""targets"": [56]}]"
s010,[9],[],"[{""kind"": ""word"", ""ja"": ""九つ"", ""reading"": ""ここのつ"", ""en"": ""nine"", ""kanji"": [""九""], ""targets"": [9]}, {""kind"": ""particle"", ""kana"": ""ある""}]"
s011,"[10, 30]",[],"[{""kind"": ""word"", ""ja"": ""十"", ""reading"": ""じゅう"", ""en"": ""ten"", ""kanji"": [""十""], ""targets"": [10]}, {""kind"": ""particle"", ""kana"": ""の""}, {""kind"": ""word"", ""ja"": ""人"", ""reading"": ""ひと"", ""en"": ""people"", ""kanji"": [""人""], ""targets"": [30]}]"
s012,"[24, 14, 15, 29]",[],"[{""kind"": ""word"", ""ja"": ""今日"", ""reading"": ""きょう"", ""en"": ""today"", ""kanji"": [""今"", ""日""], ""targets"": [24, 14]}, {""kind"": ""particle"", ""kana"": ""は""}, {""kind"": ""word"", ""ja"": ""月曜日"", ""reading"": ""げつようび"", ""en"": ""Monday"", ""kanji"": [""月"", ""曜"", ""日""], ""targets"": [15, 29, 14]}, {""kind"": ""particle"", ""kana"": ""です""}]"
s013,"[209, 14, 16, 29]",[],"[{""kind"": ""word"", ""ja"": ""明日"", ""reading"": ""あした"", ""en"": ""tomorrow"", ""kanji"": [""明"", ""日""], ""targets"": [209, 14]}, {""kind"": ""particle"", ""kana"": ""は""}, {""kind"": ""word"", ""ja"": ""火曜日"", ""reading"": ""かようび"", ""en"": ""Tuesday"", ""kanji"": [""火"", ""曜"", ""日""], ""targets"": [16, 29, 14]}, {""kind"": ""particle"", ""kana"": ""です""}]"
s014,"[17, 29, 14, 172]",[],"[{""kind"": ""word"", ""ja"": ""水曜日"", ""reading"": ""すいようび"", ""en"": ""Wednesday"", ""kanji"": [""水"", ""曜"", ""日""], ""targets"": [17, 29, 14]}, {""kind"": ""particle"", ""kana"": ""に""}, {""kind"": ""word"", ""ja"": ""会う"", ""reading"": ""あう"", ""en"": ""meet"", ""kanji"": [""会""], ""targets"": [172]}]"
s015,"[18, 29, 14, 151]",[],"[{""kind"": ""word"", ""ja"": ""木曜日"", ""reading"": ""もくようび"", ""en"": ""Thursday"", ""kanji"": [""木"", ""曜"", ""日""], ""targets"": [18, 29, 14]}, {""kind"": ""particle"", ""kana"": ""は""}, {""kind"": ""word"", ""ja"": ""休み"", ""reading"": ""やすみ"", ""en"": ""day off"", ""kanji"": [""休""], ""targets"": [151]}, {""kind"": ""particle"", ""kana"": ""です""}]"
s016,"[19, 29, 14, 50, 54]",[],"[{""kind"": ""word"", ""ja"": ""金曜日"", ""reading"": ""きんようび"", ""en"": ""Friday"", ""kanji"": [""金"", ""曜"", ""日""], ""targets"": [19, 29, 14]}, {""kind"": ""particle"", ""kana"": ""に""}, {""kind"": ""word"", ""ja"": ""店"", ""reading"": ""みせ"", ""en"": ""store"", ""kanji"": [""店""], ""targets"": [50]}, {""kind"": ""particle"", ""kana"": ""に""}, {""kind"": ""word"", ""ja"": ""行く"", ""reading"": ""いく"", ""en"": ""go"", ""kanji"": [""行""], ""targets"": [54]}]"
s017,"[20, 29, 14]",[],"[{""kind"": ""word"", ""ja"": ""土曜日"", ""reading"": ""どようび"", ""en"": ""Saturday"", ""kanji"": [""土"", ""曜"", ""日""], ""targets"": [20, 29, 14]}, {""kind"": ""particle"", ""kana"": ""と""}, {""kind"": ""word"", ""ja"": ""日曜日"", ""reading"": ""にちようび"", ""en"": ""Sunday"", ""kanji"": [""日"", ""曜"", ""日""], ""targets"": [14, 29, 14]}]"
s018,"[24, 73, 22]",[],"[{""kind"": ""word"", ""ja"": ""今"", ""reading"": ""いま"", ""en"": ""now"", ""kanji"": [""今""], ""targets"": [24]}, {""kind"": ""word"", ""ja"": ""何時"", ""reading"": ""なんじ"", ""en"": ""what time"", ""kanji"": [""何"", ""時""], ""targets"": [73, 22]}, {""kind"": ""particle"", ""kana"": ""ですか""}]"
s019,"[28, 14, 71, 63]",[],"[{""kind"": ""word"", ""ja"": ""毎日"", ""reading"": ""まいにち"", ""en"": ""every day"", ""kanji"": [""毎"", ""日""], ""targets"": [28, 14]}, {""kind"": ""word"", ""ja"": ""本"", ""reading"": ""ほん"", ""en"": ""book"", ""kanji"": [""本""], ""targets"": [71]}, {""kind"": ""particle"", ""kana"": ""を""}, {""kind"": ""word"", ""ja"": ""読む"", ""reading"": ""よむ"", ""en"": ""read"", ""kanji"": [""読""], ""targets"": [63]}]"
s020,"[28, 27, 81, 57]",[],"[{""kind"": ""word"", ""ja"": ""毎週"", ""reading"": ""まいしゅう"", ""en"": ""every week"", ""kanji"": [""毎"", ""週""], ""targets"": [28, 27]}, {""kind"": ""word"", ""ja"": ""魚"", ""reading"": ""さかな"", ""en"": ""fish"", ""kanji"": [""魚""], ""targets"": [81]}, {""kind"": ""particle"", ""kana"": ""を""}, {""kind"": ""word"", ""ja"": ""食べる"", ""reading"": ""たべる"", ""en"": ""eat"", ""kanji"": [""食""], ""targets"": [57]}]"
s021,"[55, 21, 42, 96, 61]",[],"[{""kind"": ""word"", ""ja"": ""来年"", ""reading"": ""らいねん"", ""en"": ""next year"", ""kanji"": [""来"", ""年""], ""targets"": [55, 21]}, {""kind"": ""word"", ""ja"": ""大学"", ""reading"": ""だいがく"", ""en"": ""university"", ""kanji"": [""大"", ""学""], ""targets"": [42, 96]}, {""kind"": ""particle"", ""kana"": ""に""}, {""kind"": ""word"", ""ja"": ""入る"", ""reading"": ""はいる"", ""en"": ""enter"", ""kanji"": [""入""], ""targets"": [61]}]"
s022,"[55, 27, 36, 256, 172]",[],"[{""kind"": ""word"", ""ja"": ""来週"", ""reading"": ""らいしゅう"", ""en"": ""next week"", ""kanji"": [""来"", ""週""], ""targets"": [55, 27]}, {""kind"": ""word"", ""ja"": ""友達"", ""reading"": ""ともだち"", ""en"": ""friend"", ""kanji"": [""友"", ""達""], ""targets"": [36, 256]}, {""kind"": ""particle"", ""kana"": ""に""}, {""kind"": ""word"", ""ja"": ""会う"", ""reading"": ""あう"", ""en"": ""meet"", ""kanji"": [""会""], ""targets"": [172]}]"
s023,"[25, 23, 57]",[],"[{""kind"": ""word"", ""ja"": ""半分"", ""reading"": ""はんぶん"", ""en"": ""half"", ""kanji"": [""半"", ""分""], ""targets"": [25, 23]}, {""kind"": ""word"", ""ja"": ""食べた"", ""reading"": ""たべた"", ""en"": ""ate"", ""kanji"": [""食""], ""targets"": [57], ""lemma"": ""食べる""}]"
s024,"[22, 26]",[],"[{""kind"": ""word"", ""ja"": ""時間"", ""reading"": ""じかん"", ""en"": ""time"", ""kanji"": [""時"", ""間""], ""targets"": [22, 26]}, {""kind"": ""particle"", ""kana"": ""が""}, {""kind"": ""word"", ""ja"": ""ない"", ""reading"": ""ない"", ""en"": ""not have"", ""kanji"": [], ""targets"": []}]"
s025,"[1, 21, 26, 68]",[],"[{""kind"": ""word"", ""ja"": ""一"", ""reading"": ""いち"", ""en"": ""one"", ""kanji"": [""一""], ""targets"": [1]}, {""kind"": ""word"", ""ja"": ""年間"", ""reading"": ""ねんかん"", ""en"": ""years"", ""kanji"": [""年"", ""間""], ""targets"": [21, 26]}, {""kind"": ""word"", ""ja"": ""待った"", ""reading"": ""まった"", ""en"": ""waited"", ""kanji"": [""待""], ""targets"": [68], ""lemma"": ""待つ""}]"
s026,[23],[],"[{""kind"": ""word"", ""ja"": ""分かる"", ""reading"": ""わかる"", ""en"": ""understand"", ""kanji"": [""分""], ""targets"": [23]}]"
s027,"[37, 172, 268, 260]",[],"[{""kind"": ""word"", ""ja"": ""父"", ""reading"": ""ちち"", ""en"": ""father"", ""kanji"": [""父""], ""targets"": [37]}, {""kind"": ""particle"", ""kana"": ""は""}, {""kind"": ""word"", ""ja"": ""会社員"", ""reading"": ""かいしゃいん"", ""en"": ""office worker"", ""kanji"": [""会"", ""社"", ""員""], ""targets"": [172, 268, 260]}, {""kind"": ""particle"", ""kana"": ""です""}]"
s028,"[38, 146, 98]",[],"[{""kind"": ""word"", ""ja"": ""母"", ""reading"": ""はは"", ""en"": ""mother"", ""kanji"": [""母""], ""targets"": [38]}, {""kind"": ""particle"", ""kana"": ""は""}, {""kind"": ""word"", ""ja"": ""先生"", ""reading"": ""せんせい"", ""en"": ""teacher"", ""kanji"": [""先"", ""生""], ""targets"": [146, 98]}, {""kind"": ""particle"", ""kana"": ""です""}]"
s029,"[32, 34, 67]",[],"[{""kind"": ""word"", ""ja"": ""男"", ""reading"": ""おとこ"", ""en"": ""man"", ""kanji"": [""男""], ""targets"": [32]}, {""kind"": ""particle"", ""kana"": ""の""}, {""kind"": ""word"", ""ja"": ""子"", ""reading"": ""こ"", ""en"": ""child"", ""kanji"": [""子""], ""targets"": [34]}, {""kind"": ""particle"", ""kana"": ""が""}, {""kind"": ""word"", ""ja"": ""立つ"", ""reading"": ""たつ"", ""en"": ""stand"", ""kanji"": [""立""], ""targets"": [67]}]"
s030,"[33, 30, 66]",[],"[{""kind"": ""word"", ""ja"": ""女"", ""reading"": ""おんな"", ""en"": ""woman"", ""kanji"": [""女""], ""targets"": [33]}, {""kind"": ""particle"", ""kana"": ""の""}, {""kind"": ""word"", ""ja"": ""人"", ""reading"": ""ひと"", ""en"": ""person"", ""kanji"": [""人""], ""targets"": [30]}, {""kind"": ""particle"", ""kana"": ""が""}, {""kind"": ""word"", ""ja"": ""話す"", ""reading"": ""はなす"", ""en"": ""speak"", ""kanji"": [""話""], ""targets"": [66]}]"
s031,"[35, 36, 64, 144, 256]",[],"[{""kind"": ""word"", ""ja"": ""友達"", ""reading"": ""ともだち"", ""en"": ""friend"", ""kanji"": [""友"", ""達""], ""targets"": [36, 256]}, {""kind"": ""particle"", ""kana"": ""の""}, {""kind"": ""word"", ""ja"": ""名前"", ""reading"": ""なまえ"", ""en"": ""name"", ""kanji"": [""名"", ""前""], ""targets"": [35, 144]}, {""kind"": ""particle"", ""kana"": ""を""}, {""kind"": ""word"", ""ja"": ""書きます"", ""reading"": ""かきます"", ""en"": ""write"", ""kanji"": [""書""], ""targets"": [64], ""lemma"": ""書く""}]"
s032,"[47, 39]",[],"[{""kind"": ""word"", ""ja"": ""駅"", ""reading"": ""えき"", ""en"": ""station"", ""kanji"": [""駅""], ""targets"": [47]}, {""kind"": ""particle"", ""kana"": ""の""}, {""kind"": ""word"", ""ja"": ""上"", ""reading"": ""うえ"", ""en"": ""above"", ""kanji"": [""上""], ""targets"": [39]}, {""kind"": ""particle"", ""kana"": ""に""}, {""kind"": ""word"", ""ja"": ""ある"", ""reading"": ""ある"", ""en"": ""is"", ""kanji"": [], ""targets"": []}]"
s033,"[50, 41, 61]",[],"[{""kind"": ""word"", ""ja"": ""店"", ""reading"": ""みせ"", ""en"": ""shop"", ""kanji"": [""店""], ""targets"": [50]}, {""kind"": ""particle"", ""kana"": ""の""}, {""kind"": ""word"", ""ja"": ""中"", ""reading"": ""なか"", ""en"": ""inside"", ""kanji"": [""中""], ""targets"": [41]}, {""kind"": ""particle"", ""kana"": ""に""}, {""kind"": ""word"", ""ja"": ""入る"", ""reading"": ""はいる"", ""en"": ""enter"", ""kanji"": [""入""], ""targets"": [61]}]"
s034,"[42, 45]",[],"[{""kind"": ""word"", ""ja"": ""大きい"", ""reading"": ""おおきい"", ""en"": ""big"", ""kanji"": [""大""], ""targets"": [42]}, {""kind"": ""word"", ""ja"": ""山"", ""reading"": ""やま"", ""en"": ""mountain"", ""kanji"": [""山""], ""targets"": [45]}]"
s035,"[43, 46]",[],"[{""kind"": ""word"", ""ja"": ""小さい"", ""reading"": ""ちいさい"", ""en"": ""small"", ""kanji"": [""小""], ""targets"": [43]}, {""kind"": ""word"", ""ja"": ""川"", ""reading"": ""かわ"", ""en"": ""river"", ""kanji"": [""川""], ""targets"": [46]}]"
s036,"[41, 44, 54]",[],"[{""kind"": ""word"", ""ja"": ""中国"", ""reading"": ""ちゅうごく"", ""en"": ""China"", ""kanji"": [""中"", ""国""], ""targets"": [41, 44]}, {""kind"": ""particle"", ""kana"": ""に""}, {""kind"": ""word"", ""ja"": ""行く"", ""reading"": ""いく"", ""en"": ""go"", ""kanji"": [""行""], ""targets"": [54]}]"
s037,"[52, 68]",[],"[{""kind"": ""word"", ""ja"": ""外"", ""reading"": ""そと"", ""en"": ""outside"", ""kanji"": [""外""], ""targets"": [52]}, {""kind"": ""particle"", ""kana"": ""で""}, {""kind"": ""word"", ""ja"": ""待つ"", ""reading"": ""まつ"", ""en"": ""wait"", ""kanji"": [""待""], ""targets"": [68]}]"
s038,"[51, 41, 63]",[],"[{""kind"": ""word"", ""ja"": ""家"", ""reading"": ""いえ"", ""en"": ""house"", ""kanji"": [""家""], ""targets"": [51]}, {""kind"": ""particle"", ""kana"": ""の""}, {""kind"": ""word"", ""ja"": ""中"", ""reading"": ""なか"", ""en"": ""inside"", ""kanji"": [""中""], ""targets"": [41]}, {""kind"": ""particle"", ""kana"": ""で""}, {""kind"": ""word"", ""ja"": ""読む"", ""reading"": ""よむ"", ""en"": ""read"", ""kanji"": [""読""], ""targets"": [63]}]"
s039,"[48, 49, 54]",[],"[{""kind"": ""word"", ""ja"": ""町"", ""reading"": ""まち"", ""en"": ""town"", ""kanji"": [""町""], ""targets"": [48]}, {""kind"": ""particle"", ""kana"": ""の""}, {""kind"": ""word"", ""ja"": ""道"", ""reading"": ""みち"", ""en"": ""road"", ""kanji"": [""道""], ""targets"": [49]}, {""kind"": ""particle"", ""kana"": ""を""}, {""kind"": ""word"", ""ja"": ""行く"", ""reading"": ""いく"", ""en"": ""walk"", ""kanji"": [""行""], ""targets"": [54]}]"
s040,"[40, 71]",[],"[{""kind"": ""word"", ""ja"": ""下"", ""reading"": ""した"", ""en"": ""below"", ""kanji"": [""下""], ""targets"": [40]}, {""kind"": ""particle"", ""kana"": ""に""}, {""kind"": ""word"", ""ja"": ""本"", ""reading"": ""ほん"", ""en"": ""book"", ""kanji"": [""本""], ""targets"": [71]}, {""kind"": ""particle"", ""kana"": ""が""}, {""kind"": ""word"", ""ja"": ""ある"", ""reading"": ""ある"", ""en"": ""is"", ""kanji"": [], ""targets"": []}]"
s041,"[44, 179]",[],"[{""kind"": ""word"", ""ja"": ""国"", ""reading"": ""くに"", ""en"": ""country"", ""kanji"": [""国""], ""targets"": [44]}, {""kind"": ""particle"", ""kana"": ""に""}, {""kind"": ""word"", ""ja"": ""帰る"", ""reading"": ""かえる"", ""en"": ""return"", ""kanji"": [""帰""], ""targets"": [179]}]"
s042,"[17, 58]",[],"[{""kind"": ""word"", ""ja"": ""水"", ""reading"": ""みず"", ""en"": ""water"", ""kanji"": [""水""], ""targets"": [17]}, {""kind"": ""particle"", ""kana"": ""を""}, {""kind"": ""word"", ""ja"": ""飲む"", ""reading"": ""のむ"", ""en"": ""drink"", ""kanji"": [""飲""], ""targets"": [58]}]"
s043,"[82, 58]",[],"[{""kind"": ""word"", ""ja"": ""お茶"", ""reading"": ""おちゃ"", ""en"": ""tea"", ""kanji"": [""茶""], ""targets"": [82]}, {""kind"": ""particle"", ""kana"": ""を""}, {""kind"": ""word"", ""ja"": ""飲む"", ""reading"": ""のむ"", ""en"": ""drink"", ""kanji"": [""飲""], ""targets"": [58]}]"
s044,"[56, 22]",[],"[{""kind"": ""word"", ""ja"": ""見る"", ""reading"": ""みる"", ""en"": ""see"", ""kanji"": [""見""], ""targets"": [56]}, {""kind"": ""word"", ""ja"": ""時"", ""reading"": ""とき"", ""en"": ""when"", ""kanji"": [""時""], ""targets"": [22]}]"
s045,"[59, 30]",[],"[{""kind"": ""word"", ""ja"": ""言う"", ""reading"": ""いう"", ""en"": ""say"", ""kanji"": [""言""], ""targets"": [59]}, {""kind"": ""word"", ""ja"": ""人"", ""reading"": ""ひと"", ""en"": ""person"", ""kanji"": [""人""], ""targets"": [30]}]"
s046,"[60, 22, 26]",[],"[{""kind"": ""word"", ""ja"": ""出る"", ""reading"": ""でる"", ""en"": ""exit"", ""kanji"": [""出""], ""targets"": [60]}, {""kind"": ""word"", ""ja"": ""時間"", ""reading"": ""じかん"", ""en"": ""time"", ""kanji"": [""時"", ""間""], ""targets"": [22, 26]}]"
s047,"[100, 255, 64]",[],"[{""kind"": ""word"", ""ja"": ""手紙"", ""reading"": ""てがみ"", ""en"": ""letter"", ""kanji"": [""手"", ""紙""], ""targets"": [100, 255]}, {""kind"": ""particle"", ""kana"": ""を""}, {""kind"": ""word"", ""ja"": ""書く"", ""reading"": ""かく"", ""en"": ""write"", ""kanji"": [""書""], ""targets"": [64]}]"
s048,"[70, 65, 63]",[],"[{""kind"": ""word"", ""ja"": ""新聞"", ""reading"": ""しんぶん"", ""en"": ""newspaper"", ""kanji"": [""新"", ""聞""], ""targets"": [70, 65]}, {""kind"": ""particle"", ""kana"": ""を""}, {""kind"": ""word"", ""ja"": ""読む"", ""reading"": ""よむ"", ""en"": ""read"", ""kanji"": [""読""], ""targets"": [63]}]"
s049,"[66, 65]",[],"[{""kind"": ""word"", ""ja"": ""話"", ""reading"": ""はなし"", ""en"": ""story"", ""kanji"": [""話""], ""targets"": [66]}, {""kind"": ""particle"", ""kana"": ""を""}, {""kind"": ""word"", ""ja"": ""聞く"", ""reading"": ""きく"", ""en"": ""listen"", ""kanji"": [""聞""], ""targets"": [65]}]"
s050,"[94, 62]",[],"[{""kind"": ""word"", ""ja"": ""車"", ""reading"": ""くるま"", ""en"": ""car"", ""kanji"": [""車""], ""targets"": [94]}, {""kind"": ""particle"", ""kana"": ""を""}, {""kind"": ""word"", ""ja"": ""買う"", ""reading"": ""かう"", ""en"": ""buy"", ""kanji"": [""買""], ""targets"": [62]}]"
s051,"[95, 94, 60]",[],"[{""kind"": ""word"", ""ja"": ""電車"", ""reading"": ""でんしゃ"", ""en"": ""train"", ""kanji"": [""電"", ""車""], ""targets"": [95, 94]}, {""kind"": ""particle"", ""kana"": ""で""}, {""kind"": ""word"", ""ja"": ""出る"", ""reading"": ""でる"", ""en"": ""leave"", ""kanji"": [""出""], ""targets"": [60]}]"
s052,"[69, 94]",[],"[{""kind"": ""word"", ""ja"": ""高い"", ""reading"": ""たかい"", ""en"": ""expensive"", ""kanji"": [""高""], ""targets"": [69]}, {""kind"": ""word"", ""ja"": ""車"", ""reading"": ""くるま"", ""en"": ""car"", ""kanji"": [""車""], ""targets"": [94]}]"
s053,"[70, 71]",[],"[{""kind"": ""word"", ""ja"": ""新しい"", ""reading"": ""あたらしい"", ""en"": ""new"", ""kanji"": [""新""], ""targets"": [70]}, {""kind"": ""word"", ""ja"": ""本"", ""reading"": ""ほん"", ""en"": ""book"", ""kanji"": [""本""], ""targets"": [71]}]"
s054,"[74, 50]",[],"[{""kind"": ""word"", ""ja"": ""安い"", ""reading"": ""やすい"", ""en"": ""cheap"", ""kanji"": [""安""], ""targets"": [74]}, {""kind"": ""word"", ""ja"": ""店"", ""reading"": ""みせ"", ""en"": ""shop"", ""kanji"": [""店""], ""targets"": [50]}]"
s055,"[75, 30]",[],"[{""kind"": ""word"", ""ja"": ""多い"", ""reading"": ""おおい"", ""en"": ""many"", ""kanji"": [""多""], ""targets"": [75]}, {""kind"": ""word"", ""ja"": ""人"", ""reading"": ""ひと"", ""en"": ""people"", ""kanji"": [""人""], ""targets"": [30]}]"
s056,"[76, 17]",[],"[{""kind"": ""word"", ""ja"": ""少ない"", ""reading"": ""すくない"", ""en"": ""few"", ""kanji"": [""少""], ""targets"": [76]}, {""kind"": ""word"", ""ja"": ""水"", ""reading"": ""みず"", ""en"": ""water"", ""kanji"": [""水""], ""targets"": [17]}]"
s057,"[77, 46]",[],"[{""kind"": ""word"", ""ja"": ""長い"", ""reading"": ""ながい"", ""en"": ""long"", ""kanji"": [""長""], ""targets"": [77]}, {""kind"": ""word"", ""ja"": ""川"", ""reading"": ""かわ"", ""en"": ""river"", ""kanji"": [""川""], ""targets"": [46]}]"
s058,"[78, 57, 88]",[],"[{""kind"": ""word"", ""ja"": ""好きな"", ""reading"": ""すきな"", ""en"": ""favorite"", ""kanji"": [""好""], ""targets"": [78], ""lemma"": ""好き""}, {""kind"": ""word"", ""ja"": ""食べ物"", ""reading"": ""たべもの"", ""en"": ""food"", ""kanji"": [""食"", ""物""], ""targets"": [57, 88]}]"
s059,"[11, 72]",[],"[{""kind"": ""word"", ""ja"": ""百円"", ""reading"": ""ひゃくえん"", ""en"": ""100 yen"", ""kanji"": [""百"", ""円""], ""targets"": [11, 72]}, {""kind"": ""particle"", ""kana"": ""です""}]"
s060,"[12, 72, 62]",[],"[{""kind"": ""word"", ""ja"": ""千円"", ""reading"": ""せんえん"", ""en"": ""1000 yen"", ""kanji"": [""千"", ""円""], ""targets"": [12, 72]}, {""kind"": ""particle"", ""kana"": ""で""}, {""kind"": ""word"", ""ja"": ""買う"", ""reading"": ""かう"", ""en"": ""buy"", ""kanji"": [""買""], ""targets"": [62]}]"
s061,"[1, 13, 72, 69]",[],"[{""kind"": ""word"", ""ja"": ""一万"", ""reading"": ""いちまん"", ""en"": ""10,000"", ""kanji"": [""一"", ""万""], ""targets"": [1, 13]}, {""kind"": ""word"", ""ja"": ""円"", ""reading"": ""えん"", ""en"": ""yen"", ""kanji"": [""円""], ""targets"": [72]}, {""kind"": ""word"", ""ja"": ""高い"", ""reading"": ""たかい"", ""en"": ""expensive"", ""kanji"": [""高""], ""targets"": [69]}]"
s062,"[89, 57]",[],"[{""kind"": ""word"", ""ja"": ""ご飯"", ""reading"": ""ごはん"", ""en"": ""rice"", ""kanji"": [""飯""], ""targets"": [89]}, {""kind"": ""particle"", ""kana"": ""を""}, {""kind"": ""word"", ""ja"": ""食べる"", ""reading"": ""たべる"", ""en"": ""eat"", ""kanji"": [""食""], ""targets"": [57]}]"
s063,"[80, 85, 86, 62]",[],"[{""kind"": ""word"", ""ja"": ""肉"", ""reading"": ""にく"", ""en"": ""meat"", ""kanji"": [""肉""], ""targets"": [80]}, {""kind"": ""particle"", ""kana"": ""と""}, {""kind"": ""word"", ""ja"": ""野菜"", ""reading"": ""やさい"", ""en"": ""vegetable"", ""kanji"": [""野"", ""菜""], ""targets"": [85, 86]}, {""kind"": ""particle"", ""kana"": ""を""}, {""kind"": ""word"", ""ja"": ""買う"", ""reading"": ""かう"", ""en"": ""buy"", ""kanji"": [""買""], ""targets"": [62]}]"
s064,"[81, 78]",[],"[{""kind"": ""word"", ""ja"": ""魚"", ""reading"": ""さかな"", ""en"": ""fish"", ""kanji"": [""魚""], ""targets"": [81]}, {""kind"": ""particle"", ""kana"": ""が""}, {""kind"": ""word"", ""ja"": ""好き"", ""reading"": ""すき"", ""en"": ""like"", ""kanji"": [""好""], ""targets"": [78]}, {""kind"": ""particle"", ""kana"": ""です""}]"
s065,"[83, 58]",[],"[{""kind"": ""word"", ""ja"": ""お酒"", ""reading"": ""おさけ"", ""en"": ""alcohol"", ""kanji"": [""酒""], ""targets"": [83]}, {""kind"": ""particle"", ""kana"": ""を""}, {""kind"": ""word"", ""ja"": ""飲む"", ""reading"": ""のむ"", ""en"": ""drink"", ""kanji"": [""飲""], ""targets"": [58]}]"
s066,"[84, 57]",[],"[{""kind"": ""word"", ""ja"": ""卵"", ""reading"": ""たまご"", ""en"": ""egg"", ""kanji"": [""卵""], ""targets"": [84]}, {""kind"": ""particle"", ""kana"": ""を""}, {""kind"": ""word"", ""ja"": ""食べる"", ""reading"": ""たべる"", ""en"": ""eat"", ""kanji"": [""食""], ""targets"": [57]}]"
s067,"[87, 88, 74]",[],"[{""kind"": ""word"", ""ja"": ""果物"", ""reading"": ""くだもの"", ""en"": ""fruit"", ""kanji"": [""果"", ""物""], ""targets"": [87, 88]}, {""kind"": ""particle"", ""kana"": ""が""}, {""kind"": ""word"", ""ja"": ""安い"", ""reading"": ""やすい"", ""en"": ""cheap"", ""kanji"": [""安""], ""targets"": [74]}]"
s068,"[79, 62]",[],"[{""kind"": ""word"", ""ja"": ""米"", ""reading"": ""こめ"", ""en"": ""rice"", ""kanji"": [""米""], ""targets"": [79]}, {""kind"": ""particle"", ""kana"": ""を""}, {""kind"": ""word"", ""ja"": ""買う"", ""reading"": ""かう"", ""en"": ""buy"", ""kanji"": [""買""], ""targets"": [62]}]"
s069,"[90, 57]",[],"[{""kind"": ""word"", ""ja"": ""麺"", ""reading"": ""めん"", ""en"": ""noodles"", ""kanji"": [""麺""], ""targets"": [90]}, {""kind"": ""particle"", ""kana"": ""を""}, {""kind"": ""word"", ""ja"": ""食べる"", ""reading"": ""たべる"", ""en"": ""eat"", ""kanji"": [""食""], ""targets"": [57]}]"
s070,"[91, 92]",[],"[{""kind"": ""word"", ""ja"": ""油"", ""reading"": ""あぶら"", ""en"": ""oil"", ""kanji"": [""油""], ""targets"": [91]}, {""kind"": ""particle"", ""kana"": ""と""}, {""kind"": ""word"", ""ja"": ""塩"", ""reading"": ""しお"", ""en"": ""salt"", ""kanji"": [""塩""], ""targets"": [92]}]"
s071,"[92, 76, 61]",[],"[{""kind"": ""word"", ""ja"": ""塩"", ""reading"": ""しお"", ""en"": ""salt"", ""kanji"": [""塩""], ""targets"": [92]}, {""kind"": ""particle"", ""kana"": ""を""}, {""kind"": ""word"", ""ja"": ""少し"", ""reading"": ""すこし"", ""en"": ""a little"", ""kanji"": [""少""], ""targets"": [76]}, {""kind"": ""word"", ""ja"": ""入れる"", ""reading"": ""いれる"", ""en"": ""add"", ""kanji"": [""入""], ""targets"": [61]}]"
s072,"[261, 93, 61]",[],"[{""kind"": ""word"", ""ja"": ""砂糖"", ""reading"": ""さとう"", ""en"": ""sugar"", ""kanji"": [""砂"", ""糖""], ""targets"": [261, 93]}, {""kind"": ""particle"", ""kana"": ""を""}, {""kind"": ""word"", ""ja"": ""入れる"", ""reading"": ""いれる"", ""en"": ""add"", ""kanji"": [""入""], ""targets"": [61]}]"
s073,"[85, 86, 57]",[],"[{""kind"": ""word"", ""ja"": ""野菜"", ""reading"": ""やさい"", ""en"": ""vegetable"", ""kanji"": [""野"", ""菜""], ""targets"": [85, 86]}, {""kind"": ""particle"", ""kana"": ""を""}, {""kind"": ""word"", ""ja"": ""食べる"", ""reading"": ""たべる"", ""en"": ""eat"", ""kanji"": [""食""], ""targets"": [57]}]"
s074,"[82, 89]",[],"[{""kind"": ""word"", ""ja"": ""お茶"", ""reading"": ""おちゃ"", ""en"": ""tea"", ""kanji"": [""茶""], ""targets"": [82]}, {""kind"": ""particle"", ""kana"": ""と""}, {""kind"": ""word"", ""ja"": ""ご飯"", ""reading"": ""ごはん"", ""en"": ""rice"", ""kanji"": [""飯""], ""targets"": [89]}]"
s075,"[89, 174]",[],"[{""kind"": ""word"", ""ja"": ""ご飯"", ""reading"": ""ごはん"", ""en"": ""meal"", ""kanji"": [""飯""], ""targets"": [89]}, {""kind"": ""particle"", ""kana"": ""を""}, {""kind"": ""word"", ""ja"": ""作る"", ""reading"": ""つくる"", ""en"": ""make"", ""kanji"": [""作""], ""targets"": [174]}]"
s076,"[80, 69]",[],"[{""kind"": ""word"", ""ja"": ""肉"", ""reading"": ""にく"", ""en"": ""meat"", ""kanji"": [""肉""], ""targets"": [80]}, {""kind"": ""particle"", ""kana"": ""が""}, {""kind"": ""word"", ""ja"": ""高い"", ""reading"": ""たかい"", ""en"": ""expensive"", ""kanji"": [""高""], ""targets"": [69]}]"
s077,"[96, 97, 54]",[],"[{""kind"": ""word"", ""ja"": ""学校"", ""reading"": ""がっこう"", ""en"": ""school"", ""kanji"": [""学"", ""校""], ""targets"": [96, 97]}, {""kind"": ""particle"", ""kana"": ""に""}, {""kind"": ""word"", ""ja"": ""行く"", ""reading"": ""いく"", ""en"": ""go"", ""kanji"": [""行""], ""targets"": [54]}]"
s078,"[69, 97, 96, 98]",[],"[{""kind"": ""word"", ""ja"": ""高校"", ""reading"": ""こうこう"", ""en"": ""high school"", ""kanji"": [""高"", ""校""], ""targets"": [69, 97]}, {""kind"": ""particle"", ""kana"": ""の""}, {""kind"": ""word"", ""ja"": ""学生"", ""reading"": ""がくせい"", ""en"": ""student"", ""kanji"": [""学"", ""生""], ""targets"": [96, 98]}]"
s079,[98],[],"[{""kind"": ""word"", ""ja"": ""生まれる"", ""reading"": ""うまれる"", ""en"": ""be born"", ""kanji"": [""生""], ""targets"": [98]}]"
s080,"[99, 94]",[],"[{""kind"": ""word"", ""ja"": ""白い"", ""reading"": ""しろい"", ""en"": ""white"", ""kanji"": [""白""], ""targets"": [99]}, {""kind"": ""word"", ""ja"": ""車"", ""reading"": ""くるま"", ""en"": ""car"", ""kanji"": [""車""], ""targets"": [94]}]"
s081,"[39, 100, 66]",[],"[{""kind"": ""word"", ""ja"": ""上手に"", ""reading"": ""じょうずに"", ""en"": ""skillfully"", ""kanji"": [""上"", ""手""], ""targets"": [39, 100]}, {""kind"": ""word"", ""ja"": ""話す"", ""reading"": ""はなす"", ""en"": ""speak"", ""kanji"": [""話""], ""targets"": [66]}]"
s082,"[40, 100]",[],"[{""kind"": ""word"", ""ja"": ""下手"", ""reading"": ""へた"", ""en"": ""unskilled"", ""kanji"": [""下"", ""手""], ""targets"": [40, 100]}, {""kind"": ""particle"", ""kana"": ""です""}]"
s083,"[35, 144, 59]",[],"[{""kind"": ""word"", ""ja"": ""名前"", ""reading"": ""なまえ"", ""en"": ""name"", ""kanji"": [""名"", ""前""], ""targets"": [35, 144]}, {""kind"": ""particle"", ""kana"": ""を""}, {""kind"": ""word"", ""ja"": ""言う"", ""reading"": ""いう"", ""en"": ""say"", ""kanji"": [""言""], ""targets"": [59]}]"
s084,"[72, 60]",[],"[{""kind"": ""word"", ""ja"": ""円"", ""reading"": ""えん"", ""en"": ""yen"", ""kanji"": [""円""], ""targets"": [72]}, {""kind"": ""particle"", ""kana"": ""を""}, {""kind"": ""word"", ""ja"": ""出す"", ""reading"": ""だす"", ""en"": ""pay"", ""kanji"": [""出""], ""targets"": [60]}]"
s085,"[76, 68]",[],"[{""kind"": ""word"", ""ja"": ""少し"", ""reading"": ""すこし"", ""en"": ""a little"", ""kanji"": [""少""], ""targets"": [76]}, {""kind"": ""word"", ""ja"": ""待って"", ""reading"": ""まって"", ""en"": ""wait"", ""kanji"": [""待""], ""targets"": [68], ""lemma"": ""待つ""}]"
s086,"[32, 33]",[],"[{""kind"": ""word"", ""ja"": ""男女"", ""reading"": ""だんじょ"", ""en"": ""men and women"", ""kanji"": [""男"", ""女""], ""targets"": [32, 33]}, {""kind"": ""particle"", ""kana"": ""が""}, {""kind"": ""word"", ""ja"": ""いる"", ""reading"": ""いる"", ""en"": ""there are"", ""kanji"": [], ""targets"": []}]"
s087,"[20, 39]",[],"[{""kind"": ""word"", ""ja"": ""土"", ""reading"": ""つち"", ""en"": ""soil"", ""kanji"": [""土""], ""targets"": [20]}, {""kind"": ""particle"", ""kana"": ""の""}, {""kind"": ""word"", ""ja"": ""上"", ""reading"": ""うえ"", ""en"": ""on"", ""kanji"": [""上""], ""targets"": [39]}]"
s088,"[18, 75]",[],"[{""kind"": ""word"", ""ja"": ""木"", ""reading"": ""き"", ""en"": ""tree"", ""kanji"": [""木""], ""targets"": [18]}, {""kind"": ""particle"", ""kana"": ""が""}, {""kind"": ""word"", ""ja"": ""多い"", ""reading"": ""おおい"", ""en"": ""many"", ""kanji"": [""多""], ""targets"": [75]}]"
s089,"[16, 56]",[],"[{""kind"": ""word"", ""ja"": ""火"", ""reading"": ""ひ"", ""en"": ""fire"", ""kanji"": [""火""], ""targets"": [16]}, {""kind"": ""particle"", ""kana"": ""を""}, {""kind"": ""word"", ""ja"": ""見る"", ""reading"": ""みる"", ""en"": ""watch"", ""kanji"": [""見""], ""targets"": [56]}]"
s090,"[19, 76]",[],"[{""kind"": ""word"", ""ja"": ""金"", ""reading"": ""かね"", ""en"": ""money"", ""kanji"": [""金""], ""targets"": [19]}, {""kind"": ""particle"", ""kana"": ""が""}, {""kind"": ""word"", ""ja"": ""少ない"", ""reading"": ""すくない"", ""en"": ""little"", ""kanji"": [""少""], ""targets"": [76]}]"
s091,"[67, 68]",[],"[{""kind"": ""word"", ""ja"": ""立って"", ""reading"": ""たって"", ""en"": ""stand"", ""kanji"": [""立""], ""targets"": [67], ""lemma"": ""立つ""}, {""kind"": ""word"", ""ja"": ""待つ"", ""reading"": ""まつ"", ""en"": ""wait"", ""kanji"": [""待""], ""targets"": [68]}]"
s092,"[65, 23]",[],"[{""kind"": ""word"", ""ja"": ""聞く"", ""reading"": ""きく"", ""en"": ""ask"", ""kanji"": [""聞""], ""targets"": [65]}, {""kind"": ""particle"", ""kana"": ""と""}, {""kind"": ""word"", ""ja"": ""分かる"", ""reading"": ""わかる"", ""en"": ""understand"", ""kanji"": [""分""], ""targets"": [23]}]"
s093,"[56, 65]",[],"[{""kind"": ""word"", ""ja"": ""見て"", ""reading"": ""みて"", ""en"": ""look"", ""kanji"": [""見""], ""targets"": [56], ""lemma"": ""見る""}, {""kind"": ""word"", ""ja"": ""聞く"", ""reading"": ""きく"", ""en"": ""listen"", ""kanji"": [""聞""], ""targets"": [65]}]"
s094,"[28, 162, 89, 57]",[],"[{""kind"": ""word"", ""ja"": ""毎朝"", ""reading"": ""まいあさ"", ""en"": ""every morning"", ""kanji"": [""毎"", ""朝""], ""targets"": [28, 162]}, {""kind"": ""word"", ""ja"": ""ご飯"", ""reading"": ""ごはん"", ""en"": ""rice"", ""kanji"": [""飯""], ""targets"": [89]}, {""kind"": ""particle"", ""kana"": ""を""}, {""kind"": ""word"", ""ja"": ""食べる"", ""reading"": ""たべる"", ""en"": ""eat"", ""kanji"": [""食""], ""targets"": [57]}]"
s095,"[77, 32, 98]",[],"[{""kind"": ""word"", ""ja"": ""長男"", ""reading"": ""ちょうなん"", ""en"": ""eldest son"", ""kanji"": [""長"", ""男""], ""targets"": [77, 32]}, {""kind"": ""particle"", ""kana"": ""が""}, {""kind"": ""word"", ""ja"": ""生まれた"", ""reading"": ""うまれた"", ""en"": ""was born"", ""kanji"": [""生""], ""targets"": [98], ""lemma"": ""生まれる""}]"
s096,"[99, 296]",[],"[{""kind"": ""word"", ""ja"": ""白"", ""reading"": ""しろ"", ""en"": ""white"", ""kanji"": [""白""], ""targets"": [99]}, {""kind"": ""particle"", ""kana"": ""と""}, {""kind"": ""word"", ""ja"": ""黒"", ""reading"": ""くろ"", ""en"": ""black"", ""kanji"": [""黒""], ""targets"": [296]}]"
s097,"[52, 44, 30]",[],"[{""kind"": ""word"", ""ja"": ""外国"", ""reading"": ""がいこく"", ""en"": ""foreign country"", ""kanji"": [""外"", ""国""], ""targets"": [52, 44]}, {""kind"": ""particle"", ""kana"": ""の""}, {""kind"": ""word"", ""ja"": ""人"", ""reading"": ""ひと"", ""en"": ""person"", ""kanji"": [""人""], ""targets"": [30]}]"
s098,"[28, 15, 71, 62]",[],"[{""kind"": ""word"", ""ja"": ""毎月"", ""reading"": ""まいつき"", ""en"": ""every month"", ""kanji"": [""毎"", ""月""], ""targets"": [28, 15]}, {""kind"": ""word"", ""ja"": ""本"", ""reading"": ""ほん"", ""en"": ""book"", ""kanji"": [""本""], ""targets"": [71]}, {""kind"": ""particle"", ""kana"": ""を""}, {""kind"": ""word"", ""ja"": ""買う"", ""reading"": ""かう"", ""en"": ""buy"", ""kanji"": [""買""], ""targets"": [62]}]"
s099,"[25, 23]",[],"[{""kind"": ""word"", ""ja"": ""半分"", ""reading"": ""はんぶん"", ""en"": ""half"", ""kanji"": [""半"", ""分""], ""targets"": [25, 23]}, {""kind"": ""particle"", ""kana"": ""に""}, {""kind"": ""word"", ""ja"": ""分ける"", ""reading"": ""わける"", ""en"": ""split"", ""kanji"": [""分""], ""targets"": [23], ""lemma"": ""分かる""}]"
s100,"[4, 5]",[],"[{""kind"": ""word"", ""ja"": ""四"", ""reading"": ""よん"", ""en"": ""four"", ""kanji"": [""四""], ""targets"": [4]}, {""kind"": ""particle"", ""kana"": ""と""}, {""kind"": ""word"", ""ja"": ""五"", ""reading"": ""ご"", ""en"": ""five"", ""kanji"": [""五""], ""targets"": [5]}]"
s101,"[6, 7]",[],"[{""kind"": ""word"", ""ja"": ""六"", ""reading"": ""ろく"", ""en"": ""six"", ""kanji"": [""六""], ""targets"": [6]}, {""kind"": ""particle"", ""kana"": ""と""}, {""kind"": ""word"", ""ja"": ""七"", ""reading"": ""なな"", ""en"": ""seven"", ""kanji"": [""七""], ""targets"": [7]}]"
s102,"[8, 9]",[],"[{""kind"": ""word"", ""ja"": ""八"", ""reading"": ""はち"", ""en"": ""eight"", ""kanji"": [""八""], ""targets"": [8]}, {""kind"": ""particle"", ""kana"": ""と""}, {""kind"": ""word"", ""ja"": ""九"", ""reading"": ""きゅう"", ""en"": ""nine"", ""kanji"": [""九""], ""targets"": [9]}]"
s103,"[3, 30, 56]",[],"[{""kind"": ""word"", ""ja"": ""三人"", ""reading"": ""さんにん"", ""en"": ""three people"", ""kanji"": [""三"", ""人""], ""targets"": [3, 30]}, {""kind"": ""particle"", ""kana"": ""で""}, {""kind"": ""word"", ""ja"": ""見る"", ""reading"": ""みる"", ""en"": ""watch"", ""kanji"": [""見""], ""targets"": [56]}]"
s104,"[2, 62]",[],"[{""kind"": ""word"", ""ja"": ""二つ"", ""reading"": ""ふたつ"", ""en"": ""two"", ""kanji"": [""二""], ""targets"": [2]}, {""kind"": ""word"", ""ja"": ""買う"", ""reading"": ""かう"", ""en"": ""buy"", ""kanji"": [""買""], ""targets"": [62]}]"
s105,"[10, 11, 12]",[],"[{""kind"": ""word"", ""ja"": ""十"", ""reading"": ""じゅう"", ""en"": ""ten"", ""kanji"": [""十""], ""targets"": [10]}, {""kind"": ""particle"", ""kana"": ""と""}, {""kind"": ""word"", ""ja"": ""百"", ""reading"": ""ひゃく"", ""en"": ""hundred"", ""kanji"": [""百""], ""targets"": [11]}, {""kind"": ""particle"", ""kana"": ""と""}, {""kind"": ""word"", ""ja"": ""千"", ""reading"": ""せん"", ""en"": ""thousand"", ""kanji"": [""千""], ""targets"": [12]}]"
s106,"[12, 13]",[],"[{""kind"": ""word"", ""ja"": ""千"", ""reading"": ""せん"", ""en"": ""thousand"", ""kanji"": [""千""], ""targets"": [12]}, {""kind"": ""particle"", ""kana"": ""と""}, {""kind"": ""word"", ""ja"": ""万"", ""reading"": ""まん"", ""en"": ""ten thousand"", ""kanji"": [""万""], ""targets"": [13]}]"
s107,"[11, 53]",[],"[{""kind"": ""word"", ""ja"": ""百"", ""reading"": ""ひゃく"", ""en"": ""hundred"", ""kanji"": [""百""], ""targets"": [11]}, {""kind"": ""particle"", ""kana"": ""の""}, {""kind"": ""word"", ""ja"": ""内"", ""reading"": ""うち"", ""en"": ""out of"", ""kanji"": [""内""], ""targets"": [53]}]"
s108,"[2, 3, 64]",[],"[{""kind"": ""word"", ""ja"": ""二"", ""reading"": ""に"", ""en"": ""two"", ""kanji"": [""二""], ""targets"": [2]}, {""kind"": ""particle"", ""kana"": ""と""}, {""kind"": ""word"", ""ja"": ""三"", ""reading"": ""さん"", ""en"": ""three"", ""kanji"": [""三""], ""targets"": [3]}, {""kind"": ""particle"", ""kana"": ""を""}, {""kind"": ""word"", ""ja"": ""書く"", ""reading"": ""かく"", ""en"": ""write"", ""kanji"": [""書""], ""targets"": [64]}]"
s109,"[4, 30, 5, 6]",[],"[{""kind"": ""word"", ""ja"": ""四人"", ""reading"": ""よにん"", ""en"": ""four people"", ""kanji"": [""四"", ""人""], ""targets"": [4, 30]}, {""kind"": ""particle"", ""kana"": ""か""}, {""kind"": ""word"", ""ja"": ""五人"", ""reading"": ""ごにん"", ""en"": ""five people"", ""kanji"": [""五"", ""人""], ""targets"": [5, 30]}, {""kind"": ""particle"", ""kana"": ""か""}, {""kind"": ""word"", ""ja"": ""六人"", ""reading"": ""ろくにん"", ""en"": ""six people"", ""kanji"": [""六"", ""人""], ""targets"": [6, 30]}, {""kind"": ""particle"", ""kana"": ""いる""}]"
s110,"[7, 8, 9, 63]",[],"[{""kind"": ""word"", ""ja"": ""七"", ""reading"": ""なな"", ""en"": ""seven"", ""kanji"": [""七""], ""targets"": [7]}, {""kind"": ""particle"", ""kana"": ""と""}, {""kind"": ""word"", ""ja"": ""八"", ""reading"": ""はち"", ""en"": ""eight"", ""kanji"": [""八""], ""targets"": [8]}, {""kind"": ""particle"", ""kana"": ""と""}, {""kind"": ""word"", ""ja"": ""九"", ""reading"": ""きゅう"", ""en"": ""nine"", ""kanji"": [""九""], ""targets"": [9]}, {""kind"": ""particle"", ""kana"": ""を""}, {""kind"": ""word"", ""ja"": ""読む"", ""reading"": ""よむ"", ""en"": ""read"", ""kanji"": [""読""], ""targets"": [63]}]"
s111,"[1, 10]",[],"[{""kind"": ""word"", ""ja"": ""一"", ""reading"": ""いち"", ""en"": ""one"", ""kanji"": [""一""], ""targets"": [1]}, {""kind"": ""particle"", ""kana"": ""から""}, {""kind"": ""word"", ""ja"": ""十"", ""reading"": ""じゅう"", ""en"": ""ten"", ""kanji"": [""十""], ""targets"": [10]}, {""kind"": ""particle"", ""kana"": ""まで""}]"
s112,"[15, 16, 17]",[],"[{""kind"": ""word"", ""ja"": ""月"", ""reading"": ""つき"", ""en"": ""month"", ""kanji"": [""月""], ""targets"": [15]}, {""kind"": ""particle"", ""kana"": ""と""}, {""kind"": ""word"", ""ja"": ""火"", ""reading"": ""ひ"", ""en"": ""fire"", ""kanji"": [""火""], ""targets"": [16]}, {""kind"": ""particle"", ""kana"": ""と""}, {""kind"": ""word"", ""ja"": ""水"", ""reading"": ""みず"", ""en"": ""water"", ""kanji"": [""水""], ""targets"": [17]}]"
s113,"[18, 19, 20]",[],"[{""kind"": ""word"", ""ja"": ""木"", ""reading"": ""き"", ""en"": ""tree"", ""kanji"": [""木""], ""targets"": [18]}, {""kind"": ""particle"", ""kana"": ""と""}, {""kind"": ""word"", ""ja"": ""金"", ""reading"": ""きん"", ""en"": ""gold"", ""kanji"": [""金""], ""targets"": [19]}, {""kind"": ""particle"", ""kana"": ""と""}, {""kind"": ""word"", ""ja"": ""土"", ""reading"": ""つち"", ""en"": ""earth"", ""kanji"": [""土""], ""targets"": [20]}]"
s114,"[24, 21, 73]",[],"[{""kind"": ""word"", ""ja"": ""今年"", ""reading"": ""ことし"", ""en"": ""this year"", ""kanji"": [""今"", ""年""], ""targets"": [24, 21]}, {""kind"": ""particle"", ""kana"": ""は""}, {""kind"": ""word"", ""ja"": ""何"", ""reading"": ""なん"", ""en"": ""what"", ""kanji"": [""何""], ""targets"": [73]}, {""kind"": ""word"", ""ja"": ""年"", ""reading"": ""ねん"", ""en"": ""years"", ""kanji"": [""年""], ""targets"": [21]}, {""kind"": ""particle"", ""kana"": ""ですか""}]"
s115,"[25, 21, 1, 13, 72]",[],"[{""kind"": ""word"", ""ja"": ""半年"", ""reading"": ""はんとし"", ""en"": ""half year"", ""kanji"": [""半"", ""年""], ""targets"": [25, 21]}, {""kind"": ""particle"", ""kana"": ""で""}, {""kind"": ""word"", ""ja"": ""一万"", ""reading"": ""いちまん"", ""en"": ""10,000"", ""kanji"": [""一"", ""万""], ""targets"": [1, 13]}, {""kind"": ""word"", ""ja"": ""円"", ""reading"": ""えん"", ""en"": ""yen"", ""kanji"": [""円""], ""targets"": [72]}]"
s116,"[28, 27, 20, 14, 151]",[],"[{""kind"": ""word"", ""ja"": ""毎週"", ""reading"": ""まいしゅう"", ""en"": ""every week"", ""kanji"": [""毎"", ""週""], ""targets"": [28, 27]}, {""kind"": ""word"", ""ja"": ""土日"", ""reading"": ""どにち"", ""en"": ""weekend"", ""kanji"": [""土"", ""日""], ""targets"": [20, 14]}, {""kind"": ""word"", ""ja"": ""休む"", ""reading"": ""やすむ"", ""en"": ""rest"", ""kanji"": [""休""], ""targets"": [151]}]"
s117,"[1, 27, 26, 68]",[],"[{""kind"": ""word"", ""ja"": ""一"", ""reading"": ""いっ"", ""en"": ""one"", ""kanji"": [""一""], ""targets"": [1]}, {""kind"": ""word"", ""ja"": ""週間"", ""reading"": ""しゅうかん"", ""en"": ""weeks"", ""kanji"": [""週"", ""間""], ""targets"": [27, 26]}, {""kind"": ""word"", ""ja"": ""待つ"", ""reading"": ""まつ"", ""en"": ""wait"", ""kanji"": [""待""], ""targets"": [68]}]"
s118,"[31, 37, 38]",[],"[{""kind"": ""word"", ""ja"": ""私"", ""reading"": ""わたし"", ""en"": ""I"", ""kanji"": [""私""], ""targets"": [31]}, {""kind"": ""particle"", ""kana"": ""の""}, {""kind"": ""word"", ""ja"": ""父"", ""reading"": ""ちち"", ""en"": ""father"", ""kanji"": [""父""], ""targets"": [37]}, {""kind"": ""particle"", ""kana"": ""と""}, {""kind"": ""word"", ""ja"": ""母"", ""reading"": ""はは"", ""en"": ""mother"", ""kanji"": [""母""], ""targets"": [38]}]"
s119,"[33, 34, 35, 144]",[],"[{""kind"": ""word"", ""ja"": ""女"", ""reading"": ""おんな"", ""en"": ""woman"", ""kanji"": [""女""], ""targets"": [33]}, {""kind"": ""particle"", ""kana"": ""の""}, {""kind"": ""word"", ""ja"": ""子"", ""reading"": ""こ"", ""en"": ""child"", ""kanji"": [""子""], ""targets"": [34]}, {""kind"": ""particle"", ""kana"": ""の""}, {""kind"": ""word"", ""ja"": ""名前"", ""reading"": ""なまえ"", ""en"": ""name"", ""kanji"": [""名"", ""前""], ""targets"": [35, 144]}]"
s120,"[36, 256, 31]",[],"[{""kind"": ""word"", ""ja"": ""友達"", ""reading"": ""ともだち"", ""en"": ""friend"", ""kanji"": [""友"", ""達""], ""targets"": [36, 256]}, {""kind"": ""particle"", ""kana"": ""と""}, {""kind"": ""word"", ""ja"": ""私"", ""reading"": ""わたし"", ""en"": ""I"", ""kanji"": [""私""], ""targets"": [31]}]"
s121,"[37, 94]",[],"[{""kind"": ""word"", ""ja"": ""父"", ""reading"": ""ちち"", ""en"": ""father"", ""kanji"": [""父""], ""targets"": [37]}, {""kind"": ""particle"", ""kana"": ""の""}, {""kind"": ""word"", ""ja"": ""車"", ""reading"": ""くるま"", ""en"": ""car"", ""kanji"": [""車""], ""targets"": [94]}]"
s122,"[38, 43, 50]",[],"[{""kind"": ""word"", ""ja"": ""母"", ""reading"": ""はは"", ""en"": ""mother"", ""kanji"": [""母""], ""targets"": [38]}, {""kind"": ""particle"", ""kana"": ""は""}, {""kind"": ""word"", ""ja"": ""小さい"", ""reading"": ""ちいさい"", ""en"": ""small"", ""kanji"": [""小""], ""targets"": [43]}, {""kind"": ""word"", ""ja"": ""店"", ""reading"": ""みせ"", ""en"": ""shop"", ""kanji"": [""店""], ""targets"": [50]}]"
s123,"[43, 48, 47]",[],"[{""kind"": ""word"", ""ja"": ""小さい"", ""reading"": ""ちいさい"", ""en"": ""small"", ""kanji"": [""小""], ""targets"": [43]}, {""kind"": ""word"", ""ja"": ""町"", ""reading"": ""まち"", ""en"": ""town"", ""kanji"": [""町""], ""targets"": [48]}, {""kind"": ""particle"", ""kana"": ""の""}, {""kind"": ""word"", ""ja"": ""駅"", ""reading"": ""えき"", ""en"": ""station"", ""kanji"": [""駅""], ""targets"": [47]}]"
s124,"[45, 46, 49]",[],"[{""kind"": ""word"", ""ja"": ""山"", ""reading"": ""やま"", ""en"": ""mountain"", ""kanji"": [""山""], ""targets"": [45]}, {""kind"": ""particle"", ""kana"": ""と""}, {""kind"": ""word"", ""ja"": ""川"", ""reading"": ""かわ"", ""en"": ""river"", ""kanji"": [""川""], ""targets"": [46]}, {""kind"": ""particle"", ""kana"": ""と""}, {""kind"": ""word"", ""ja"": ""道"", ""reading"": ""みち"", ""en"": ""road"", ""kanji"": [""道""], ""targets"": [49]}]"
s125,"[51, 52]",[],"[{""kind"": ""word"", ""ja"": ""家"", ""reading"": ""いえ"", ""en"": ""house"", ""kanji"": [""家""], ""targets"": [51]}, {""kind"": ""particle"", ""kana"": ""の""}, {""kind"": ""word"", ""ja"": ""外"", ""reading"": ""そと"", ""en"": ""outside"", ""kanji"": [""外""], ""targets"": [52]}]"
s126,"[47, 53, 52]",[],"[{""kind"": ""word"", ""ja"": ""駅"", ""reading"": ""えき"", ""en"": ""station"", ""kanji"": [""駅""], ""targets"": [47]}, {""kind"": ""particle"", ""kana"": ""の""}, {""kind"": ""word"", ""ja"": ""内"", ""reading"": ""うち"", ""en"": ""inside"", ""kanji"": [""内""], ""targets"": [53]}, {""kind"": ""particle"", ""kana"": ""と""}, {""kind"": ""word"", ""ja"": ""外"", ""reading"": ""そと"", ""en"": ""outside"", ""kanji"": [""外""], ""targets"": [52]}]"
s127,"[49, 40]",[],"[{""kind"": ""word"", ""ja"": ""道"", ""reading"": ""みち"", ""en"": ""road"", ""kanji"": [""道""], ""targets"": [49]}, {""kind"": ""particle"", ""kana"": ""の""}, {""kind"": ""word"", ""ja"": ""下"", ""reading"": ""した"", ""en"": ""under"", ""kanji"": [""下""], ""targets"": [40]}]"
s128,"[48, 41, 51]",[],"[{""kind"": ""word"", ""ja"": ""町"", ""reading"": ""まち"", ""en"": ""town"", ""kanji"": [""町""], ""targets"": [48]}, {""kind"": ""particle"", ""kana"": ""の""}, {""kind"": ""word"", ""ja"": ""中"", ""reading"": ""なか"", ""en"": ""center"", ""kanji"": [""中""], ""targets"": [41]}, {""kind"": ""particle"", ""kana"": ""の""}, {""kind"": ""word"", ""ja"": ""家"", ""reading"": ""いえ"", ""en"": ""house"", ""kanji"": [""家""], ""targets"": [51]}]"
s129,"[42, 51]",[],"[{""kind"": ""word"", ""ja"": ""大きい"", ""reading"": ""おおきい"", ""en"": ""big"", ""kanji"": [""大""], ""targets"": [42]}, {""kind"": ""word"", ""ja"": ""家"", ""reading"": ""いえ"", ""en"": ""house"", ""kanji"": [""家""], ""targets"": [51]}]"
s130,"[35, 144, 64]",[],"[{""kind"": ""word"", ""ja"": ""名前"", ""reading"": ""なまえ"", ""en"": ""name"", ""kanji"": [""名"", ""前""], ""targets"": [35, 144]}, {""kind"": ""particle"", ""kana"": ""を""}, {""kind"": ""word"", ""ja"": ""書く"", ""reading"": ""かく"", ""en"": ""write"", ""kanji"": [""書""], ""targets"": [64]}]"
s131,"[100, 255, 64, 60]",[],"[{""kind"": ""word"", ""ja"": ""手紙"", ""reading"": ""てがみ"", ""en"": ""letter"", ""kanji"": [""手"", ""紙""], ""targets"": [100, 255]}, {""kind"": ""particle"", ""kana"": ""を""}, {""kind"": ""word"", ""ja"": ""書いて"", ""reading"": ""かいて"", ""en"": ""write"", ""kanji"": [""書""], ""targets"": [64], ""lemma"": ""書く""}, {""kind"": ""word"", ""ja"": ""出す"", ""reading"": ""だす"", ""en"": ""send"", ""kanji"": [""出""], ""targets"": [60]}]"
s132,"[146, 98, 65]",[],"[{""kind"": ""word"", ""ja"": ""先生"", ""reading"": ""せんせい"", ""en"": ""teacher"", ""kanji"": [""先"", ""生""], ""targets"": [146, 98]}, {""kind"": ""particle"", ""kana"": ""に""}, {""kind"": ""word"", ""ja"": ""聞く"", ""reading"": ""きく"", ""en"": ""ask"", ""kanji"": [""聞""], ""targets"": [65]}]"
s133,"[70, 94, 69]",[],"[{""kind"": ""word"", ""ja"": ""新しい"", ""reading"": ""あたらしい"", ""en"": ""new"", ""kanji"": [""新""], ""targets"": [70]}, {""kind"": ""word"", ""ja"": ""車"", ""reading"": ""くるま"", ""en"": ""car"", ""kanji"": [""車""], ""targets"": [94]}, {""kind"": ""particle"", ""kana"": ""は""}, {""kind"": ""word"", ""ja"": ""高い"", ""reading"": ""たかい"", ""en"": ""expensive"", ""kanji"": [""高""], ""targets"": [69]}]"
s134,"[74, 75]",[],"[{""kind"": ""word"", ""ja"": ""安い"", ""reading"": ""やすい"", ""en"": ""cheap"", ""kanji"": [""安""], ""targets"": [74]}, {""kind"": ""particle"", ""kana"": ""のが""}, {""kind"": ""word"", ""ja"": ""多い"", ""reading"": ""おおい"", ""en"": ""many"", ""kanji"": [""多""], ""targets"": [75]}]"
s135,"[77, 49]",[],"[{""kind"": ""word"", ""ja"": ""長い"", ""reading"": ""ながい"", ""en"": ""long"", ""kanji"": [""長""], ""targets"": [77]}, {""kind"": ""word"", ""ja"": ""道"", ""reading"": ""みち"", ""en"": ""road"", ""kanji"": [""道""], ""targets"": [49]}]"
s136,"[78, 30, 66]",[],"[{""kind"": ""word"", ""ja"": ""好きな"", ""reading"": ""すきな"", ""en"": ""favorite"", ""kanji"": [""好""], ""targets"": [78], ""lemma"": ""好き""}, {""kind"": ""word"", ""ja"": ""人"", ""reading"": ""ひと"", ""en"": ""person"", ""kanji"": [""人""], ""targets"": [30]}, {""kind"": ""particle"", ""kana"": ""と""}, {""kind"": ""word"", ""ja"": ""話す"", ""reading"": ""はなす"", ""en"": ""talk"", ""kanji"": [""話""], ""targets"": [66]}]"
s137,"[67, 59]",[],"[{""kind"": ""word"", ""ja"": ""立って"", ""reading"": ""たって"", ""en"": ""stand"", ""kanji"": [""立""], ""targets"": [67], ""lemma"": ""立つ""}, {""kind"": ""word"", ""ja"": ""言った"", ""reading"": ""いった"", ""en"": ""said"", ""kanji"": [""言""], ""targets"": [59], ""lemma"": ""言う""}]"
s138,"[79, 90]",[],"[{""kind"": ""word"", ""ja"": ""米"", ""reading"": ""こめ"", ""en"": ""rice"", ""kanji"": [""米""], ""targets"": [79]}, {""kind"": ""particle"", ""kana"": ""と""}, {""kind"": ""word"", ""ja"": ""麺"", ""reading"": ""めん"", ""en"": ""noodles"", ""kanji"": [""麺""], ""targets"": [90]}]"
s139,"[83, 82]",[],"[{""kind"": ""word"", ""ja"": ""酒"", ""reading"": ""さけ"", ""en"": ""sake"", ""kanji"": [""酒""], ""targets"": [83]}, {""kind"": ""particle"", ""kana"": ""と""}, {""kind"": ""word"", ""ja"": ""茶"", ""reading"": ""ちゃ"", ""en"": ""tea"", ""kanji"": [""茶""], ""targets"": [82]}]"
s140,"[84, 80, 81]",[],"[{""kind"": ""word"", ""ja"": ""卵"", ""reading"": ""たまご"", ""en"": ""egg"", ""kanji"": [""卵""], ""targets"": [84]}, {""kind"": ""particle"", ""kana"": ""と""}, {""kind"": ""word"", ""ja"": ""肉"", ""reading"": ""にく"", ""en"": ""meat"", ""kanji"": [""肉""], ""targets"": [80]}, {""kind"": ""particle"", ""kana"": ""と""}, {""kind"": ""word"", ""ja"": ""魚"", ""reading"": ""さかな"", ""en"": ""fish"", ""kanji"": [""魚""], ""targets"": [81]}]"
s141,"[87, 88, 85, 86]",[],"[{""kind"": ""word"", ""ja"": ""果物"", ""reading"": ""くだもの"", ""en"": ""fruit"", ""kanji"": [""果"", ""物""], ""targets"": [87, 88]}, {""kind"": ""particle"", ""kana"": ""と""}, {""kind"": ""word"", ""ja"": ""野菜"", ""reading"": ""やさい"", ""en"": ""vegetable"", ""kanji"": [""野"", ""菜""], ""targets"": [85, 86]}]"
s142,"[91, 92, 261, 93]",[],"[{""kind"": ""word"", ""ja"": ""油"", ""reading"": ""あぶら"", ""en"": ""oil"", ""kanji"": [""油""], ""targets"": [91]}, {""kind"": ""particle"", ""kana"": ""と""}, {""kind"": ""word"", ""ja"": ""塩"", ""reading"": ""しお"", ""en"": ""salt"", ""kanji"": [""塩""], ""targets"": [92]}, {""kind"": ""particle"", ""kana"": ""と""}, {""kind"": ""word"", ""ja"": ""砂糖"", ""reading"": ""さとう"", ""en"": ""sugar"", ""kanji"": [""砂"", ""糖""], ""targets"": [261, 93]}]"
s143,"[90, 92, 61]",[],"[{""kind"": ""word"", ""ja"": ""麺"", ""reading"": ""めん"", ""en"": ""noodles"", ""kanji"": [""麺""], ""targets"": [90]}, {""kind"": ""particle"", ""kana"": ""に""}, {""kind"": ""word"", ""ja"": ""塩"", ""reading"": ""しお"", ""en"": ""salt"", ""kanji"": [""塩""], ""targets"": [92]}, {""kind"": ""particle"", ""kana"": ""を""}, {""kind"": ""word"", ""ja"": ""入れる"", ""reading"": ""いれる"", ""en"": ""add"", ""kanji"": [""入""], ""targets"": [61]}]"
s144,"[82, 261, 93]",[],"[{""kind"": ""word"", ""ja"": ""茶"", ""reading"": ""ちゃ"", ""en"": ""tea"", ""kanji"": [""茶""], ""targets"": [82]}, {""kind"": ""particle"", ""kana"": ""に""}, {""kind"": ""word"", ""ja"": ""砂糖"", ""reading"": ""さとう"", ""en"": ""sugar"", ""kanji"": [""砂"", ""糖""], ""targets"": [261, 93]}]"
s145,"[81, 91]",[],"[{""kind"": ""word"", ""ja"": ""魚"", ""reading"": ""さかな"", ""en"": ""fish"", ""kanji"": [""魚""], ""targets"": [81]}, {""kind"": ""particle"", ""kana"": ""の""}, {""kind"": ""word"", ""ja"": ""油"", ""reading"": ""あぶら"", ""en"": ""oil"", ""kanji"": [""油""], ""targets"": [91]}]"
s146,"[83, 58]",[],"[{""kind"": ""word"", ""ja"": ""お酒"", ""reading"": ""おさけ"", ""en"": ""alcohol"", ""kanji"": [""酒""], ""targets"": [83]}, {""kind"": ""particle"", ""kana"": ""を""}, {""kind"": ""word"", ""ja"": ""飲んで"", ""reading"": ""のんで"", ""en"": ""drink"", ""kanji"": [""飲""], ""targets"": [58], ""lemma"": ""飲む""}, {""kind"": ""particle"", ""kana"": ""から""}]"
s147,"[96, 97, 77]",[],"[{""kind"": ""word"", ""ja"": ""学校"", ""reading"": ""がっこう"", ""en"": ""school"", ""kanji"": [""学"", ""校""], ""targets"": [96, 97]}, {""kind"": ""particle"", ""kana"": ""の""}, {""kind"": ""word"", ""ja"": ""校長"", ""reading"": ""こうちょう"", ""en"": ""principal"", ""kanji"": [""校"", ""長""], ""targets"": [97, 77]}]"
s148,"[69, 97, 98, 88]",[],"[{""kind"": ""word"", ""ja"": ""高校"", ""reading"": ""こうこう"", ""en"": ""high school"", ""kanji"": [""高"", ""校""], ""targets"": [69, 97]}, {""kind"": ""particle"", ""kana"": ""で""}, {""kind"": ""word"", ""ja"": ""生物"", ""reading"": ""せいぶつ"", ""en"": ""biology"", ""kanji"": [""生"", ""物""], ""targets"": [98, 88]}]"
s149,"[99, 81]",[],"[{""kind"": ""word"", ""ja"": ""白い"", ""reading"": ""しろい"", ""en"": ""white"", ""kanji"": [""白""], ""targets"": [99]}, {""kind"": ""word"", ""ja"": ""魚"", ""reading"": ""さかな"", ""en"": ""fish"", ""kanji"": [""魚""], ""targets"": [81]}]"
s150,"[53, 52, 23]",[],"[{""kind"": ""word"", ""ja"": ""内"", ""reading"": ""うち"", ""en"": ""inside"", ""kanji"": [""内""], ""targets"": [53]}, {""kind"": ""particle"", ""kana"": ""と""}, {""kind"": ""word"", ""ja"": ""外"", ""reading"": ""そと"", ""en"": ""outside"", ""kanji"": [""外""], ""targets"": [52]}, {""kind"": ""particle"", ""kana"": ""で""}, {""kind"": ""word"", ""ja"": ""分ける"", ""reading"": ""わける"", ""en"": ""divide"", ""kanji"": [""分""], ""targets"": [23], ""lemma"": ""分かる""}]"
s151,"[73, 62]",[],"[{""kind"": ""word"", ""ja"": ""何"", ""reading"": ""なに"", ""en"": ""what"", ""kanji"": [""何""], ""targets"": [73]}, {""kind"": ""particle"", ""kana"": ""を""}, {""kind"": ""word"", ""ja"": ""買いますか"", ""reading"": ""かいますか"", ""en"": ""buy"", ""kanji"": [""買""], ""targets"": [62], ""lemma"": ""買う""}]"
s152,"[95, 94, 41]",[],"[{""kind"": ""word"", ""ja"": ""電車"", ""reading"": ""でんしゃ"", ""en"": ""train"", ""kanji"": [""電"", ""車""], ""targets"": [95, 94]}, {""kind"": ""particle"", ""kana"": ""の""}, {""kind"": ""word"", ""ja"": ""中"", ""reading"": ""なか"", ""en"": ""inside"", ""kanji"": [""中""], ""targets"": [41]}]"
s153,"[76, 19]",[],"[{""kind"": ""word"", ""ja"": ""少ない"", ""reading"": ""すくない"", ""en"": ""few"", ""kanji"": [""少""], ""targets"": [76]}, {""kind"": ""word"", ""ja"": ""お金"", ""reading"": ""おかね"", ""en"": ""money"", ""kanji"": [""金""], ""targets"": [19]}]"
s154,"[75, 17]",[],"[{""kind"": ""word"", ""ja"": ""多い"", ""reading"": ""おおい"", ""en"": ""much"", ""kanji"": [""多""], ""targets"": [75]}, {""kind"": ""word"", ""ja"": ""水"", ""reading"": ""みず"", ""en"": ""water"", ""kanji"": [""水""], ""targets"": [17]}]"
s155,"[70, 65, 71]",[],"[{""kind"": ""word"", ""ja"": ""新聞"", ""reading"": ""しんぶん"", ""en"": ""newspaper"", ""kanji"": [""新"", ""聞""], ""targets"": [70, 65]}, {""kind"": ""particle"", ""kana"": ""と""}, {""kind"": ""word"", ""ja"": ""本"", ""reading"": ""ほん"", ""en"": ""book"", ""kanji"": [""本""], ""targets"": [71]}]"
s156,"[240, 41]",[],"[{""kind"": ""word"", ""ja"": ""田んぼ"", ""reading"": ""たんぼ"", ""en"": ""rice field"", ""kanji"": [""田""], ""targets"": [240]}, {""kind"": ""particle"", ""kana"": ""の""}, {""kind"": ""word"", ""ja"": ""中"", ""reading"": ""なか"", ""en"": ""middle"", ""kanji"": [""中""], ""targets"": [41]}]"
s157,"[98, 48]",[],"[{""kind"": ""word"", ""ja"": ""生まれた"", ""reading"": ""うまれた"", ""en"": ""born"", ""kanji"": [""生""], ""targets"": [98], ""lemma"": ""生まれる""}, {""kind"": ""word"", ""ja"": ""町"", ""reading"": ""まち"", ""en"": ""town"", ""kanji"": [""町""], ""targets"": [48]}]"
s158,"[99, 79, 57]",[],"[{""kind"": ""word"", ""ja"": ""白米"", ""reading"": ""はくまい"", ""en"": ""white rice"", ""kanji"": [""白"", ""米""], ""targets"": [99, 79]}, {""kind"": ""particle"", ""kana"": ""を""}, {""kind"": ""word"", ""ja"": ""食べる"", ""reading"": ""たべる"", ""en"": ""eat"", ""kanji"": [""食""], ""targets"": [57]}]"
s159,"[13, 30]",[],"[{""kind"": ""word"", ""ja"": ""万人"", ""reading"": ""まんにん"", ""en"": ""ten thousand people"", ""kanji"": [""万"", ""人""], ""targets"": [13, 30]}, {""kind"": ""particle"", ""kana"": ""いる""}]"
s160,"[53, 68]",[],"[{""kind"": ""word"", ""ja"": ""内"", ""reading"": ""うち"", ""en"": ""within"", ""kanji"": [""内""], ""targets"": [53]}, {""kind"": ""particle"", ""kana"": ""で""}, {""kind"": ""word"", ""ja"": ""待つ"", ""reading"": ""まつ"", ""en"": ""wait"", ""kanji"": [""待""], ""targets"": [68]}]"
s161,"[45, 39, 84, 57]",[],"[{""kind"": ""word"", ""ja"": ""山"", ""reading"": ""やま"", ""en"": ""mountain"", ""kanji"": [""山""], ""targets"": [45]}, {""kind"": ""particle"", ""kana"": ""の""}, {""kind"": ""word"", ""ja"": ""上"", ""reading"": ""うえ"", ""en"": ""top"", ""kanji"": [""上""], ""targets"": [39]}, {""kind"": ""particle"", ""kana"": ""で""}, {""kind"": ""word"", ""ja"": ""卵"", ""reading"": ""たまご"", ""en"": ""egg"", ""kanji"": [""卵""], ""targets"": [84]}, {""kind"": ""particle"", ""kana"": ""を""}, {""kind"": ""word"", ""ja"": ""食べる"", ""reading"": ""たべる"", ""en"": ""eat"", ""kanji"": [""食""], ""targets"": [57]}]"
s162,"[95, 94, 45, 54]",[],"[{""kind"": ""word"", ""ja"": ""電車"", ""reading"": ""でんしゃ"", ""en"": ""train"", ""kanji"": [""電"", ""車""], ""targets"": [95, 94]}, {""kind"": ""particle"", ""kana"": ""で""}, {""kind"": ""word"", ""ja"": ""山"", ""reading"": ""やま"", ""en"": ""mountain"", ""kanji"": [""山""], ""targets"": [45]}, {""kind"": ""particle"", ""kana"": ""に""}, {""kind"": ""word"", ""ja"": ""行く"", ""reading"": ""いく"", ""en"": ""go"", ""kanji"": [""行""], ""targets"": [54]}]"
s163,"[87, 88, 84, 62]",[],"[{""kind"": ""word"", ""ja"": ""果物"", ""reading"": ""くだもの"", ""en"": ""fruit"", ""kanji"": [""果"", ""物""], ""targets"": [87, 88]}, {""kind"": ""particle"", ""kana"": ""と""}, {""kind"": ""word"", ""ja"": ""卵"", ""reading"": ""たまご"", ""en"": ""egg"", ""kanji"": [""卵""], ""targets"": [84]}, {""kind"": ""particle"", ""kana"": ""を""}, {""kind"": ""word"", ""ja"": ""買う"", ""reading"": ""かう"", ""en"": ""buy"", ""kanji"": [""買""], ""targets"": [62]}]"
s164,"[95, 94, 96, 97, 54]",[],"[{""kind"": ""word"", ""ja"": ""電車"", ""reading"": ""でんしゃ"", ""en"": ""train"", ""kanji"": [""電"", ""車""], ""targets"": [95, 94]}, {""kind"": ""particle"", ""kana"": ""で""}, {""kind"": ""word"", ""ja"": ""学校"", ""reading"": ""がっこう"", ""en"": ""school"", ""kanji"": [""学"", ""校""], ""targets"": [96, 97]}, {""kind"": ""particle"", ""kana"": ""に""}, {""kind"": ""word"", ""ja"": ""行く"", ""reading"": ""いく"", ""en"": ""go"", ""kanji"": [""行""], ""targets"": [54]}]"
s165,"[87, 88, 84]",[],"[{""kind"": ""word"", ""ja"": ""果物"", ""reading"": ""くだもの"", ""en"": ""fruit"", ""kanji"": [""果"", ""物""], ""targets"": [87, 88]}, {""kind"": ""particle"", ""kana"": ""と""}, {""kind"": ""word"", ""ja"": ""卵"", ""reading"": ""たまご"", ""en"": ""egg"", ""kanji"": [""卵""], ""targets"": [84]}]"
s166,"[69, 45]",[],"[{""kind"": ""word"", ""ja"": ""高い"", ""reading"": ""たかい"", ""en"": ""high"", ""kanji"": [""高""], ""targets"": [69]}, {""kind"": ""word"", ""ja"": ""山"", ""reading"": ""やま"", ""en"": ""mountain"", ""kanji"": [""山""], ""targets"": [45]}]"
s167,"[101, 104, 81]",[],"[{""kind"": ""word"", ""ja"": ""美味しい"", ""reading"": ""おいしい"", ""en"": ""delicious"", ""kanji"": [""美"", ""味""], ""targets"": [101, 104]}, {""kind"": ""word"", ""ja"": ""魚"", ""reading"": ""さかな"", ""en"": ""fish"", ""kanji"": [""魚""], ""targets"": [81]}]"
s168,"[101, 45]",[],"[{""kind"": ""word"", ""ja"": ""美しい"", ""reading"": ""うつくしい"", ""en"": ""beautiful"", ""kanji"": [""美""], ""targets"": [101]}, {""kind"": ""word"", ""ja"": ""山"", ""reading"": ""やま"", ""en"": ""mountain"", ""kanji"": [""山""], ""targets"": [45]}]"
s169,"[80, 101, 104]",[],"[{""kind"": ""word"", ""ja"": ""この"", ""reading"": ""この"", ""en"": ""this"", ""kanji"": [], ""targets"": []}, {""kind"": ""word"", ""ja"": ""肉"", ""reading"": ""にく"", ""en"": ""meat"", ""kanji"": [""肉""], ""targets"": [80]}, {""kind"": ""particle"", ""kana"": ""は""}, {""kind"": ""word"", ""ja"": ""美味しい"", ""reading"": ""おいしい"", ""en"": ""delicious"", ""kanji"": [""美"", ""味""], ""targets"": [101, 104]}, {""kind"": ""particle"", ""kana"": ""です""}]"
s170,"[101, 30]",[],"[{""kind"": ""word"", ""ja"": ""美人"", ""reading"": ""びじん"", ""en"": ""beautiful person"", ""kanji"": [""美"", ""人""], ""targets"": [101, 30]}, {""kind"": ""particle"", ""kana"": ""が""}, {""kind"": ""word"", ""ja"": ""いる"", ""reading"": ""いる"", ""en"": ""there is"", ""kanji"": [], ""targets"": []}]"
s171,[102],[],"[{""kind"": ""word"", ""ja"": ""牛"", ""reading"": ""うし"", ""en"": ""cow"", ""kanji"": [""牛""], ""targets"": [102]}, {""kind"": ""particle"", ""kana"": ""が""}, {""kind"": ""word"", ""ja"": ""いる"", ""reading"": ""いる"", ""en"": ""there is"", ""kanji"": [], ""targets"": []}]"
s172,"[102, 80, 62]",[],"[{""kind"": ""word"", ""ja"": ""牛肉"", ""reading"": ""ぎゅうにく"", ""en"": ""beef"", ""kanji"": [""牛"", ""肉""], ""targets"": [102, 80]}, {""kind"": ""particle"", ""kana"": ""を""}, {""kind"": ""word"", ""ja"": ""買う"", ""reading"": ""かう"", ""en"": ""buy"", ""kanji"": [""買""], ""targets"": [62]}]"
s173,"[102, 257, 58]",[],"[{""kind"": ""word"", ""ja"": ""牛乳"", ""reading"": ""ぎゅうにゅう"", ""en"": ""milk"", ""kanji"": [""牛"", ""乳""], ""targets"": [102, 257]}, {""kind"": ""particle"", ""kana"": ""を""}, {""kind"": ""word"", ""ja"": ""飲む"", ""reading"": ""のむ"", ""en"": ""drink"", ""kanji"": [""飲""], ""targets"": [58]}]"
s174,"[102, 80, 69]",[],"[{""kind"": ""word"", ""ja"": ""牛肉"", ""reading"": ""ぎゅうにく"", ""en"": ""beef"", ""kanji"": [""牛"", ""肉""], ""targets"": [102, 80]}, {""kind"": ""particle"", ""kana"": ""は""}, {""kind"": ""word"", ""ja"": ""高い"", ""reading"": ""たかい"", ""en"": ""expensive"", ""kanji"": [""高""], ""targets"": [69]}, {""kind"": ""particle"", ""kana"": ""です""}]"
s175,"[103, 56]",[],"[{""kind"": ""word"", ""ja"": ""鳥"", ""reading"": ""とり"", ""en"": ""bird"", ""kanji"": [""鳥""], ""targets"": [103]}, {""kind"": ""particle"", ""kana"": ""を""}, {""kind"": ""word"", ""ja"": ""見る"", ""reading"": ""みる"", ""en"": ""see"", ""kanji"": [""見""], ""targets"": [56]}]"
s176,"[106, 103, 57]",[],"[{""kind"": ""word"", ""ja"": ""焼き鳥"", ""reading"": ""やきとり"", ""en"": ""grilled chicken"", ""kanji"": [""焼"", ""鳥""], ""targets"": [106, 103]}, {""kind"": ""particle"", ""kana"": ""を""}, {""kind"": ""word"", ""ja"": ""食べる"", ""reading"": ""たべる"", ""en"": ""eat"", ""kanji"": [""食""], ""targets"": [57]}]"
s177,"[43, 103]",[],"[{""kind"": ""word"", ""ja"": ""小鳥"", ""reading"": ""ことり"", ""en"": ""small bird"", ""kanji"": [""小"", ""鳥""], ""targets"": [43, 103]}, {""kind"": ""particle"", ""kana"": ""が""}, {""kind"": ""word"", ""ja"": ""いる"", ""reading"": ""いる"", ""en"": ""there is"", ""kanji"": [], ""targets"": []}]"
s178,"[99, 103]",[],"[{""kind"": ""word"", ""ja"": ""白い"", ""reading"": ""しろい"", ""en"": ""white"", ""kanji"": [""白""], ""targets"": [99]}, {""kind"": ""word"", ""ja"": ""鳥"", ""reading"": ""とり"", ""en"": ""bird"", ""kanji"": [""鳥""], ""targets"": [103]}]"
s179,"[104, 78]",[],"[{""kind"": ""word"", ""ja"": ""味"", ""reading"": ""あじ"", ""en"": ""taste"", ""kanji"": [""味""], ""targets"": [104]}, {""kind"": ""particle"", ""kana"": ""が""}, {""kind"": ""word"", ""ja"": ""好き"", ""reading"": ""すき"", ""en"": ""like"", ""kanji"": [""好""], ""targets"": [78]}, {""kind"": ""particle"", ""kana"": ""です""}]"
s180,"[218, 104, 23]",[],"[{""kind"": ""word"", ""ja"": ""意味"", ""reading"": ""いみ"", ""en"": ""meaning"", ""kanji"": [""意"", ""味""], ""targets"": [218, 104]}, {""kind"": ""particle"", ""kana"": ""が""}, {""kind"": ""word"", ""ja"": ""分かる"", ""reading"": ""わかる"", ""en"": ""understand"", ""kanji"": [""分""], ""targets"": [23]}]"
s181,"[104, 56]",[],"[{""kind"": ""word"", ""ja"": ""味"", ""reading"": ""あじ"", ""en"": ""taste"", ""kanji"": [""味""], ""targets"": [104]}, {""kind"": ""particle"", ""kana"": ""を""}, {""kind"": ""word"", ""ja"": ""見る"", ""reading"": ""みる"", ""en"": ""check"", ""kanji"": [""見""], ""targets"": [56]}]"
s182,"[105, 82]",[],"[{""kind"": ""word"", ""ja"": ""甘い"", ""reading"": ""あまい"", ""en"": ""sweet"", ""kanji"": [""甘""], ""targets"": [105]}, {""kind"": ""word"", ""ja"": ""茶"", ""reading"": ""ちゃ"", ""en"": ""tea"", ""kanji"": [""茶""], ""targets"": [82]}]"
s183,"[87, 88, 105]",[],"[{""kind"": ""word"", ""ja"": ""この"", ""reading"": ""この"", ""en"": ""this"", ""kanji"": [], ""targets"": []}, {""kind"": ""word"", ""ja"": ""果物"", ""reading"": ""くだもの"", ""en"": ""fruit"", ""kanji"": [""果"", ""物""], ""targets"": [87, 88]}, {""kind"": ""particle"", ""kana"": ""は""}, {""kind"": ""word"", ""ja"": ""甘い"", ""reading"": ""あまい"", ""en"": ""sweet"", ""kanji"": [""甘""], ""targets"": [105]}]"
s184,"[105, 88, 78]",[],"[{""kind"": ""word"", ""ja"": ""甘い"", ""reading"": ""あまい"", ""en"": ""sweet"", ""kanji"": [""甘""], ""targets"": [105]}, {""kind"": ""word"", ""ja"": ""物"", ""reading"": ""もの"", ""en"": ""things"", ""kanji"": [""物""], ""targets"": [88]}, {""kind"": ""particle"", ""kana"": ""が""}, {""kind"": ""word"", ""ja"": ""好き"", ""reading"": ""すき"", ""en"": ""like"", ""kanji"": [""好""], ""targets"": [78]}]"
s185,"[81, 106]",[],"[{""kind"": ""word"", ""ja"": ""魚"", ""reading"": ""さかな"", ""en"": ""fish"", ""kanji"": [""魚""], ""targets"": [81]}, {""kind"": ""particle"", ""kana"": ""を""}, {""kind"": ""word"", ""ja"": ""焼く"", ""reading"": ""やく"", ""en"": ""grill"", ""kanji"": [""焼""], ""targets"": [106]}]"
s186,"[106, 80, 57]",[],"[{""kind"": ""word"", ""ja"": ""焼肉"", ""reading"": ""やきにく"", ""en"": ""grilled meat"", ""kanji"": [""焼"", ""肉""], ""targets"": [106, 80]}, {""kind"": ""particle"", ""kana"": ""を""}, {""kind"": ""word"", ""ja"": ""食べる"", ""reading"": ""たべる"", ""en"": ""eat"", ""kanji"": [""食""], ""targets"": [57]}]"
s187,"[80, 106]",[],"[{""kind"": ""word"", ""ja"": ""肉"", ""reading"": ""にく"", ""en"": ""meat"", ""kanji"": [""肉""], ""targets"": [80]}, {""kind"": ""particle"", ""kana"": ""を""}, {""kind"": ""word"", ""ja"": ""焼く"", ""reading"": ""やく"", ""en"": ""grill"", ""kanji"": [""焼""], ""targets"": [106]}]"
s188,"[107, 57]",[],"[{""kind"": ""word"", ""ja"": ""豆"", ""reading"": ""まめ"", ""en"": ""bean"", ""kanji"": [""豆""], ""targets"": [107]}, {""kind"": ""particle"", ""kana"": ""を""}, {""kind"": ""word"", ""ja"": ""食べる"", ""reading"": ""たべる"", ""en"": ""eat"", ""kanji"": [""食""], ""targets"": [57]}]"
s189,"[42, 107, 62]",[],"[{""kind"": ""word"", ""ja"": ""大豆"", ""reading"": ""だいず"", ""en"": ""soybean"", ""kanji"": [""大"", ""豆""], ""targets"": [42, 107]}, {""kind"": ""particle"", ""kana"": ""を""}, {""kind"": ""word"", ""ja"": ""買う"", ""reading"": ""かう"", ""en"": ""buy"", ""kanji"": [""買""], ""targets"": [62]}]"
s190,"[107, 78]",[],"[{""kind"": ""word"", ""ja"": ""豆"", ""reading"": ""まめ"", ""en"": ""bean"", ""kanji"": [""豆""], ""targets"": [107]}, {""kind"": ""particle"", ""kana"": ""が""}, {""kind"": ""word"", ""ja"": ""好き"", ""reading"": ""すき"", ""en"": ""like"", ""kanji"": [""好""], ""targets"": [78]}, {""kind"": ""particle"", ""kana"": ""です""}]"
s191,"[226, 40, 108, 266]",[],"[{""kind"": ""word"", ""ja"": ""地下鉄"", ""reading"": ""ちかてつ"", ""en"": ""subway"", ""kanji"": [""地"", ""下"", ""鉄""], ""targets"": [226, 40, 108]}, {""kind"": ""particle"", ""kana"": ""に""}, {""kind"": ""word"", ""ja"": ""乗る"", ""reading"": ""のる"", ""en"": ""ride"", ""kanji"": [""乗""], ""targets"": [266]}]"
s192,"[226, 40, 108, 54]",[],"[{""kind"": ""word"", ""ja"": ""地下鉄"", ""reading"": ""ちかてつ"", ""en"": ""subway"", ""kanji"": [""地"", ""下"", ""鉄""], ""targets"": [226, 40, 108]}, {""kind"": ""particle"", ""kana"": ""で""}, {""kind"": ""word"", ""ja"": ""行く"", ""reading"": ""いく"", ""en"": ""go"", ""kanji"": [""行""], ""targets"": [54]}]"
s193,"[108, 49]",[],"[{""kind"": ""word"", ""ja"": ""鉄道"", ""reading"": ""てつどう"", ""en"": ""railway"", ""kanji"": [""鉄"", ""道""], ""targets"": [108, 49]}, {""kind"": ""particle"", ""kana"": ""が""}, {""kind"": ""word"", ""ja"": ""ある"", ""reading"": ""ある"", ""en"": ""is"", ""kanji"": [], ""targets"": []}]"
s194,"[109, 266]",[],"[{""kind"": ""word"", ""ja"": ""船"", ""reading"": ""ふね"", ""en"": ""ship"", ""kanji"": [""船""], ""targets"": [109]}, {""kind"": ""particle"", ""kana"": ""に""}, {""kind"": ""word"", ""ja"": ""乗る"", ""reading"": ""のる"", ""en"": ""board"", ""kanji"": [""乗""], ""targets"": [266]}]"
s195,"[109, 54]",[],"[{""kind"": ""word"", ""ja"": ""船"", ""reading"": ""ふね"", ""en"": ""ship"", ""kanji"": [""船""], ""targets"": [109]}, {""kind"": ""particle"", ""kana"": ""で""}, {""kind"": ""word"", ""ja"": ""行く"", ""reading"": ""いく"", ""en"": ""go"", ""kanji"": [""行""], ""targets"": [54]}]"
s196,"[42, 109]",[],"[{""kind"": ""word"", ""ja"": ""大きい"", ""reading"": ""おおきい"", ""en"": ""big"", ""kanji"": [""大""], ""targets"": [42]}, {""kind"": ""word"", ""ja"": ""船"", ""reading"": ""ふね"", ""en"": ""ship"", ""kanji"": [""船""], ""targets"": [109]}]"
s197,"[110, 54, 111]",[],"[{""kind"": ""word"", ""ja"": ""飛行機"", ""reading"": ""ひこうき"", ""en"": ""airplane"", ""kanji"": [""飛"", ""行"", ""機""], ""targets"": [110, 54, 111]}, {""kind"": ""particle"", ""kana"": ""で""}, {""kind"": ""word"", ""ja"": ""行く"", ""reading"": ""いく"", ""en"": ""go"", ""kanji"": [""行""], ""targets"": [54]}]"
s198,"[103, 110]",[],"[{""kind"": ""word"", ""ja"": ""鳥"", ""reading"": ""とり"", ""en"": ""bird"", ""kanji"": [""鳥""], ""targets"": [103]}, {""kind"": ""particle"", ""kana"": ""が""}, {""kind"": ""word"", ""ja"": ""飛ぶ"", ""reading"": ""とぶ"", ""en"": ""fly"", ""kanji"": [""飛""], ""targets"": [110]}]"
s199,"[110, 54, 111, 56]",[],"[{""kind"": ""word"", ""ja"": ""飛行機"", ""reading"": ""ひこうき"", ""en"": ""airplane"", ""kanji"": [""飛"", ""行"", ""機""], ""targets"": [110, 54, 111]}, {""kind"": ""particle"", ""kana"": ""を""}, {""kind"": ""word"", ""ja"": ""見る"", ""reading"": ""みる"", ""en"": ""see"", ""kanji"": [""見""], ""targets"": [56]}]"
s200,"[110, 54, 111, 69]",[],"[{""kind"": ""word"", ""ja"": ""飛行機"", ""reading"": ""ひこうき"", ""en"": ""airplane"", ""kanji"": [""飛"", ""行"", ""機""], ""targets"": [110, 54, 111]}, {""kind"": ""particle"", ""kana"": ""が""}, {""kind"": ""word"", ""ja"": ""高い"", ""reading"": ""たかい"", ""en"": ""expensive"", ""kanji"": [""高""], ""targets"": [69]}]"
s201,"[111, 277, 56]",[],"[{""kind"": ""word"", ""ja"": ""機械"", ""reading"": ""きかい"", ""en"": ""machine"", ""kanji"": [""機"", ""械""], ""targets"": [111, 277]}, {""kind"": ""particle"", ""kana"": ""を""}, {""kind"": ""word"", ""ja"": ""見る"", ""reading"": ""みる"", ""en"": ""look"", ""kanji"": [""見""], ""targets"": [56]}]"
s202,"[112, 56]",[],"[{""kind"": ""word"", ""ja"": ""橋"", ""reading"": ""はし"", ""en"": ""bridge"", ""kanji"": [""橋""], ""targets"": [112]}, {""kind"": ""particle"", ""kana"": ""を""}, {""kind"": ""word"", ""ja"": ""見る"", ""reading"": ""みる"", ""en"": ""see"", ""kanji"": [""見""], ""targets"": [56]}]"
s203,"[112, 39]",[],"[{""kind"": ""word"", ""ja"": ""橋"", ""reading"": ""はし"", ""en"": ""bridge"", ""kanji"": [""橋""], ""targets"": [112]}, {""kind"": ""particle"", ""kana"": ""の""}, {""kind"": ""word"", ""ja"": ""上"", ""reading"": ""うえ"", ""en"": ""on"", ""kanji"": [""上""], ""targets"": [39]}]"
s204,"[77, 112]",[],"[{""kind"": ""word"", ""ja"": ""長い"", ""reading"": ""ながい"", ""en"": ""long"", ""kanji"": [""長""], ""targets"": [77]}, {""kind"": ""word"", ""ja"": ""橋"", ""reading"": ""はし"", ""en"": ""bridge"", ""kanji"": [""橋""], ""targets"": [112]}]"
s205,"[113, 282, 62]",[],"[{""kind"": ""word"", ""ja"": ""切符"", ""reading"": ""きっぷ"", ""en"": ""ticket"", ""kanji"": [""切"", ""符""], ""targets"": [113, 282]}, {""kind"": ""particle"", ""kana"": ""を""}, {""kind"": ""word"", ""ja"": ""買う"", ""reading"": ""かう"", ""en"": ""buy"", ""kanji"": [""買""], ""targets"": [62]}]"
s206,"[113, 100, 62]",[],"[{""kind"": ""word"", ""ja"": ""切手"", ""reading"": ""きって"", ""en"": ""stamp"", ""kanji"": [""切"", ""手""], ""targets"": [113, 100]}, {""kind"": ""particle"", ""kana"": ""を""}, {""kind"": ""word"", ""ja"": ""買う"", ""reading"": ""かう"", ""en"": ""buy"", ""kanji"": [""買""], ""targets"": [62]}]"
s207,"[255, 113]",[],"[{""kind"": ""word"", ""ja"": ""紙"", ""reading"": ""かみ"", ""en"": ""paper"", ""kanji"": [""紙""], ""targets"": [255]}, {""kind"": ""particle"", ""kana"": ""を""}, {""kind"": ""word"", ""ja"": ""切る"", ""reading"": ""きる"", ""en"": ""cut"", ""kanji"": [""切""], ""targets"": [113]}]"
s208,"[114, 54]",[],"[{""kind"": ""word"", ""ja"": ""市"", ""reading"": ""し"", ""en"": ""city"", ""kanji"": [""市""], ""targets"": [114]}, {""kind"": ""particle"", ""kana"": ""に""}, {""kind"": ""word"", ""ja"": ""行く"", ""reading"": ""いく"", ""en"": ""go"", ""kanji"": [""行""], ""targets"": [54]}]"
s209,"[114, 117, 62]",[],"[{""kind"": ""word"", ""ja"": ""市場"", ""reading"": ""いちば"", ""en"": ""market"", ""kanji"": [""市"", ""場""], ""targets"": [114, 117]}, {""kind"": ""particle"", ""kana"": ""で""}, {""kind"": ""word"", ""ja"": ""買う"", ""reading"": ""かう"", ""en"": ""buy"", ""kanji"": [""買""], ""targets"": [62]}]"
s210,"[42, 114]",[],"[{""kind"": ""word"", ""ja"": ""大きい"", ""reading"": ""おおきい"", ""en"": ""big"", ""kanji"": [""大""], ""targets"": [42]}, {""kind"": ""word"", ""ja"": ""市"", ""reading"": ""し"", ""en"": ""city"", ""kanji"": [""市""], ""targets"": [114]}]"
s211,"[115, 116, 54]",[],"[{""kind"": ""word"", ""ja"": ""公園"", ""reading"": ""こうえん"", ""en"": ""park"", ""kanji"": [""公"", ""園""], ""targets"": [115, 116]}, {""kind"": ""particle"", ""kana"": ""に""}, {""kind"": ""word"", ""ja"": ""行く"", ""reading"": ""いく"", ""en"": ""go"", ""kanji"": [""行""], ""targets"": [54]}]"
s212,"[115, 116, 68]",[],"[{""kind"": ""word"", ""ja"": ""公園"", ""reading"": ""こうえん"", ""en"": ""park"", ""kanji"": [""公"", ""園""], ""targets"": [115, 116]}, {""kind"": ""particle"", ""kana"": ""で""}, {""kind"": ""word"", ""ja"": ""待つ"", ""reading"": ""まつ"", ""en"": ""wait"", ""kanji"": [""待""], ""targets"": [68]}]"
s213,"[115, 116, 41]",[],"[{""kind"": ""word"", ""ja"": ""公園"", ""reading"": ""こうえん"", ""en"": ""park"", ""kanji"": [""公"", ""園""], ""targets"": [115, 116]}, {""kind"": ""particle"", ""kana"": ""の""}, {""kind"": ""word"", ""ja"": ""中"", ""reading"": ""なか"", ""en"": ""inside"", ""kanji"": [""中""], ""targets"": [41]}]"
s214,"[258, 88, 116, 103, 56]",[],"[{""kind"": ""word"", ""ja"": ""動物園"", ""reading"": ""どうぶつえん"", ""en"": ""zoo"", ""kanji"": [""動"", ""物"", ""園""], ""targets"": [258, 88, 116]}, {""kind"": ""particle"", ""kana"": ""で""}, {""kind"": ""word"", ""ja"": ""鳥"", ""reading"": ""とり"", ""en"": ""bird"", ""kanji"": [""鳥""], ""targets"": [103]}, {""kind"": ""particle"", ""kana"": ""を""}, {""kind"": ""word"", ""ja"": ""見る"", ""reading"": ""みる"", ""en"": ""see"", ""kanji"": [""見""], ""targets"": [56]}]"
s215,"[115, 116, 94]",[],"[{""kind"": ""word"", ""ja"": ""公園"", ""reading"": ""こうえん"", ""en"": ""park"", ""kanji"": [""公"", ""園""], ""targets"": [115, 116]}, {""kind"": ""particle"", ""kana"": ""に""}, {""kind"": ""word"", ""ja"": ""車"", ""reading"": ""くるま"", ""en"": ""car"", ""kanji"": [""車""], ""targets"": [94]}, {""kind"": ""particle"", ""kana"": ""が""}, {""kind"": ""word"", ""ja"": ""ある"", ""reading"": ""ある"", ""en"": ""is"", ""kanji"": [], ""targets"": []}]"
s216,"[117, 124, 65]",[],"[{""kind"": ""word"", ""ja"": ""場所"", ""reading"": ""ばしょ"", ""en"": ""place"", ""kanji"": [""場"", ""所""], ""targets"": [117, 124]}, {""kind"": ""particle"", ""kana"": ""を""}, {""kind"": ""word"", ""ja"": ""聞く"", ""reading"": ""きく"", ""en"": ""ask"", ""kanji"": [""聞""], ""targets"": [65]}]"
s217,"[118, 119, 54]",[],"[{""kind"": ""word"", ""ja"": ""病院"", ""reading"": ""びょういん"", ""en"": ""hospital"", ""kanji"": [""病"", ""院""], ""targets"": [118, 119]}, {""kind"": ""particle"", ""kana"": ""に""}, {""kind"": ""word"", ""ja"": ""行く"", ""reading"": ""いく"", ""en"": ""go"", ""kanji"": [""行""], ""targets"": [54]}]"
s218,"[118, 148]",[],"[{""kind"": ""word"", ""ja"": ""病気"", ""reading"": ""びょうき"", ""en"": ""illness"", ""kanji"": [""病"", ""気""], ""targets"": [118, 148]}, {""kind"": ""particle"", ""kana"": ""です""}]"
s219,"[42, 96, 119, 61]",[],"[{""kind"": ""word"", ""ja"": ""大学院"", ""reading"": ""だいがくいん"", ""en"": ""grad school"", ""kanji"": [""大"", ""学"", ""院""], ""targets"": [42, 96, 119]}, {""kind"": ""particle"", ""kana"": ""に""}, {""kind"": ""word"", ""ja"": ""入る"", ""reading"": ""はいる"", ""en"": ""enter"", ""kanji"": [""入""], ""targets"": [61]}]"
s220,"[118, 119, 41]",[],"[{""kind"": ""word"", ""ja"": ""病院"", ""reading"": ""びょういん"", ""en"": ""hospital"", ""kanji"": [""病"", ""院""], ""targets"": [118, 119]}, {""kind"": ""particle"", ""kana"": ""の""}, {""kind"": ""word"", ""ja"": ""中"", ""reading"": ""なか"", ""en"": ""inside"", ""kanji"": [""中""], ""targets"": [41]}]"
s221,"[120, 54]",[],"[{""kind"": ""word"", ""ja"": ""銀行"", ""reading"": ""ぎんこう"", ""en"": ""bank"", ""kanji"": [""銀"", ""行""], ""targets"": [120, 54]}, {""kind"": ""particle"", ""kana"": ""に""}, {""kind"": ""word"", ""ja"": ""行く"", ""reading"": ""いく"", ""en"": ""go"", ""kanji"": [""行""], ""targets"": [54]}]"
s222,"[120, 54, 19, 60]",[],"[{""kind"": ""word"", ""ja"": ""銀行"", ""reading"": ""ぎんこう"", ""en"": ""bank"", ""kanji"": [""銀"", ""行""], ""targets"": [120, 54]}, {""kind"": ""particle"", ""kana"": ""で""}, {""kind"": ""word"", ""ja"": ""お金"", ""reading"": ""おかね"", ""en"": ""money"", ""kanji"": [""金""], ""targets"": [19]}, {""kind"": ""particle"", ""kana"": ""を""}, {""kind"": ""word"", ""ja"": ""出す"", ""reading"": ""だす"", ""en"": ""withdraw"", ""kanji"": [""出""], ""targets"": [60]}]"
s223,"[120, 54, 47, 52]",[],"[{""kind"": ""word"", ""ja"": ""銀行"", ""reading"": ""ぎんこう"", ""en"": ""bank"", ""kanji"": [""銀"", ""行""], ""targets"": [120, 54]}, {""kind"": ""particle"", ""kana"": ""は""}, {""kind"": ""word"", ""ja"": ""駅"", ""reading"": ""えき"", ""en"": ""station"", ""kanji"": [""駅""], ""targets"": [47]}, {""kind"": ""particle"", ""kana"": ""の""}, {""kind"": ""word"", ""ja"": ""外"", ""reading"": ""そと"", ""en"": ""outside"", ""kanji"": [""外""], ""targets"": [52]}]"
s224,"[71, 121, 62]",[],"[{""kind"": ""word"", ""ja"": ""本屋"", ""reading"": ""ほんや"", ""en"": ""bookstore"", ""kanji"": [""本"", ""屋""], ""targets"": [71, 121]}, {""kind"": ""particle"", ""kana"": ""で""}, {""kind"": ""word"", ""ja"": ""本"", ""reading"": ""ほん"", ""en"": ""book"", ""kanji"": [""本""], ""targets"": [71]}, {""kind"": ""particle"", ""kana"": ""を""}, {""kind"": ""word"", ""ja"": ""買う"", ""reading"": ""かう"", ""en"": ""buy"", ""kanji"": [""買""], ""targets"": [62]}]"
s225,"[252, 121, 41]",[],"[{""kind"": ""word"", ""ja"": ""部屋"", ""reading"": ""へや"", ""en"": ""room"", ""kanji"": [""部"", ""屋""], ""targets"": [252, 121]}, {""kind"": ""particle"", ""kana"": ""の""}, {""kind"": ""word"", ""ja"": ""中"", ""reading"": ""なか"", ""en"": ""inside"", ""kanji"": [""中""], ""targets"": [41]}]"
s226,"[80, 121, 102, 62]",[],"[{""kind"": ""word"", ""ja"": ""肉屋"", ""reading"": ""にくや"", ""en"": ""butcher"", ""kanji"": [""肉"", ""屋""], ""targets"": [80, 121]}, {""kind"": ""particle"", ""kana"": ""で""}, {""kind"": ""word"", ""ja"": ""牛肉"", ""reading"": ""ぎゅうにく"", ""en"": ""beef"", ""kanji"": [""牛"", ""肉""], ""targets"": [102, 80]}, {""kind"": ""particle"", ""kana"": ""を""}, {""kind"": ""word"", ""ja"": ""買う"", ""reading"": ""かう"", ""en"": ""buy"", ""kanji"": [""買""], ""targets"": [62]}]"
s227,"[24, 14, 96, 97, 54]",[],"[{""kind"": ""word"", ""ja"": ""今日"", ""reading"": ""きょう"", ""en"": ""today"", ""kanji"": [""今"", ""日""], ""targets"": [24, 14]}, {""kind"": ""word"", ""ja"": ""学校"", ""reading"": ""がっこう"", ""en"": ""school"", ""kanji"": [""学"", ""校""], ""targets"": [96, 97]}, {""kind"": ""particle"", ""kana"": ""に""}, {""kind"": ""word"", ""ja"": ""行く"", ""reading"": ""いく"", ""en"": ""go"", ""kanji"": [""行""], ""targets"": [54]}]"
s228,"[36, 256, 115, 116, 54]",[],"[{""kind"": ""word"", ""ja"": ""友達"", ""reading"": ""ともだち"", ""en"": ""friend"", ""kanji"": [""友"", ""達""], ""targets"": [36, 256]}, {""kind"": ""particle"", ""kana"": ""と""}, {""kind"": ""word"", ""ja"": ""公園"", ""reading"": ""こうえん"", ""en"": ""park"", ""kanji"": [""公"", ""園""], ""targets"": [115, 116]}, {""kind"": ""particle"", ""kana"": ""に""}, {""kind"": ""word"", ""ja"": ""行く"", ""reading"": ""いく"", ""en"": ""go"", ""kanji"": [""行""], ""targets"": [54]}]"
s229,"[28, 14, 102, 257, 58]",[],"[{""kind"": ""word"", ""ja"": ""毎日"", ""reading"": ""まいにち"", ""en"": ""every day"", ""kanji"": [""毎"", ""日""], ""targets"": [28, 14]}, {""kind"": ""word"", ""ja"": ""牛乳"", ""reading"": ""ぎゅうにゅう"", ""en"": ""milk"", ""kanji"": [""牛"", ""乳""], ""targets"": [102, 257]}, {""kind"": ""particle"", ""kana"": ""を""}, {""kind"": ""word"", ""ja"": ""飲む"", ""reading"": ""のむ"", ""en"": ""drink"", ""kanji"": [""飲""], ""targets"": [58]}]"
s230,"[37, 120, 54, 298]",[],"[{""kind"": ""word"", ""ja"": ""父"", ""reading"": ""ちち"", ""en"": ""father"", ""kanji"": [""父""], ""targets"": [37]}, {""kind"": ""particle"", ""kana"": ""は""}, {""kind"": ""word"", ""ja"": ""銀行"", ""reading"": ""ぎんこう"", ""en"": ""bank"", ""kanji"": [""銀"", ""行""], ""targets"": [120, 54]}, {""kind"": ""particle"", ""kana"": ""で""}, {""kind"": ""word"", ""ja"": ""働く"", ""reading"": ""はたらく"", ""en"": ""work"", ""kanji"": [""働""], ""targets"": [298]}]"
s231,"[38, 114, 117, 81, 62]",[],"[{""kind"": ""word"", ""ja"": ""母"", ""reading"": ""はは"", ""en"": ""mother"", ""kanji"": [""母""], ""targets"": [38]}, {""kind"": ""particle"", ""kana"": ""は""}, {""kind"": ""word"", ""ja"": ""市場"", ""reading"": ""いちば"", ""en"": ""market"", ""kanji"": [""市"", ""場""], ""targets"": [114, 117]}, {""kind"": ""particle"", ""kana"": ""で""}, {""kind"": ""word"", ""ja"": ""魚"", ""reading"": ""さかな"", ""en"": ""fish"", ""kanji"": [""魚""], ""targets"": [81]}, {""kind"": ""particle"", ""kana"": ""を""}, {""kind"": ""word"", ""ja"": ""買う"", ""reading"": ""かう"", ""en"": ""buy"", ""kanji"": [""買""], ""targets"": [62]}]"
s232,"[95, 94, 226, 40, 108]",[],"[{""kind"": ""word"", ""ja"": ""電車"", ""reading"": ""でんしゃ"", ""en"": ""train"", ""kanji"": [""電"", ""車""], ""targets"": [95, 94]}, {""kind"": ""particle"", ""kana"": ""と""}, {""kind"": ""word"", ""ja"": ""地下鉄"", ""reading"": ""ちかてつ"", ""en"": ""subway"", ""kanji"": [""地"", ""下"", ""鉄""], ""targets"": [226, 40, 108]}]"
s233,"[109, 110, 54, 111]",[],"[{""kind"": ""word"", ""ja"": ""船"", ""reading"": ""ふね"", ""en"": ""ship"", ""kanji"": [""船""], ""targets"": [109]}, {""kind"": ""particle"", ""kana"": ""と""}, {""kind"": ""word"", ""ja"": ""飛行機"", ""reading"": ""ひこうき"", ""en"": ""airplane"", ""kanji"": [""飛"", ""行"", ""機""], ""targets"": [110, 54, 111]}]"
s234,"[47, 144, 71, 121]",[],"[{""kind"": ""word"", ""ja"": ""駅"", ""reading"": ""えき"", ""en"": ""station"", ""kanji"": [""駅""], ""targets"": [47]}, {""kind"": ""particle"", ""kana"": ""の""}, {""kind"": ""word"", ""ja"": ""前"", ""reading"": ""まえ"", ""en"": ""front"", ""kanji"": [""前""], ""targets"": [144]}, {""kind"": ""particle"", ""kana"": ""に""}, {""kind"": ""word"", ""ja"": ""本屋"", ""reading"": ""ほんや"", ""en"": ""bookstore"", ""kanji"": [""本"", ""屋""], ""targets"": [71, 121]}]"
s235,"[118, 119, 47, 207]",[],"[{""kind"": ""word"", ""ja"": ""病院"", ""reading"": ""びょういん"", ""en"": ""hospital"", ""kanji"": [""病"", ""院""], ""targets"": [118, 119]}, {""kind"": ""particle"", ""kana"": ""は""}, {""kind"": ""word"", ""ja"": ""駅"", ""reading"": ""えき"", ""en"": ""station"", ""kanji"": [""駅""], ""targets"": [47]}, {""kind"": ""particle"", ""kana"": ""の""}, {""kind"": ""word"", ""ja"": ""近く"", ""reading"": ""ちかく"", ""en"": ""near"", ""kanji"": [""近""], ""targets"": [207]}]"
s236,"[115, 116, 34, 267]",[],"[{""kind"": ""word"", ""ja"": ""公園"", ""reading"": ""こうえん"", ""en"": ""park"", ""kanji"": [""公"", ""園""], ""targets"": [115, 116]}, {""kind"": ""particle"", ""kana"": ""で""}, {""kind"": ""word"", ""ja"": ""子供"", ""reading"": ""こども"", ""en"": ""child"", ""kanji"": [""子"", ""供""], ""targets"": [34, 267]}, {""kind"": ""particle"", ""kana"": ""が""}, {""kind"": ""word"", ""ja"": ""いる"", ""reading"": ""いる"", ""en"": ""there are"", ""kanji"": [], ""targets"": []}]"
s237,"[101, 104, 89, 57]",[],"[{""kind"": ""word"", ""ja"": ""美味しい"", ""reading"": ""おいしい"", ""en"": ""delicious"", ""kanji"": [""美"", ""味""], ""targets"": [101, 104]}, {""kind"": ""word"", ""ja"": ""ご飯"", ""reading"": ""ごはん"", ""en"": ""rice"", ""kanji"": [""飯""], ""targets"": [89]}, {""kind"": ""particle"", ""kana"": ""を""}, {""kind"": ""word"", ""ja"": ""食べる"", ""reading"": ""たべる"", ""en"": ""eat"", ""kanji"": [""食""], ""targets"": [57]}]"
s238,"[105, 107]",[],"[{""kind"": ""word"", ""ja"": ""甘い"", ""reading"": ""あまい"", ""en"": ""sweet"", ""kanji"": [""甘""], ""targets"": [105]}, {""kind"": ""word"", ""ja"": ""豆"", ""reading"": ""まめ"", ""en"": ""bean"", ""kanji"": [""豆""], ""targets"": [107]}]"
s239,"[106, 103, 83]",[],"[{""kind"": ""word"", ""ja"": ""焼き鳥"", ""reading"": ""やきとり"", ""en"": ""grilled chicken"", ""kanji"": [""焼"", ""鳥""], ""targets"": [106, 103]}, {""kind"": ""particle"", ""kana"": ""と""}, {""kind"": ""word"", ""ja"": ""お酒"", ""reading"": ""おさけ"", ""en"": ""alcohol"", ""kanji"": [""酒""], ""targets"": [83]}]"
s240,"[102, 103]",[],"[{""kind"": ""word"", ""ja"": ""牛"", ""reading"": ""うし"", ""en"": ""cow"", ""kanji"": [""牛""], ""targets"": [102]}, {""kind"": ""particle"", ""kana"": ""と""}, {""kind"": ""word"", ""ja"": ""鳥"", ""reading"": ""とり"", ""en"": ""bird"", ""kanji"": [""鳥""], ""targets"": [103]}]"
s241,"[114, 41, 115, 116]",[],"[{""kind"": ""word"", ""ja"": ""市"", ""reading"": ""し"", ""en"": ""city"", ""kanji"": [""市""], ""targets"": [114]}, {""kind"": ""particle"", ""kana"": ""の""}, {""kind"": ""word"", ""ja"": ""中"", ""reading"": ""なか"", ""en"": ""center"", ""kanji"": [""中""], ""targets"": [41]}, {""kind"": ""particle"", ""kana"": ""の""}, {""kind"": ""word"", ""ja"": ""公園"", ""reading"": ""こうえん"", ""en"": ""park"", ""kanji"": [""公"", ""園""], ""targets"": [115, 116]}]"
s242,"[108, 49, 112]",[],"[{""kind"": ""word"", ""ja"": ""鉄道"", ""reading"": ""てつどう"", ""en"": ""railway"", ""kanji"": [""鉄"", ""道""], ""targets"": [108, 49]}, {""kind"": ""particle"", ""kana"": ""の""}, {""kind"": ""word"", ""ja"": ""橋"", ""reading"": ""はし"", ""en"": ""bridge"", ""kanji"": [""橋""], ""targets"": [112]}]"
s243,"[113, 282, 62, 95, 94, 266]",[],"[{""kind"": ""word"", ""ja"": ""切符"", ""reading"": ""きっぷ"", ""en"": ""ticket"", ""kanji"": [""切"", ""符""], ""targets"": [113, 282]}, {""kind"": ""particle"", ""kana"": ""を""}, {""kind"": ""word"", ""ja"": ""買って"", ""reading"": ""かって"", ""en"": ""buy"", ""kanji"": [""買""], ""targets"": [62], ""lemma"": ""買う""}, {""kind"": ""word"", ""ja"": ""電車"", ""reading"": ""でんしゃ"", ""en"": ""train"", ""kanji"": [""電"", ""車""], ""targets"": [95, 94]}, {""kind"": ""particle"", ""kana"": ""に""}, {""kind"": ""word"", ""ja"": ""乗る"", ""reading"": ""のる"", ""en"": ""ride"", ""kanji"": [""乗""], ""targets"": [266]}]"
s244,"[110, 54, 111, 52, 44]",[],"[{""kind"": ""word"", ""ja"": ""飛行機"", ""reading"": ""ひこうき"", ""en"": ""airplane"", ""kanji"": [""飛"", ""行"", ""機""], ""targets"": [110, 54, 111]}, {""kind"": ""particle"", ""kana"": ""で""}, {""kind"": ""word"", ""ja"": ""外国"", ""reading"": ""がいこく"", ""en"": ""foreign country"", ""kanji"": [""外"", ""国""], ""targets"": [52, 44]}, {""kind"": ""particle"", ""kana"": ""に""}, {""kind"": ""word"", ""ja"": ""行く"", ""reading"": ""いく"", ""en"": ""go"", ""kanji"": [""行""], ""targets"": [54]}]"
s245,"[118, 148, 22, 119, 54]",[],"[{""kind"": ""word"", ""ja"": ""病気"", ""reading"": ""びょうき"", ""en"": ""illness"", ""kanji"": [""病"", ""気""], ""targets"": [118, 148]}, {""kind"": ""particle"", ""kana"": ""の""}, {""kind"": ""word"", ""ja"": ""時"", ""reading"": ""とき"", ""en"": ""when"", ""kanji"": [""時""], ""targets"": [22]}, {""kind"": ""word"", ""ja"": ""病院"", ""reading"": ""びょういん"", ""en"": ""hospital"", ""kanji"": [""病"", ""院""], ""targets"": [118, 119]}, {""kind"": ""particle"", ""kana"": ""に""}, {""kind"": ""word"", ""ja"": ""行く"", ""reading"": ""いく"", ""en"": ""go"", ""kanji"": [""行""], ""targets"": [54]}]"
s246,"[120, 54, 118, 119]",[],"[{""kind"": ""word"", ""ja"": ""銀行"", ""reading"": ""ぎんこう"", ""en"": ""bank"", ""kanji"": [""銀"", ""行""], ""targets"": [120, 54]}, {""kind"": ""particle"", ""kana"": ""と""}, {""kind"": ""word"", ""ja"": ""病院"", ""reading"": ""びょういん"", ""en"": ""hospital"", ""kanji"": [""病"", ""院""], ""targets"": [118, 119]}]"
s247,"[101, 46, 112]",[],"[{""kind"": ""word"", ""ja"": ""美しい"", ""reading"": ""うつくしい"", ""en"": ""beautiful"", ""kanji"": [""美""], ""targets"": [101]}, {""kind"": ""word"", ""ja"": ""川"", ""reading"": ""かわ"", ""en"": ""river"", ""kanji"": [""川""], ""targets"": [46]}, {""kind"": ""particle"", ""kana"": ""と""}, {""kind"": ""word"", ""ja"": ""橋"", ""reading"": ""はし"", ""en"": ""bridge"", ""kanji"": [""橋""], ""targets"": [112]}]"
s248,"[115, 116, 41, 103, 110]",[],"[{""kind"": ""word"", ""ja"": ""公園"", ""reading"": ""こうえん"", ""en"": ""park"", ""kanji"": [""公"", ""園""], ""targets"": [115, 116]}, {""kind"": ""particle"", ""kana"": ""の""}, {""kind"": ""word"", ""ja"": ""中"", ""reading"": ""なか"", ""en"": ""inside"", ""kanji"": [""中""], ""targets"": [41]}, {""kind"": ""particle"", ""kana"": ""で""}, {""kind"": ""word"", ""ja"": ""鳥"", ""reading"": ""とり"", ""en"": ""bird"", ""kanji"": [""鳥""], ""targets"": [103]}, {""kind"": ""particle"", ""kana"": ""が""}, {""kind"": ""word"", ""ja"": ""飛ぶ"", ""reading"": ""とぶ"", ""en"": ""fly"", ""kanji"": [""飛""], ""targets"": [110]}]"
s249,"[102, 80, 107, 106]",[],"[{""kind"": ""word"", ""ja"": ""牛肉"", ""reading"": ""ぎゅうにく"", ""en"": ""beef"", ""kanji"": [""牛"", ""肉""], ""targets"": [102, 80]}, {""kind"": ""particle"", ""kana"": ""と""}, {""kind"": ""word"", ""ja"": ""豆"", ""reading"": ""まめ"", ""en"": ""bean"", ""kanji"": [""豆""], ""targets"": [107]}, {""kind"": ""particle"", ""kana"": ""を""}, {""kind"": ""word"", ""ja"": ""焼く"", ""reading"": ""やく"", ""en"": ""grill"", ""kanji"": [""焼""], ""targets"": [106]}]"
s250,"[114, 117, 105, 87, 88, 62]",[],"[{""kind"": ""word"", ""ja"": ""市場"", ""reading"": ""いちば"", ""en"": ""market"", ""kanji"": [""市"", ""場""], ""targets"": [114, 117]}, {""kind"": ""particle"", ""kana"": ""で""}, {""kind"": ""word"", ""ja"": ""甘い"", ""reading"": ""あまい"", ""en"": ""sweet"", ""kanji"": [""甘""], ""targets"": [105]}, {""kind"": ""word"", ""ja"": ""果物"", ""reading"": ""くだもの"", ""en"": ""fruit"", ""kanji"": [""果"", ""物""], ""targets"": [87, 88]}, {""kind"": ""particle"", ""kana"": ""を""}, {""kind"": ""word"", ""ja"": ""買う"", ""reading"": ""かう"", ""en"": ""buy"", ""kanji"": [""買""], ""targets"": [62]}]"
s251,"[101, 104, 106, 103]",[],"[{""kind"": ""word"", ""ja"": ""美味しい"", ""reading"": ""おいしい"", ""en"": ""delicious"", ""kanji"": [""美"", ""味""], ""targets"": [101, 104]}, {""kind"": ""word"", ""ja"": ""焼き鳥"", ""reading"": ""やきとり"", ""en"": ""grilled chicken"", ""kanji"": [""焼"", ""鳥""], ""targets"": [106, 103]}]"
s252,"[109, 280, 54]",[],"[{""kind"": ""word"", ""ja"": ""船"", ""reading"": ""ふね"", ""en"": ""ship"", ""kanji"": [""船""], ""targets"": [109]}, {""kind"": ""particle"", ""kana"": ""で""}, {""kind"": ""word"", ""ja"": ""港"", ""reading"": ""みなと"", ""en"": ""harbor"", ""kanji"": [""港""], ""targets"": [280]}, {""kind"": ""particle"", ""kana"": ""に""}, {""kind"": ""word"", ""ja"": ""行く"", ""reading"": ""いく"", ""en"": ""go"", ""kanji"": [""行""], ""targets"": [54]}]"
s253,"[110, 54, 111, 41, 63]",[],"[{""kind"": ""word"", ""ja"": ""飛行機"", ""reading"": ""ひこうき"", ""en"": ""airplane"", ""kanji"": [""飛"", ""行"", ""機""], ""targets"": [110, 54, 111]}, {""kind"": ""particle"", ""kana"": ""の""}, {""kind"": ""word"", ""ja"": ""中"", ""reading"": ""なか"", ""en"": ""inside"", ""kanji"": [""中""], ""targets"": [41]}, {""kind"": ""particle"", ""kana"": ""で""}, {""kind"": ""word"", ""ja"": ""読む"", ""reading"": ""よむ"", ""en"": ""read"", ""kanji"": [""読""], ""targets"": [63]}]"
s254,"[226, 40, 108, 47]",[],"[{""kind"": ""word"", ""ja"": ""地下鉄"", ""reading"": ""ちかてつ"", ""en"": ""subway"", ""kanji"": [""地"", ""下"", ""鉄""], ""targets"": [226, 40, 108]}, {""kind"": ""particle"", ""kana"": ""の""}, {""kind"": ""word"", ""ja"": ""駅"", ""reading"": ""えき"", ""en"": ""station"", ""kanji"": [""駅""], ""targets"": [47]}]"
s255,"[71, 121, 80]",[],"[{""kind"": ""word"", ""ja"": ""本屋"", ""reading"": ""ほんや"", ""en"": ""bookstore"", ""kanji"": [""本"", ""屋""], ""targets"": [71, 121]}, {""kind"": ""particle"", ""kana"": ""と""}, {""kind"": ""word"", ""ja"": ""肉屋"", ""reading"": ""にくや"", ""en"": ""butcher"", ""kanji"": [""肉"", ""屋""], ""targets"": [80, 121]}]"
s256,"[115, 116, 82, 58]",[],"[{""kind"": ""word"", ""ja"": ""公園"", ""reading"": ""こうえん"", ""en"": ""park"", ""kanji"": [""公"", ""園""], ""targets"": [115, 116]}, {""kind"": ""particle"", ""kana"": ""で""}, {""kind"": ""word"", ""ja"": ""お茶"", ""reading"": ""おちゃ"", ""en"": ""tea"", ""kanji"": [""茶""], ""targets"": [82]}, {""kind"": ""particle"", ""kana"": ""を""}, {""kind"": ""word"", ""ja"": ""飲む"", ""reading"": ""のむ"", ""en"": ""drink"", ""kanji"": [""飲""], ""targets"": [58]}]"
s257,"[114, 118, 119]",[],"[{""kind"": ""word"", ""ja"": ""市"", ""reading"": ""し"", ""en"": ""city"", ""kanji"": [""市""], ""targets"": [114]}, {""kind"": ""particle"", ""kana"": ""の""}, {""kind"": ""word"", ""ja"": ""病院"", ""reading"": ""びょういん"", ""en"": ""hospital"", ""kanji"": [""病"", ""院""], ""targets"": [118, 119]}]"
s258,"[105, 104, 78]",[],"[{""kind"": ""word"", ""ja"": ""甘い"", ""reading"": ""あまい"", ""en"": ""sweet"", ""kanji"": [""甘""], ""targets"": [105]}, {""kind"": ""word"", ""ja"": ""味"", ""reading"": ""あじ"", ""en"": ""taste"", ""kanji"": [""味""], ""targets"": [104]}, {""kind"": ""particle"", ""kana"": ""が""}, {""kind"": ""word"", ""ja"": ""好き"", ""reading"": ""すき"", ""en"": ""like"", ""kanji"": [""好""], ""targets"": [78]}]"
s259,"[102, 257, 107]",[],"[{""kind"": ""word"", ""ja"": ""牛乳"", ""reading"": ""ぎゅうにゅう"", ""en"": ""milk"", ""kanji"": [""牛"", ""乳""], ""targets"": [102, 257]}, {""kind"": ""particle"", ""kana"": ""と""}, {""kind"": ""word"", ""ja"": ""豆"", ""reading"": ""まめ"", ""en"": ""bean"", ""kanji"": [""豆""], ""targets"": [107]}]"
s260,"[112, 94, 54]",[],"[{""kind"": ""word"", ""ja"": ""橋"", ""reading"": ""はし"", ""en"": ""bridge"", ""kanji"": [""橋""], ""targets"": [112]}, {""kind"": ""particle"", ""kana"": ""を""}, {""kind"": ""word"", ""ja"": ""車"", ""reading"": ""くるま"", ""en"": ""car"", ""kanji"": [""車""], ""targets"": [94]}, {""kind"": ""particle"", ""kana"": ""で""}, {""kind"": ""word"", ""ja"": ""行く"", ""reading"": ""いく"", ""en"": ""cross"", ""kanji"": [""行""], ""targets"": [54]}]"
s261,"[113, 100, 62, 255, 60]",[],"[{""kind"": ""word"", ""ja"": ""切手"", ""reading"": ""きって"", ""en"": ""stamp"", ""kanji"": [""切"", ""手""], ""targets"": [113, 100]}, {""kind"": ""particle"", ""kana"": ""を""}, {""kind"": ""word"", ""ja"": ""買って"", ""reading"": ""かって"", ""en"": ""buy"", ""kanji"": [""買""], ""targets"": [62], ""lemma"": ""買う""}, {""kind"": ""word"", ""ja"": ""手紙"", ""reading"": ""てがみ"", ""en"": ""letter"", ""kanji"": [""手"", ""紙""], ""targets"": [100, 255]}, {""kind"": ""particle"", ""kana"": ""を""}, {""kind"": ""word"", ""ja"": ""出す"", ""reading"": ""だす"", ""en"": ""send"", ""kanji"": [""出""], ""targets"": [60]}]"
s262,"[258, 88, 116, 102, 56]",[],"[{""kind"": ""word"", ""ja"": ""動物園"", ""reading"": ""どうぶつえん"", ""en"": ""zoo"", ""kanji"": [""動"", ""物"", ""園""], ""targets"": [258, 88, 116]}, {""kind"": ""particle"", ""kana"": ""で""}, {""kind"": ""word"", ""ja"": ""牛"", ""reading"": ""うし"", ""en"": ""cow"", ""kanji"": [""牛""], ""targets"": [102]}, {""kind"": ""particle"", ""kana"": ""を""}, {""kind"": ""word"", ""ja"": ""見る"", ""reading"": ""みる"", ""en"": ""see"", ""kanji"": [""見""], ""targets"": [56]}]"
s263,"[101, 285, 228, 54]",[],"[{""kind"": ""word"", ""ja"": ""美術館"", ""reading"": ""びじゅつかん"", ""en"": ""art museum"", ""kanji"": [""美"", ""術"", ""館""], ""targets"": [101, 285, 228]}, {""kind"": ""particle"", ""kana"": ""に""}, {""kind"": ""word"", ""ja"": ""行く"", ""reading"": ""いく"", ""en"": ""go"", ""kanji"": [""行""], ""targets"": [54]}]"
s264,"[115, 67, 96, 97]",[],"[{""kind"": ""word"", ""ja"": ""公立"", ""reading"": ""こうりつ"", ""en"": ""public"", ""kanji"": [""公"", ""立""], ""targets"": [115, 67]}, {""kind"": ""word"", ""ja"": ""学校"", ""reading"": ""がっこう"", ""en"": ""school"", ""kanji"": [""学"", ""校""], ""targets"": [96, 97]}]"
s265,"[114, 278, 75]",[],"[{""kind"": ""word"", ""ja"": ""市民"", ""reading"": ""しみん"", ""en"": ""citizen"", ""kanji"": [""市"", ""民""], ""targets"": [114, 278]}, {""kind"": ""particle"", ""kana"": ""が""}, {""kind"": ""word"", ""ja"": ""多い"", ""reading"": ""おおい"", ""en"": ""many"", ""kanji"": [""多""], ""targets"": [75]}]"
s266,"[109, 77]",[],"[{""kind"": ""word"", ""ja"": ""船長"", ""reading"": ""せんちょう"", ""en"": ""captain"", ""kanji"": [""船"", ""長""], ""targets"": [109, 77]}, {""kind"": ""particle"", ""kana"": ""です""}]"
s267,"[108, 112]",[],"[{""kind"": ""word"", ""ja"": ""鉄"", ""reading"": ""てつ"", ""en"": ""iron"", ""kanji"": [""鉄""], ""targets"": [108]}, {""kind"": ""particle"", ""kana"": ""の""}, {""kind"": ""word"", ""ja"": ""橋"", ""reading"": ""はし"", ""en"": ""bridge"", ""kanji"": [""橋""], ""targets"": [112]}]"
s268,"[104, 123]",[],"[{""kind"": ""word"", ""ja"": ""味方"", ""reading"": ""みかた"", ""en"": ""ally"", ""kanji"": [""味"", ""方""], ""targets"": [104, 123]}, {""kind"": ""particle"", ""kana"": ""が""}, {""kind"": ""word"", ""ja"": ""いる"", ""reading"": ""いる"", ""en"": ""there is"", ""kanji"": [], ""targets"": []}]"
s269,"[105, 83, 58]",[],"[{""kind"": ""word"", ""ja"": ""甘酒"", ""reading"": ""あまざけ"", ""en"": ""sweet sake"", ""kanji"": [""甘"", ""酒""], ""targets"": [105, 83]}, {""kind"": ""particle"", ""kana"": ""を""}, {""kind"": ""word"", ""ja"": ""飲む"", ""reading"": ""のむ"", ""en"": ""drink"", ""kanji"": [""飲""], ""targets"": [58]}]"
s270,[136],[],"[{""kind"": ""word"", ""ja"": ""あれ"", ""reading"": ""あれ"", ""en"": ""that"", ""kanji"": [], ""targets"": []}, {""kind"": ""particle"", ""kana"": ""は""}, {""kind"": ""word"", ""ja"": ""誰"", ""reading"": ""だれ"", ""en"": ""who"", ""kanji"": [""誰""], ""targets"": [136]}, {""kind"": ""particle"", ""kana"": ""です""}, {""kind"": ""particle"", ""kana"": ""か""}]"
s271,[137],[],"[{""kind"": ""word"", ""ja"": ""これ"", ""reading"": ""これ"", ""en"": ""this"", ""kanji"": [], ""targets"": []}, {""kind"": ""particle"", ""kana"": ""は""}, {""kind"": ""word"", ""ja"": ""幾ら"", ""reading"": ""いくら"", ""en"": ""how much"", ""kanji"": [""幾""], ""targets"": [137]}, {""kind"": ""particle"", ""kana"": ""です""}, {""kind"": ""particle"", ""kana"": ""か""}]"
s272,"[127, 252, 57]",[],"[{""kind"": ""word"", ""ja"": ""全部"", ""reading"": ""ぜんぶ"", ""en"": ""all"", ""kanji"": [""全"", ""部""], ""targets"": [127, 252]}, {""kind"": ""word"", ""ja"": ""食べました"", ""reading"": ""たべました"", ""en"": ""ate"", ""kanji"": [""食""], ""targets"": [57], ""lemma"": ""食べる""}]"
s273,"[133, 123]",[],"[{""kind"": ""word"", ""ja"": ""両方"", ""reading"": ""りょうほう"", ""en"": ""both"", ""kanji"": [""両"", ""方""], ""targets"": [133, 123]}, {""kind"": ""word"", ""ja"": ""ください"", ""reading"": ""ください"", ""en"": ""please"", ""kanji"": [], ""targets"": []}]"
s274,"[128, 57]",[],"[{""kind"": ""word"", ""ja"": ""皆"", ""reading"": ""みな"", ""en"": ""everyone"", ""kanji"": [""皆""], ""targets"": [128]}, {""kind"": ""particle"", ""kana"": ""で""}, {""kind"": ""word"", ""ja"": ""食べましょう"", ""reading"": ""たべましょう"", ""en"": ""let us eat"", ""kanji"": [""食""], ""targets"": [57], ""lemma"": ""食べる""}]"
s275,[131],[],"[{""kind"": ""word"", ""ja"": ""これ"", ""reading"": ""これ"", ""en"": ""this"", ""kanji"": [], ""targets"": []}, {""kind"": ""particle"", ""kana"": ""は""}, {""kind"": ""word"", ""ja"": ""同じ"", ""reading"": ""おなじ"", ""en"": ""same"", ""kanji"": [""同""], ""targets"": [131]}, {""kind"": ""particle"", ""kana"": ""です""}]"
s276,"[253, 122, 123, 279, 128, 232]",[],"[{""kind"": ""word"", ""ja"": ""仕事"", ""reading"": ""しごと"", ""en"": ""work"", ""kanji"": [""仕"", ""事""], ""targets"": [253, 122]}, {""kind"": ""particle"", ""kana"": ""の""}, {""kind"": ""word"", ""ja"": ""方法"", ""reading"": ""ほうほう"", ""en"": ""method"", ""kanji"": [""方"", ""法""], ""targets"": [123, 279]}, {""kind"": ""particle"", ""kana"": ""を""}, {""kind"": ""word"", ""ja"": ""皆"", ""reading"": ""みな"", ""en"": ""everyone"", ""kanji"": [""皆""], ""targets"": [128]}, {""kind"": ""particle"", ""kana"": ""に""}, {""kind"": ""word"", ""ja"": ""教えます"", ""reading"": ""おしえます"", ""en"": ""teach"", ""kanji"": [""教""], ""targets"": [232], ""lemma"": ""教える""}]"
s277,"[132, 44, 57, 122, 127, 252, 130]",[],"[{""kind"": ""word"", ""ja"": ""各国"", ""reading"": ""かっこく"", ""en"": ""each country"", ""kanji"": [""各"", ""国""], ""targets"": [132, 44]}, {""kind"": ""particle"", ""kana"": ""の""}, {""kind"": ""word"", ""ja"": ""食事"", ""reading"": ""しょくじ"", ""en"": ""meal"", ""kanji"": [""食"", ""事""], ""targets"": [57, 122]}, {""kind"": ""particle"", ""kana"": ""は""}, {""kind"": ""word"", ""ja"": ""全部"", ""reading"": ""ぜんぶ"", ""en"": ""all"", ""kanji"": [""全"", ""部""], ""targets"": [127, 252]}, {""kind"": ""word"", ""ja"": ""別"", ""reading"": ""べつ"", ""en"": ""different"", ""kanji"": [""別""], ""targets"": [130]}, {""kind"": ""particle"", ""kana"": ""です""}]"
s278,"[136, 253, 122]",[],"[{""kind"": ""word"", ""ja"": ""これ"", ""reading"": ""これ"", ""en"": ""this"", ""kanji"": [], ""targets"": []}, {""kind"": ""particle"", ""kana"": ""は""}, {""kind"": ""word"", ""ja"": ""誰"", ""reading"": ""だれ"", ""en"": ""whose"", ""kanji"": [""誰""], ""targets"": [136]}, {""kind"": ""particle"", ""kana"": ""の""}, {""kind"": ""word"", ""ja"": ""仕事"", ""reading"": ""しごと"", ""en"": ""work"", ""kanji"": [""仕"", ""事""], ""targets"": [253, 122]}, {""kind"": ""particle"", ""kana"": ""です""}, {""kind"": ""particle"", ""kana"": ""か""}]"
s279,"[135, 276, 124, 68]",[],"[{""kind"": ""word"", ""ja"": ""約束"", ""reading"": ""やくそく"", ""en"": ""promise"", ""kanji"": [""約"", ""束""], ""targets"": [135, 276]}, {""kind"": ""particle"", ""kana"": ""の""}, {""kind"": ""word"", ""ja"": ""所"", ""reading"": ""ところ"", ""en"": ""place"", ""kanji"": [""所""], ""targets"": [124]}, {""kind"": ""particle"", ""kana"": ""で""}, {""kind"": ""word"", ""ja"": ""待ちます"", ""reading"": ""まちます"", ""en"": ""wait"", ""kanji"": [""待""], ""targets"": [68], ""lemma"": ""待つ""}]"
s280,"[131, 123, 279, 127, 252]",[],"[{""kind"": ""word"", ""ja"": ""同じ"", ""reading"": ""おなじ"", ""en"": ""same"", ""kanji"": [""同""], ""targets"": [131]}, {""kind"": ""word"", ""ja"": ""方法"", ""reading"": ""ほうほう"", ""en"": ""method"", ""kanji"": [""方"", ""法""], ""targets"": [123, 279]}, {""kind"": ""particle"", ""kana"": ""で""}, {""kind"": ""word"", ""ja"": ""全部"", ""reading"": ""ぜんぶ"", ""en"": ""all"", ""kanji"": [""全"", ""部""], ""targets"": [127, 252]}, {""kind"": ""word"", ""ja"": ""します"", ""reading"": ""します"", ""en"": ""do"", ""kanji"": [], ""targets"": []}]"
s281,"[129, 30, 128, 55]",[],"[{""kind"": ""word"", ""ja"": ""他"", ""reading"": ""ほか"", ""en"": ""other"", ""kanji"": [""他""], ""targets"": [129]}, {""kind"": ""particle"", ""kana"": ""の""}, {""kind"": ""word"", ""ja"": ""人"", ""reading"": ""ひと"", ""en"": ""people"", ""kanji"": [""人""], ""targets"": [30]}, {""kind"": ""particle"", ""kana"": ""も""}, {""kind"": ""word"", ""ja"": ""皆"", ""reading"": ""みな"", ""en"": ""everyone"", ""kanji"": [""皆""], ""targets"": [128]}, {""kind"": ""word"", ""ja"": ""来ました"", ""reading"": ""きました"", ""en"": ""came"", ""kanji"": [""来""], ""targets"": [55], ""lemma"": ""来る""}]"
s282,"[271, 135, 134, 14]",[293],"[{""kind"": ""word"", ""ja"": ""予約"", ""reading"": ""よやく"", ""en"": ""reservation"", ""kanji"": [""予"", ""約""], ""targets"": [271, 135]}, {""kind"": ""particle"", ""kana"": ""は""}, {""kind"": ""word"", ""ja"": ""数日"", ""reading"": ""すうじつ"", ""en"": ""several days"", ""kanji"": [""数"", ""日""], ""targets"": [134, 14]}, {""kind"": ""word"", ""ja"": ""かかります"", ""reading"": ""かかります"", ""en"": ""takes"", ""kanji"": [], ""targets"": [], ""lemma"": ""かかる"", ""kana_targets"": [293]}]"
s283,"[125, 136, 177]",[],"[{""kind"": ""word"", ""ja"": ""訳"", ""reading"": ""わけ"", ""en"": ""reason"", ""kanji"": [""訳""], ""targets"": [125]}, {""kind"": ""particle"", ""kana"": ""は""}, {""kind"": ""word"", ""ja"": ""誰"", ""reading"": ""だれ"", ""en"": ""no one"", ""kanji"": [""誰""], ""targets"": [136]}, {""kind"": ""particle"", ""kana"": ""も""}, {""kind"": ""word"", ""ja"": ""知りません"", ""reading"": ""しりません"", ""en"": ""do not know"", ""kanji"": [""知""], ""targets"": [177], ""lemma"": ""知る""}]"
s284,"[126, 215, 132, 264, 130]",[],"[{""kind"": ""word"", ""ja"": ""程度"", ""reading"": ""ていど"", ""en"": ""degree"", ""kanji"": [""程"", ""度""], ""targets"": [126, 215]}, {""kind"": ""particle"", ""kana"": ""は""}, {""kind"": ""word"", ""ja"": ""各自"", ""reading"": ""かくじ"", ""en"": ""each person"", ""kanji"": [""各"", ""自""], ""targets"": [132, 264]}, {""kind"": ""particle"", ""kana"": ""で""}, {""kind"": ""word"", ""ja"": ""別"", ""reading"": ""べつ"", ""en"": ""different"", ""kanji"": [""別""], ""targets"": [130]}, {""kind"": ""particle"", ""kana"": ""です""}]"
s285,"[137, 131, 88]",[],"[{""kind"": ""word"", ""ja"": ""幾つ"", ""reading"": ""いくつ"", ""en"": ""several"", ""kanji"": [""幾""], ""targets"": [137]}, {""kind"": ""particle"", ""kana"": ""も""}, {""kind"": ""word"", ""ja"": ""同じ"", ""reading"": ""おなじ"", ""en"": ""same"", ""kanji"": [""同""], ""targets"": [131]}, {""kind"": ""word"", ""ja"": ""物"", ""reading"": ""もの"", ""en"": ""thing"", ""kanji"": [""物""], ""targets"": [88]}, {""kind"": ""particle"", ""kana"": ""が""}, {""kind"": ""word"", ""ja"": ""あります"", ""reading"": ""あります"", ""en"": ""there are"", ""kanji"": [], ""targets"": []}]"
s286,"[123, 128, 131, 124]",[],"[{""kind"": ""word"", ""ja"": ""あの"", ""reading"": ""あの"", ""en"": ""that"", ""kanji"": [], ""targets"": []}, {""kind"": ""word"", ""ja"": ""方"", ""reading"": ""かた"", ""en"": ""person"", ""kanji"": [""方""], ""targets"": [123]}, {""kind"": ""particle"", ""kana"": ""は""}, {""kind"": ""word"", ""ja"": ""皆"", ""reading"": ""みな"", ""en"": ""everyone"", ""kanji"": [""皆""], ""targets"": [128]}, {""kind"": ""particle"", ""kana"": ""と""}, {""kind"": ""word"", ""ja"": ""同じ"", ""reading"": ""おなじ"", ""en"": ""same"", ""kanji"": [""同""], ""targets"": [131]}, {""kind"": ""word"", ""ja"": ""所"", ""reading"": ""ところ"", ""en"": ""place"", ""kanji"": [""所""], ""targets"": [124]}, {""kind"": ""particle"", ""kana"": ""に""}, {""kind"": ""word"", ""ja"": ""います"", ""reading"": ""います"", ""en"": ""is"", ""kanji"": [], ""targets"": []}]"
s287,"[127, 260, 130, 55]",[],"[{""kind"": ""word"", ""ja"": ""全員"", ""reading"": ""ぜんいん"", ""en"": ""everyone"", ""kanji"": [""全"", ""員""], ""targets"": [127, 260]}, {""kind"": ""word"", ""ja"": ""別々"", ""reading"": ""べつべつ"", ""en"": ""separately"", ""kanji"": [""別""], ""targets"": [130]}, {""kind"": ""particle"", ""kana"": ""に""}, {""kind"": ""word"", ""ja"": ""来ました"", ""reading"": ""きました"", ""en"": ""came"", ""kanji"": [""来""], ""targets"": [55], ""lemma"": ""来る""}]"
s288,"[135, 1, 22, 26, 126]",[293],"[{""kind"": ""word"", ""ja"": ""約"", ""reading"": ""やく"", ""en"": ""about"", ""kanji"": [""約""], ""targets"": [135]}, {""kind"": ""word"", ""ja"": ""一"", ""reading"": ""いち"", ""en"": ""one"", ""kanji"": [""一""], ""targets"": [1]}, {""kind"": ""word"", ""ja"": ""時間"", ""reading"": ""じかん"", ""en"": ""hours"", ""kanji"": [""時"", ""間""], ""targets"": [22, 26]}, {""kind"": ""word"", ""ja"": ""程"", ""reading"": ""ほど"", ""en"": ""about"", ""kanji"": [""程""], ""targets"": [126]}, {""kind"": ""word"", ""ja"": ""かかります"", ""reading"": ""かかります"", ""en"": ""takes"", ""kanji"": [], ""targets"": [], ""lemma"": ""かかる"", ""kana_targets"": [293]}]"
s289,"[134, 96, 129, 122, 191]",[],"[{""kind"": ""word"", ""ja"": ""数学"", ""reading"": ""すうがく"", ""en"": ""math"", ""kanji"": [""数"", ""学""], ""targets"": [134, 96]}, {""kind"": ""particle"", ""kana"": ""と""}, {""kind"": ""word"", ""ja"": ""他"", ""reading"": ""ほか"", ""en"": ""other"", ""kanji"": [""他""], ""targets"": [129]}, {""kind"": ""particle"", ""kana"": ""の""}, {""kind"": ""word"", ""ja"": ""事"", ""reading"": ""こと"", ""en"": ""things"", ""kanji"": [""事""], ""targets"": [122]}, {""kind"": ""particle"", ""kana"": ""を""}, {""kind"": ""word"", ""ja"": ""習います"", ""reading"": ""ならいます"", ""en"": ""learn"", ""kanji"": [""習""], ""targets"": [191], ""lemma"": ""習う""}]"
s290,"[133, 123, 136, 88]",[],"[{""kind"": ""word"", ""ja"": ""両方"", ""reading"": ""りょうほう"", ""en"": ""both"", ""kanji"": [""両"", ""方""], ""targets"": [133, 123]}, {""kind"": ""particle"", ""kana"": ""とも""}, {""kind"": ""word"", ""ja"": ""誰"", ""reading"": ""だれ"", ""en"": ""whose"", ""kanji"": [""誰""], ""targets"": [136]}, {""kind"": ""particle"", ""kana"": ""の""}, {""kind"": ""word"", ""ja"": ""物"", ""reading"": ""もの"", ""en"": ""thing"", ""kanji"": [""物""], ""targets"": [88]}, {""kind"": ""particle"", ""kana"": ""です""}, {""kind"": ""particle"", ""kana"": ""か""}]"
s291,"[132, 226, 35, 124, 56]",[],"[{""kind"": ""word"", ""ja"": ""各地"", ""reading"": ""かくち"", ""en"": ""various places"", ""kanji"": [""各"", ""地""], ""targets"": [132, 226]}, {""kind"": ""particle"", ""kana"": ""の""}, {""kind"": ""word"", ""ja"": ""名所"", ""reading"": ""めいしょ"", ""en"": ""famous spots"", ""kanji"": [""名"", ""所""], ""targets"": [35, 124]}, {""kind"": ""particle"", ""kana"": ""を""}, {""kind"": ""word"", ""ja"": ""見ます"", ""reading"": ""みます"", ""en"": ""see"", ""kanji"": [""見""], ""targets"": [56], ""lemma"": ""見る""}]"
s292,"[125, 127, 23]",[],"[{""kind"": ""word"", ""ja"": ""訳"", ""reading"": ""わけ"", ""en"": ""reason"", ""kanji"": [""訳""], ""targets"": [125]}, {""kind"": ""particle"", ""kana"": ""が""}, {""kind"": ""word"", ""ja"": ""全く"", ""reading"": ""まったく"", ""en"": ""(not) at all"", ""kanji"": [""全""], ""targets"": [127]}, {""kind"": ""word"", ""ja"": ""分かりません"", ""reading"": ""わかりません"", ""en"": ""do not understand"", ""kanji"": [""分""], ""targets"": [23], ""lemma"": ""分かる""}]"
s293,"[137, 60, 131]",[],"[{""kind"": ""word"", ""ja"": ""幾ら"", ""reading"": ""いくら"", ""en"": ""however much"", ""kanji"": [""幾""], ""targets"": [137]}, {""kind"": ""word"", ""ja"": ""出しても"", ""reading"": ""だしても"", ""en"": ""even if (I) pay"", ""kanji"": [""出""], ""targets"": [60], ""lemma"": ""出す""}, {""kind"": ""word"", ""ja"": ""同じ"", ""reading"": ""おなじ"", ""en"": ""same"", ""kanji"": [""同""], ""targets"": [131]}, {""kind"": ""particle"", ""kana"": ""です""}]"
s294,"[128, 132, 264, 253, 122]",[],"[{""kind"": ""word"", ""ja"": ""皆"", ""reading"": ""みな"", ""en"": ""everyone"", ""kanji"": [""皆""], ""targets"": [128]}, {""kind"": ""particle"", ""kana"": ""で""}, {""kind"": ""word"", ""ja"": ""各自"", ""reading"": ""かくじ"", ""en"": ""each person"", ""kanji"": [""各"", ""自""], ""targets"": [132, 264]}, {""kind"": ""particle"", ""kana"": ""の""}, {""kind"": ""word"", ""ja"": ""仕事"", ""reading"": ""しごと"", ""en"": ""work"", ""kanji"": [""仕"", ""事""], ""targets"": [253, 122]}, {""kind"": ""particle"", ""kana"": ""を""}, {""kind"": ""word"", ""ja"": ""します"", ""reading"": ""します"", ""en"": ""do"", ""kanji"": [], ""targets"": []}]"
s295,"[192, 125, 253, 122, 42]",[],"[{""kind"": ""word"", ""ja"": ""通訳"", ""reading"": ""つうやく"", ""en"": ""interpreter"", ""kanji"": [""通"", ""訳""], ""targets"": [192, 125]}, {""kind"": ""particle"", ""kana"": ""の""}, {""kind"": ""word"", ""ja"": ""仕事"", ""reading"": ""しごと"", ""en"": ""work"", ""kanji"": [""仕"", ""事""], ""targets"": [253, 122]}, {""kind"": ""particle"", ""kana"": ""は""}, {""kind"": ""word"", ""ja"": ""大事"", ""reading"": ""だいじ"", ""en"": ""important"", ""kanji"": [""大"", ""事""], ""targets"": [42, 122]}, {""kind"": ""particle"", ""kana"": ""です""}]"
s296,"[129, 14, 126, 130, 300]",[],"[{""kind"": ""word"", ""ja"": ""その他"", ""reading"": ""そのた"", ""en"": ""others"", ""kanji"": [""他""], ""targets"": [129]}, {""kind"": ""particle"", ""kana"": ""の""}, {""kind"": ""word"", ""ja"": ""日程"", ""reading"": ""にってい"", ""en"": ""schedule"", ""kanji"": [""日"", ""程""], ""targets"": [14, 126]}, {""kind"": ""particle"", ""kana"": ""を""}, {""kind"": ""word"", ""ja"": ""別"", ""reading"": ""べつ"", ""en"": ""separately"", ""kanji"": [""別""], ""targets"": [130]}, {""kind"": ""particle"", ""kana"": ""に""}, {""kind"": ""word"", ""ja"": ""決めます"", ""reading"": ""きめます"", ""en"": ""decide"", ""kanji"": [""決""], ""targets"": [300], ""lemma"": ""決める""}]"
s297,"[133, 100, 134]",[],"[{""kind"": ""word"", ""ja"": ""両手"", ""reading"": ""りょうて"", ""en"": ""both hands"", ""kanji"": [""両"", ""手""], ""targets"": [133, 100]}, {""kind"": ""particle"", ""kana"": ""で""}, {""kind"": ""word"", ""ja"": ""数えます"", ""reading"": ""かぞえます"", ""en"": ""count"", ""kanji"": [""数""], ""targets"": [134], ""lemma"": ""数える""}]"
s298,"[137, 129, 88, 62]",[],"[{""kind"": ""word"", ""ja"": ""幾つ"", ""reading"": ""いくつ"", ""en"": ""several"", ""kanji"": [""幾""], ""targets"": [137]}, {""kind"": ""particle"", ""kana"": ""か""}, {""kind"": ""word"", ""ja"": ""他"", ""reading"": ""ほか"", ""en"": ""other"", ""kanji"": [""他""], ""targets"": [129]}, {""kind"": ""particle"", ""kana"": ""の""}, {""kind"": ""word"", ""ja"": ""物"", ""reading"": ""もの"", ""en"": ""thing"", ""kanji"": [""物""], ""targets"": [88]}, {""kind"": ""particle"", ""kana"": ""を""}, {""kind"": ""word"", ""ja"": ""買います"", ""reading"": ""かいます"", ""en"": ""buy"", ""kanji"": [""買""], ""targets"": [62], ""lemma"": ""買う""}]"
s299,"[31, 28, 14, 7, 22, 25, 96, 97, 54]",[],"[{""kind"": ""word"", ""ja"": ""私"", ""reading"": ""わたし"", ""en"": ""I"", ""kanji"": [""私""], ""targets"": [31]}, {""kind"": ""particle"", ""kana"": ""は""}, {""kind"": ""word"", ""ja"": ""毎日"", ""reading"": ""まいにち"", ""en"": ""every day"", ""kanji"": [""毎"", ""日""], ""targets"": [28, 14]}, {""kind"": ""word"", ""ja"": ""七時"", ""reading"": ""しちじ"", ""en"": ""7 o'clock"", ""kanji"": [""七"", ""時""], ""targets"": [7, 22]}, {""kind"": ""word"", ""ja"": ""半"", ""reading"": ""はん"", ""en"": ""half past"", ""kanji"": [""半""], ""targets"": [25]}, {""kind"": ""particle"", ""kana"": ""に""}, {""kind"": ""word"", ""ja"": ""学校"", ""reading"": ""がっこう"", ""en"": ""school"", ""kanji"": [""学"", ""校""], ""targets"": [96, 97]}, {""kind"": ""particle"", ""kana"": ""へ""}, {""kind"": ""word"", ""ja"": ""行きます"", ""reading"": ""いきます"", ""en"": ""go"", ""kanji"": [""行""], ""targets"": [54], ""lemma"": ""行く""}]"
s300,"[38, 28, 27, 20, 29, 14, 114, 117, 81, 62]",[],"[{""kind"": ""word"", ""ja"": ""母"", ""reading"": ""はは"", ""en"": ""mother"", ""kanji"": [""母""], ""targets"": [38]}, {""kind"": ""particle"", ""kana"": ""は""}, {""kind"": ""word"", ""ja"": ""毎週"", ""reading"": ""まいしゅう"", ""en"": ""every week"", ""kanji"": [""毎"", ""週""], ""targets"": [28, 27]}, {""kind"": ""word"", ""ja"": ""土曜日"", ""reading"": ""どようび"", ""en"": ""Saturday"", ""kanji"": [""土"", ""曜"", ""日""], ""targets"": [20, 29, 14]}, {""kind"": ""particle"", ""kana"": ""に""}, {""kind"": ""word"", ""ja"": ""市場"", ""reading"": ""いちば"", ""en"": ""market"", ""kanji"": [""市"", ""場""], ""targets"": [114, 117]}, {""kind"": ""particle"", ""kana"": ""で""}, {""kind"": ""word"", ""ja"": ""魚"", ""reading"": ""さかな"", ""en"": ""fish"", ""kanji"": [""魚""], ""targets"": [81]}, {""kind"": ""particle"", ""kana"": ""を""}, {""kind"": ""word"", ""ja"": ""買います"", ""reading"": ""かいます"", ""en"": ""buy"", ""kanji"": [""買""], ""targets"": [62], ""lemma"": ""買う""}]"
s302,"[24, 27, 14, 29, 36, 115, 116, 54]",[],"[{""kind"": ""word"", ""ja"": ""今週"", ""reading"": ""こんしゅう"", ""en"": ""this week"", ""kanji"": [""今"", ""週""], ""targets"": [24, 27]}, {""kind"": ""particle"", ""kana"": ""の""}, {""kind"": ""word"", ""ja"": ""日曜日"", ""reading"": ""にちようび"", ""en"": ""Sunday"", ""kanji"": [""日"", ""曜"", ""日""], ""targets"": [14, 29, 14]}, {""kind"": ""particle"", ""kana"": ""に""}, {""kind"": ""word"", ""ja"": ""友だち"", ""reading"": ""ともだち"", ""en"": ""friend"", ""kanji"": [""友""], ""targets"": [36]}, {""kind"": ""particle"", ""kana"": ""と""}, {""kind"": ""word"", ""ja"": ""公園"", ""reading"": ""こうえん"", ""en"": ""park"", ""kanji"": [""公"", ""園""], ""targets"": [115, 116]}, {""kind"": ""particle"", ""kana"": ""へ""}, {""kind"": ""word"", ""ja"": ""行きます"", ""reading"": ""いきます"", ""en"": ""go"", ""kanji"": [""行""], ""targets"": [54], ""lemma"": ""行く""}]"
s303,"[95, 94, 9, 22, 2, 10, 23, 47, 60]",[],"[{""kind"": ""word"", ""ja"": ""電車"", ""reading"": ""でんしゃ"", ""en"": ""train"", ""kanji"": [""電"", ""車""], ""targets"": [95, 94]}, {""kind"": ""particle"", ""kana"": ""は""}, {""kind"": ""word"", ""ja"": ""九時"", ""reading"": ""くじ"", ""en"": ""9 o'clock"", ""kanji"": [""九"", ""時""], ""targets"": [9, 22]}, {""kind"": ""word"", ""ja"": ""二十"", ""reading"": ""にじゅっ"", ""en"": ""20"", ""kanji"": [""二"", ""十""], ""targets"": [2, 10]}, {""kind"": ""word"", ""ja"": ""分"", ""reading"": ""ぷん"", ""en"": ""minutes"", ""kanji"": [""分""], ""targets"": [23]}, {""kind"": ""particle"", ""kana"": ""に""}, {""kind"": ""word"", ""ja"": ""駅"", ""reading"": ""えき"", ""en"": ""station"", ""kanji"": [""駅""], ""targets"": [47]}, {""kind"": ""particle"", ""kana"": ""を""}, {""kind"": ""word"", ""ja"": ""出ます"", ""reading"": ""でます"", ""en"": ""depart"", ""kanji"": [""出""], ""targets"": [60], ""lemma"": ""出る""}]"
s304,"[275, 14, 36, 2, 22, 26, 66]",[],"[{""kind"": ""word"", ""ja"": ""昨日"", ""reading"": ""きのう"", ""en"": ""yesterday"", ""kanji"": [""昨"", ""日""], ""targets"": [275, 14]}, {""kind"": ""word"", ""ja"": ""友だち"", ""reading"": ""ともだち"", ""en"": ""friend"", ""kanji"": [""友""], ""targets"": [36]}, {""kind"": ""particle"", ""kana"": ""と""}, {""kind"": ""word"", ""ja"": ""二"", ""reading"": ""に"", ""en"": ""two"", ""kanji"": [""二""], ""targets"": [2]}, {""kind"": ""word"", ""ja"": ""時間"", ""reading"": ""じかん"", ""en"": ""hours"", ""kanji"": [""時"", ""間""], ""targets"": [22, 26]}, {""kind"": ""word"", ""ja"": ""話しました"", ""reading"": ""はなしました"", ""en"": ""talked"", ""kanji"": [""話""], ""targets"": [66], ""lemma"": ""話す""}]"
s305,"[24, 73, 22]",[],"[{""kind"": ""word"", ""ja"": ""今"", ""reading"": ""いま"", ""en"": ""now"", ""kanji"": [""今""], ""targets"": [24]}, {""kind"": ""word"", ""ja"": ""何時"", ""reading"": ""なんじ"", ""en"": ""what time"", ""kanji"": [""何"", ""時""], ""targets"": [73, 22]}, {""kind"": ""particle"", ""kana"": ""ですか""}]"
s306,"[25, 21, 144, 14, 71, 55]",[],"[{""kind"": ""word"", ""ja"": ""半年"", ""reading"": ""はんとし"", ""en"": ""half a year"", ""kanji"": [""半"", ""年""], ""targets"": [25, 21]}, {""kind"": ""word"", ""ja"": ""前"", ""reading"": ""まえ"", ""en"": ""ago"", ""kanji"": [""前""], ""targets"": [144]}, {""kind"": ""particle"", ""kana"": ""に""}, {""kind"": ""word"", ""ja"": ""日本"", ""reading"": ""にほん"", ""en"": ""Japan"", ""kanji"": [""日"", ""本""], ""targets"": [14, 71]}, {""kind"": ""particle"", ""kana"": ""へ""}, {""kind"": ""word"", ""ja"": ""来ました"", ""reading"": ""きました"", ""en"": ""came"", ""kanji"": [""来""], ""targets"": [55], ""lemma"": ""来る""}]"
s307,"[1, 14, 2, 10, 4, 22, 26]",[],"[{""kind"": ""word"", ""ja"": ""一日"", ""reading"": ""いちにち"", ""en"": ""one day"", ""kanji"": [""一"", ""日""], ""targets"": [1, 14]}, {""kind"": ""particle"", ""kana"": ""は""}, {""kind"": ""word"", ""ja"": ""二十四"", ""reading"": ""にじゅうよ"", ""en"": ""24"", ""kanji"": [""二"", ""十"", ""四""], ""targets"": [2, 10, 4]}, {""kind"": ""word"", ""ja"": ""時間"", ""reading"": ""じかん"", ""en"": ""hours"", ""kanji"": [""時"", ""間""], ""targets"": [22, 26]}, {""kind"": ""particle"", ""kana"": ""です""}]"
s308,"[1, 21, 10, 2, 15]",[],"[{""kind"": ""word"", ""ja"": ""一年"", ""reading"": ""いちねん"", ""en"": ""one year"", ""kanji"": [""一"", ""年""], ""targets"": [1, 21]}, {""kind"": ""particle"", ""kana"": ""は""}, {""kind"": ""word"", ""ja"": ""十二"", ""reading"": ""じゅうに"", ""en"": ""12"", ""kanji"": [""十"", ""二""], ""targets"": [10, 2]}, {""kind"": ""word"", ""ja"": ""か月"", ""reading"": ""かげつ"", ""en"": ""months"", ""kanji"": [""月""], ""targets"": [15]}, {""kind"": ""particle"", ""kana"": ""です""}]"
s310,"[32, 34, 33, 131, 96, 97, 98]",[],"[{""kind"": ""word"", ""ja"": ""あの"", ""reading"": ""あの"", ""en"": ""that"", ""kanji"": [], ""targets"": []}, {""kind"": ""word"", ""ja"": ""男の子"", ""reading"": ""おとこのこ"", ""en"": ""boy"", ""kanji"": [""男"", ""子""], ""targets"": [32, 34]}, {""kind"": ""particle"", ""kana"": ""と""}, {""kind"": ""word"", ""ja"": ""女の子"", ""reading"": ""おんなのこ"", ""en"": ""girl"", ""kanji"": [""女"", ""子""], ""targets"": [33, 34]}, {""kind"": ""particle"", ""kana"": ""は""}, {""kind"": ""word"", ""ja"": ""同じ"", ""reading"": ""おなじ"", ""en"": ""same"", ""kanji"": [""同""], ""targets"": [131]}, {""kind"": ""word"", ""ja"": ""学校"", ""reading"": ""がっこう"", ""en"": ""school"", ""kanji"": [""学"", ""校""], ""targets"": [96, 97]}, {""kind"": ""particle"", ""kana"": ""の""}, {""kind"": ""word"", ""ja"": ""学生"", ""reading"": ""がくせい"", ""en"": ""student"", ""kanji"": [""学"", ""生""], ""targets"": [96, 98]}, {""kind"": ""particle"", ""kana"": ""です""}]"
s311,"[128, 38, 78, 254, 219, 174]",[],"[{""kind"": ""word"", ""ja"": ""皆"", ""reading"": ""みんな"", ""en"": ""everyone"", ""kanji"": [""皆""], ""targets"": [128]}, {""kind"": ""particle"", ""kana"": ""で""}, {""kind"": ""word"", ""ja"": ""母"", ""reading"": ""はは"", ""en"": ""mother"", ""kanji"": [""母""], ""targets"": [38]}, {""kind"": ""particle"", ""kana"": ""の""}, {""kind"": ""word"", ""ja"": ""好きな"", ""reading"": ""すきな"", ""en"": ""favorite"", ""kanji"": [""好""], ""targets"": [78], ""lemma"": ""好き""}, {""kind"": ""word"", ""ja"": ""料理"", ""reading"": ""りょうり"", ""en"": ""dish"", ""kanji"": [""料"", ""理""], ""targets"": [254, 219]}, {""kind"": ""particle"", ""kana"": ""を""}, {""kind"": ""word"", ""ja"": ""作りました"", ""reading"": ""つくりました"", ""en"": ""made"", ""kanji"": [""作""], ""targets"": [174], ""lemma"": ""作る""}]"
s312,"[31, 51, 274, 127, 252, 6, 30]",[],"[{""kind"": ""word"", ""ja"": ""私"", ""reading"": ""わたし"", ""en"": ""I"", ""kanji"": [""私""], ""targets"": [31]}, {""kind"": ""particle"", ""kana"": ""の""}, {""kind"": ""word"", ""ja"": ""家族"", ""reading"": ""かぞく"", ""en"": ""family"", ""kanji"": [""家"", ""族""], ""targets"": [51, 274]}, {""kind"": ""particle"", ""kana"": ""は""}, {""kind"": ""word"", ""ja"": ""全部"", ""reading"": ""ぜんぶ"", ""en"": ""all"", ""kanji"": [""全"", ""部""], ""targets"": [127, 252]}, {""kind"": ""particle"", ""kana"": ""で""}, {""kind"": ""word"", ""ja"": ""六人"", ""reading"": ""ろくにん"", ""en"": ""six people"", ""kanji"": [""六"", ""人""], ""targets"": [6, 30]}, {""kind"": ""particle"", ""kana"": ""です""}]"
s313,"[99, 94, 69]",[],"[{""kind"": ""word"", ""ja"": ""その"", ""reading"": ""その"", ""en"": ""that"", ""kanji"": [], ""targets"": []}, {""kind"": ""word"", ""ja"": ""白い"", ""reading"": ""しろい"", ""en"": ""white"", ""kanji"": [""白""], ""targets"": [99]}, {""kind"": ""word"", ""ja"": ""車"", ""reading"": ""くるま"", ""en"": ""car"", ""kanji"": [""車""], ""targets"": [94]}, {""kind"": ""particle"", ""kana"": ""は""}, {""kind"": ""word"", ""ja"": ""高い"", ""reading"": ""たかい"", ""en"": ""expensive"", ""kanji"": [""高""], ""targets"": [69]}, {""kind"": ""particle"", ""kana"": ""です""}]"
s314,"[74, 50, 85, 86, 84, 62]",[],"[{""kind"": ""word"", ""ja"": ""安い"", ""reading"": ""やすい"", ""en"": ""cheap"", ""kanji"": [""安""], ""targets"": [74]}, {""kind"": ""word"", ""ja"": ""店"", ""reading"": ""みせ"", ""en"": ""shop"", ""kanji"": [""店""], ""targets"": [50]}, {""kind"": ""particle"", ""kana"": ""で""}, {""kind"": ""word"", ""ja"": ""野菜"", ""reading"": ""やさい"", ""en"": ""vegetables"", ""kanji"": [""野"", ""菜""], ""targets"": [85, 86]}, {""kind"": ""particle"", ""kana"": ""と""}, {""kind"": ""word"", ""ja"": ""卵"", ""reading"": ""たまご"", ""en"": ""eggs"", ""kanji"": [""卵""], ""targets"": [84]}, {""kind"": ""particle"", ""kana"": ""を""}, {""kind"": ""word"", ""ja"": ""買いました"", ""reading"": ""かいました"", ""en"": ""bought"", ""kanji"": [""買""], ""targets"": [62], ""lemma"": ""買う""}]"
s315,"[50, 261, 93, 92, 74]",[],"[{""kind"": ""word"", ""ja"": ""この"", ""reading"": ""この"", ""en"": ""this"", ""kanji"": [], ""targets"": []}, {""kind"": ""word"", ""ja"": ""店"", ""reading"": ""みせ"", ""en"": ""shop"", ""kanji"": [""店""], ""targets"": [50]}, {""kind"": ""particle"", ""kana"": ""の""}, {""kind"": ""word"", ""ja"": ""砂糖"", ""reading"": ""さとう"", ""en"": ""sugar"", ""kanji"": [""砂"", ""糖""], ""targets"": [261, 93]}, {""kind"": ""particle"", ""kana"": ""と""}, {""kind"": ""word"", ""ja"": ""塩"", ""reading"": ""しお"", ""en"": ""salt"", ""kanji"": [""塩""], ""targets"": [92]}, {""kind"": ""particle"", ""kana"": ""は""}, {""kind"": ""word"", ""ja"": ""安い"", ""reading"": ""やすい"", ""en"": ""cheap"", ""kanji"": [""安""], ""targets"": [74]}, {""kind"": ""particle"", ""kana"": ""です""}]"
s316,"[8, 11, 121, 87, 88, 137, 62]",[],"[{""kind"": ""word"", ""ja"": ""八百屋"", ""reading"": ""やおや"", ""en"": ""greengrocer"", ""kanji"": [""八"", ""百"", ""屋""], ""targets"": [8, 11, 121]}, {""kind"": ""particle"", ""kana"": ""で""}, {""kind"": ""word"", ""ja"": ""果物"", ""reading"": ""くだもの"", ""en"": ""fruit"", ""kanji"": [""果"", ""物""], ""targets"": [87, 88]}, {""kind"": ""particle"", ""kana"": ""を""}, {""kind"": ""word"", ""ja"": ""幾つか"", ""reading"": ""いくつか"", ""en"": ""a few"", ""kanji"": [""幾""], ""targets"": [137], ""lemma"": ""幾つ""}, {""kind"": ""word"", ""ja"": ""買いました"", ""reading"": ""かいました"", ""en"": ""bought"", ""kanji"": [""買""], ""targets"": [62], ""lemma"": ""買う""}]"
s317,"[80, 121, 81, 131, 49]",[],"[{""kind"": ""word"", ""ja"": ""肉屋"", ""reading"": ""にくや"", ""en"": ""butcher shop"", ""kanji"": [""肉"", ""屋""], ""targets"": [80, 121]}, {""kind"": ""particle"", ""kana"": ""は""}, {""kind"": ""word"", ""ja"": ""魚屋"", ""reading"": ""さかなや"", ""en"": ""fish shop"", ""kanji"": [""魚"", ""屋""], ""targets"": [81, 121]}, {""kind"": ""particle"", ""kana"": ""と""}, {""kind"": ""word"", ""ja"": ""同じ"", ""reading"": ""おなじ"", ""en"": ""same"", ""kanji"": [""同""], ""targets"": [131]}, {""kind"": ""word"", ""ja"": ""道"", ""reading"": ""みち"", ""en"": ""street"", ""kanji"": [""道""], ""targets"": [49]}, {""kind"": ""particle"", ""kana"": ""に""}, {""kind"": ""word"", ""ja"": ""あります"", ""reading"": ""あります"", ""en"": ""is located"", ""kanji"": [], ""targets"": []}]"
s318,"[70, 71, 121, 47, 41, 60, 55]",[],"[{""kind"": ""word"", ""ja"": ""新しい"", ""reading"": ""あたらしい"", ""en"": ""new"", ""kanji"": [""新""], ""targets"": [70]}, {""kind"": ""word"", ""ja"": ""本屋"", ""reading"": ""ほんや"", ""en"": ""bookstore"", ""kanji"": [""本"", ""屋""], ""targets"": [71, 121]}, {""kind"": ""particle"", ""kana"": ""が""}, {""kind"": ""word"", ""ja"": ""駅"", ""reading"": ""えき"", ""en"": ""station"", ""kanji"": [""駅""], ""targets"": [47]}, {""kind"": ""particle"", ""kana"": ""の""}, {""kind"": ""word"", ""ja"": ""中"", ""reading"": ""なか"", ""en"": ""inside"", ""kanji"": [""中""], ""targets"": [41]}, {""kind"": ""particle"", ""kana"": ""に""}, {""kind"": ""word"", ""ja"": ""出来ました"", ""reading"": ""できました"", ""en"": ""opened"", ""kanji"": [""出"", ""来""], ""targets"": [60, 55], ""lemma"": ""出来る""}]"
s319,"[1, 13, 72, 73, 62]",[],"[{""kind"": ""word"", ""ja"": ""一万"", ""reading"": ""いちまん"", ""en"": ""10,000"", ""kanji"": [""一"", ""万""], ""targets"": [1, 13]}, {""kind"": ""word"", ""ja"": ""円"", ""reading"": ""えん"", ""en"": ""yen"", ""kanji"": [""円""], ""targets"": [72]}, {""kind"": ""particle"", ""kana"": ""で""}, {""kind"": ""word"", ""ja"": ""何"", ""reading"": ""なに"", ""en"": ""what"", ""kanji"": [""何""], ""targets"": [73]}, {""kind"": ""particle"", ""kana"": ""が""}, {""kind"": ""word"", ""ja"": ""買えます"", ""reading"": ""かえます"", ""en"": ""can buy"", ""kanji"": [""買""], ""targets"": [62], ""lemma"": ""買う""}, {""kind"": ""particle"", ""kana"": ""か""}]"
s320,"[82, 11, 12, 2, 72]",[292],"[{""kind"": ""word"", ""ja"": ""この"", ""reading"": ""この"", ""en"": ""this"", ""kanji"": [], ""targets"": []}, {""kind"": ""word"", ""ja"": ""お茶"", ""reading"": ""おちゃ"", ""en"": ""tea"", ""kanji"": [""茶""], ""targets"": [82]}, {""kind"": ""particle"", ""kana"": ""は""}, {""kind"": ""word"", ""ja"": ""百"", ""reading"": ""ひゃく"", ""en"": ""100"", ""kanji"": [""百""], ""targets"": [11]}, {""kind"": ""word"", ""ja"": ""グラム"", ""reading"": ""グラム"", ""en"": ""grams"", ""kanji"": [], ""targets"": [], ""kana_targets"": [292]}, {""kind"": ""word"", ""ja"": ""千二百"", ""reading"": ""せんにひゃく"", ""en"": ""1,200"", ""kanji"": [""千"", ""二"", ""百""], ""targets"": [12, 2, 11]}, {""kind"": ""word"", ""ja"": ""円"", ""reading"": ""えん"", ""en"": ""yen"", ""kanji"": [""円""], ""targets"": [72]}, {""kind"": ""particle"", ""kana"": ""です""}]"
s321,"[120, 54, 19, 60, 62, 88]",[],"[{""kind"": ""word"", ""ja"": ""銀行"", ""reading"": ""ぎんこう"", ""en"": ""bank"", ""kanji"": [""銀"", ""行""], ""targets"": [120, 54]}, {""kind"": ""particle"", ""kana"": ""で""}, {""kind"": ""word"", ""ja"": ""お金"", ""reading"": ""おかね"", ""en"": ""money"", ""kanji"": [""金""], ""targets"": [19]}, {""kind"": ""particle"", ""kana"": ""を""}, {""kind"": ""word"", ""ja"": ""出して"", ""reading"": ""だして"", ""en"": ""withdraw"", ""kanji"": [""出""], ""targets"": [60], ""lemma"": ""出す""}, {""kind"": ""particle"", ""kana"": ""から""}, {""kind"": ""word"", ""ja"": ""買い物"", ""reading"": ""かいもの"", ""en"": ""shopping"", ""kanji"": [""買"", ""物""], ""targets"": [62, 88]}, {""kind"": ""particle"", ""kana"": ""に""}, {""kind"": ""word"", ""ja"": ""行きました"", ""reading"": ""いきました"", ""en"": ""went"", ""kanji"": [""行""], ""targets"": [54], ""lemma"": ""行く""}]"
s322,"[28, 14, 85, 86, 87, 88, 57]",[],"[{""kind"": ""word"", ""ja"": ""毎日"", ""reading"": ""まいにち"", ""en"": ""every day"", ""kanji"": [""毎"", ""日""], ""targets"": [28, 14]}, {""kind"": ""word"", ""ja"": ""野菜"", ""reading"": ""やさい"", ""en"": ""vegetables"", ""kanji"": [""野"", ""菜""], ""targets"": [85, 86]}, {""kind"": ""particle"", ""kana"": ""と""}, {""kind"": ""word"", ""ja"": ""果物"", ""reading"": ""くだもの"", ""en"": ""fruit"", ""kanji"": [""果"", ""物""], ""targets"": [87, 88]}, {""kind"": ""particle"", ""kana"": ""を""}, {""kind"": ""word"", ""ja"": ""食べています"", ""reading"": ""たべています"", ""en"": ""eat"", ""kanji"": [""食""], ""targets"": [57], ""lemma"": ""食べる""}]"
s323,"[102, 80, 105, 101, 104]",[],"[{""kind"": ""word"", ""ja"": ""この"", ""reading"": ""この"", ""en"": ""this"", ""kanji"": [], ""targets"": []}, {""kind"": ""word"", ""ja"": ""牛肉"", ""reading"": ""ぎゅうにく"", ""en"": ""beef"", ""kanji"": [""牛"", ""肉""], ""targets"": [102, 80]}, {""kind"": ""particle"", ""kana"": ""は""}, {""kind"": ""word"", ""ja"": ""甘くて"", ""reading"": ""あまくて"", ""en"": ""sweet and"", ""kanji"": [""甘""], ""targets"": [105], ""lemma"": ""甘い""}, {""kind"": ""word"", ""ja"": ""美味しい"", ""reading"": ""おいしい"", ""en"": ""delicious"", ""kanji"": [""美"", ""味""], ""targets"": [101, 104]}, {""kind"": ""particle"", ""kana"": ""です""}]"
s324,"[106, 81, 99, 89, 78]",[],"[{""kind"": ""word"", ""ja"": ""焼き魚"", ""reading"": ""やきざかな"", ""en"": ""grilled fish"", ""kanji"": [""焼"", ""魚""], ""targets"": [106, 81]}, {""kind"": ""particle"", ""kana"": ""と""}, {""kind"": ""word"", ""ja"": ""白い"", ""reading"": ""しろい"", ""en"": ""white"", ""kanji"": [""白""], ""targets"": [99]}, {""kind"": ""word"", ""ja"": ""ご飯"", ""reading"": ""ごはん"", ""en"": ""rice"", ""kanji"": [""飯""], ""targets"": [89]}, {""kind"": ""particle"", ""kana"": ""が""}, {""kind"": ""word"", ""ja"": ""好き"", ""reading"": ""すき"", ""en"": ""like"", ""kanji"": [""好""], ""targets"": [78]}, {""kind"": ""particle"", ""kana"": ""です""}]"
s325,"[38, 91, 92, 85, 86, 106]",[],"[{""kind"": ""word"", ""ja"": ""母"", ""reading"": ""はは"", ""en"": ""mother"", ""kanji"": [""母""], ""targets"": [38]}, {""kind"": ""particle"", ""kana"": ""は""}, {""kind"": ""word"", ""ja"": ""油"", ""reading"": ""あぶら"", ""en"": ""oil"", ""kanji"": [""油""], ""targets"": [91]}, {""kind"": ""particle"", ""kana"": ""と""}, {""kind"": ""word"", ""ja"": ""塩"", ""reading"": ""しお"", ""en"": ""salt"", ""kanji"": [""塩""], ""targets"": [92]}, {""kind"": ""particle"", ""kana"": ""で""}, {""kind"": ""word"", ""ja"": ""野菜"", ""reading"": ""やさい"", ""en"": ""vegetables"", ""kanji"": [""野"", ""菜""], ""targets"": [85, 86]}, {""kind"": ""particle"", ""kana"": ""を""}, {""kind"": ""word"", ""ja"": ""焼きました"", ""reading"": ""やきました"", ""en"": ""grilled"", ""kanji"": [""焼""], ""targets"": [106], ""lemma"": ""焼く""}]"
s326,"[105, 88, 76, 57]",[],"[{""kind"": ""word"", ""ja"": ""甘い"", ""reading"": ""あまい"", ""en"": ""sweet"", ""kanji"": [""甘""], ""targets"": [105]}, {""kind"": ""word"", ""ja"": ""物"", ""reading"": ""もの"", ""en"": ""thing"", ""kanji"": [""物""], ""targets"": [88]}, {""kind"": ""particle"", ""kana"": ""を""}, {""kind"": ""word"", ""ja"": ""少し"", ""reading"": ""すこし"", ""en"": ""a little"", ""kanji"": [""少""], ""targets"": [76]}, {""kind"": ""word"", ""ja"": ""食べたい"", ""reading"": ""たべたい"", ""en"": ""want to eat"", ""kanji"": [""食""], ""targets"": [57], ""lemma"": ""食べる""}, {""kind"": ""particle"", ""kana"": ""です""}]"
s327,"[90, 79, 60, 55]",[],"[{""kind"": ""word"", ""ja"": ""この"", ""reading"": ""この"", ""en"": ""this"", ""kanji"": [], ""targets"": []}, {""kind"": ""word"", ""ja"": ""麺"", ""reading"": ""めん"", ""en"": ""noodles"", ""kanji"": [""麺""], ""targets"": [90]}, {""kind"": ""particle"", ""kana"": ""は""}, {""kind"": ""word"", ""ja"": ""米"", ""reading"": ""こめ"", ""en"": ""rice"", ""kanji"": [""米""], ""targets"": [79]}, {""kind"": ""particle"", ""kana"": ""から""}, {""kind"": ""word"", ""ja"": ""出来ています"", ""reading"": ""できています"", ""en"": ""is made"", ""kanji"": [""出"", ""来""], ""targets"": [60, 55], ""lemma"": ""出来る""}]"
s329,"[83, 58, 75]",[],"[{""kind"": ""word"", ""ja"": ""お酒"", ""reading"": ""おさけ"", ""en"": ""alcohol"", ""kanji"": [""酒""], ""targets"": [83]}, {""kind"": ""particle"", ""kana"": ""は""}, {""kind"": ""word"", ""ja"": ""飲みます"", ""reading"": ""のみます"", ""en"": ""drink"", ""kanji"": [""飲""], ""targets"": [58], ""lemma"": ""飲む""}, {""kind"": ""particle"", ""kana"": ""が""}, {""kind"": ""word"", ""ja"": ""多く"", ""reading"": ""おおく"", ""en"": ""a lot"", ""kanji"": [""多""], ""targets"": [75], ""lemma"": ""多い""}, {""kind"": ""particle"", ""kana"": ""は""}, {""kind"": ""word"", ""ja"": ""飲みません"", ""reading"": ""のみません"", ""en"": ""do not drink"", ""kanji"": [""飲""], ""targets"": [58], ""lemma"": ""飲む""}]"
s330,"[84, 102, 257, 2, 71, 62]",[],"[{""kind"": ""word"", ""ja"": ""卵"", ""reading"": ""たまご"", ""en"": ""eggs"", ""kanji"": [""卵""], ""targets"": [84]}, {""kind"": ""particle"", ""kana"": ""と""}, {""kind"": ""word"", ""ja"": ""牛乳"", ""reading"": ""ぎゅうにゅう"", ""en"": ""milk"", ""kanji"": [""牛"", ""乳""], ""targets"": [102, 257]}, {""kind"": ""particle"", ""kana"": ""を""}, {""kind"": ""word"", ""ja"": ""二"", ""reading"": ""に"", ""en"": ""two"", ""kanji"": [""二""], ""targets"": [2]}, {""kind"": ""word"", ""ja"": ""本"", ""reading"": ""ほん"", ""en"": ""(counter: long thin objects)"", ""kanji"": [""本""], ""targets"": [71]}, {""kind"": ""word"", ""ja"": ""買って"", ""reading"": ""かって"", ""en"": ""buy"", ""kanji"": [""買""], ""targets"": [62], ""lemma"": ""買う""}, {""kind"": ""word"", ""ja"": ""ください"", ""reading"": ""ください"", ""en"": ""please"", ""kanji"": [], ""targets"": []}]"
s331,"[50, 106, 103, 1, 71, 11, 2, 10, 72]",[],"[{""kind"": ""word"", ""ja"": ""この"", ""reading"": ""この"", ""en"": ""this"", ""kanji"": [], ""targets"": []}, {""kind"": ""word"", ""ja"": ""店"", ""reading"": ""みせ"", ""en"": ""shop"", ""kanji"": [""店""], ""targets"": [50]}, {""kind"": ""particle"", ""kana"": ""の""}, {""kind"": ""word"", ""ja"": ""焼き鳥"", ""reading"": ""やきとり"", ""en"": ""yakitori"", ""kanji"": [""焼"", ""鳥""], ""targets"": [106, 103]}, {""kind"": ""particle"", ""kana"": ""は""}, {""kind"": ""word"", ""ja"": ""一本"", ""reading"": ""いっぽん"", ""en"": ""one skewer"", ""kanji"": [""一"", ""本""], ""targets"": [1, 71]}, {""kind"": ""word"", ""ja"": ""百二十"", ""reading"": ""ひゃくにじゅう"", ""en"": ""120"", ""kanji"": [""百"", ""二"", ""十""], ""targets"": [11, 2, 10]}, {""kind"": ""word"", ""ja"": ""円"", ""reading"": ""えん"", ""en"": ""yen"", ""kanji"": [""円""], ""targets"": [72]}, {""kind"": ""particle"", ""kana"": ""です""}]"
s332,"[128, 89, 22, 26]",[],"[{""kind"": ""word"", ""ja"": ""皆さん"", ""reading"": ""みなさん"", ""en"": ""everyone"", ""kanji"": [""皆""], ""targets"": [128]}, {""kind"": ""word"", ""ja"": ""ご飯"", ""reading"": ""ごはん"", ""en"": ""meal"", ""kanji"": [""飯""], ""targets"": [89]}, {""kind"": ""particle"", ""kana"": ""の""}, {""kind"": ""word"", ""ja"": ""時間"", ""reading"": ""じかん"", ""en"": ""time"", ""kanji"": [""時"", ""間""], ""targets"": [22, 26]}, {""kind"": ""particle"", ""kana"": ""です""}]"
s333,"[104, 92, 261, 93, 76, 61]",[],"[{""kind"": ""word"", ""ja"": ""スープ"", ""reading"": ""スープ"", ""en"": ""soup"", ""kanji"": [], ""targets"": []}, {""kind"": ""particle"", ""kana"": ""の""}, {""kind"": ""word"", ""ja"": ""味"", ""reading"": ""あじ"", ""en"": ""flavor"", ""kanji"": [""味""], ""targets"": [104]}, {""kind"": ""particle"", ""kana"": ""に""}, {""kind"": ""word"", ""ja"": ""塩"", ""reading"": ""しお"", ""en"": ""salt"", ""kanji"": [""塩""], ""targets"": [92]}, {""kind"": ""particle"", ""kana"": ""と""}, {""kind"": ""word"", ""ja"": ""砂糖"", ""reading"": ""さとう"", ""en"": ""sugar"", ""kanji"": [""砂"", ""糖""], ""targets"": [261, 93]}, {""kind"": ""particle"", ""kana"": ""を""}, {""kind"": ""word"", ""ja"": ""少し"", ""reading"": ""すこし"", ""en"": ""a little"", ""kanji"": [""少""], ""targets"": [76]}, {""kind"": ""word"", ""ja"": ""入れます"", ""reading"": ""いれます"", ""en"": ""add"", ""kanji"": [""入""], ""targets"": [61], ""lemma"": ""入れる""}]"
s334,"[47, 118, 119, 10, 5, 23, 126]",[293],"[{""kind"": ""word"", ""ja"": ""駅"", ""reading"": ""えき"", ""en"": ""station"", ""kanji"": [""駅""], ""targets"": [47]}, {""kind"": ""particle"", ""kana"": ""から""}, {""kind"": ""word"", ""ja"": ""病院"", ""reading"": ""びょういん"", ""en"": ""hospital"", ""kanji"": [""病"", ""院""], ""targets"": [118, 119]}, {""kind"": ""particle"", ""kana"": ""まで""}, {""kind"": ""word"", ""ja"": ""十五"", ""reading"": ""じゅうご"", ""en"": ""15"", ""kanji"": [""十"", ""五""], ""targets"": [10, 5]}, {""kind"": ""word"", ""ja"": ""分"", ""reading"": ""ふん"", ""en"": ""minutes"", ""kanji"": [""分""], ""targets"": [23]}, {""kind"": ""word"", ""ja"": ""程"", ""reading"": ""ほど"", ""en"": ""about"", ""kanji"": [""程""], ""targets"": [126]}, {""kind"": ""word"", ""ja"": ""かかります"", ""reading"": ""かかります"", ""en"": ""takes"", ""kanji"": [], ""targets"": [], ""lemma"": ""かかる"", ""kana_targets"": [293]}]"
s335,"[110, 54, 111, 109, 22, 26]",[293],"[{""kind"": ""word"", ""ja"": ""飛行機"", ""reading"": ""ひこうき"", ""en"": ""airplane"", ""kanji"": [""飛"", ""行"", ""機""], ""targets"": [110, 54, 111]}, {""kind"": ""particle"", ""kana"": ""は""}, {""kind"": ""word"", ""ja"": ""船"", ""reading"": ""ふね"", ""en"": ""ship"", ""kanji"": [""船""], ""targets"": [109]}, {""kind"": ""particle"", ""kana"": ""より""}, {""kind"": ""word"", ""ja"": ""時間"", ""reading"": ""じかん"", ""en"": ""time"", ""kanji"": [""時"", ""間""], ""targets"": [22, 26]}, {""kind"": ""particle"", ""kana"": ""が""}, {""kind"": ""word"", ""ja"": ""かかりません"", ""reading"": ""かかりません"", ""en"": ""does not take"", ""kanji"": [], ""targets"": [], ""lemma"": ""かかる"", ""kana_targets"": [293]}]"
s336,"[112, 40, 42, 109, 192]",[],"[{""kind"": ""word"", ""ja"": ""この"", ""reading"": ""この"", ""en"": ""this"", ""kanji"": [], ""targets"": []}, {""kind"": ""word"", ""ja"": ""橋"", ""reading"": ""はし"", ""en"": ""bridge"", ""kanji"": [""橋""], ""targets"": [112]}, {""kind"": ""particle"", ""kana"": ""の""}, {""kind"": ""word"", ""ja"": ""下"", ""reading"": ""した"", ""en"": ""under"", ""kanji"": [""下""], ""targets"": [40]}, {""kind"": ""particle"", ""kana"": ""を""}, {""kind"": ""word"", ""ja"": ""大きい"", ""reading"": ""おおきい"", ""en"": ""big"", ""kanji"": [""大""], ""targets"": [42]}, {""kind"": ""word"", ""ja"": ""船"", ""reading"": ""ふね"", ""en"": ""ship"", ""kanji"": [""船""], ""targets"": [109]}, {""kind"": ""particle"", ""kana"": ""が""}, {""kind"": ""word"", ""ja"": ""通ります"", ""reading"": ""とおります"", ""en"": ""passes"", ""kanji"": [""通""], ""targets"": [192], ""lemma"": ""通る""}]"
s337,"[226, 40, 108, 47, 49]",[],"[{""kind"": ""word"", ""ja"": ""地下鉄"", ""reading"": ""ちかてつ"", ""en"": ""subway"", ""kanji"": [""地"", ""下"", ""鉄""], ""targets"": [226, 40, 108]}, {""kind"": ""particle"", ""kana"": ""の""}, {""kind"": ""word"", ""ja"": ""駅"", ""reading"": ""えき"", ""en"": ""station"", ""kanji"": [""駅""], ""targets"": [47]}, {""kind"": ""particle"", ""kana"": ""は""}, {""kind"": ""word"", ""ja"": ""この"", ""reading"": ""この"", ""en"": ""this"", ""kanji"": [], ""targets"": []}, {""kind"": ""word"", ""ja"": ""道"", ""reading"": ""みち"", ""en"": ""road"", ""kanji"": [""道""], ""targets"": [49]}, {""kind"": ""particle"", ""kana"": ""の""}, {""kind"": ""word"", ""ja"": ""下"", ""reading"": ""した"", ""en"": ""below"", ""kanji"": [""下""], ""targets"": [40]}, {""kind"": ""particle"", ""kana"": ""に""}, {""kind"": ""word"", ""ja"": ""あります"", ""reading"": ""あります"", ""en"": ""is"", ""kanji"": [], ""targets"": []}]"
s338,"[94, 47, 52, 184]",[],"[{""kind"": ""word"", ""ja"": ""車"", ""reading"": ""くるま"", ""en"": ""car"", ""kanji"": [""車""], ""targets"": [94]}, {""kind"": ""particle"", ""kana"": ""を""}, {""kind"": ""word"", ""ja"": ""駅"", ""reading"": ""えき"", ""en"": ""station"", ""kanji"": [""駅""], ""targets"": [47]}, {""kind"": ""particle"", ""kana"": ""の""}, {""kind"": ""word"", ""ja"": ""外"", ""reading"": ""そと"", ""en"": ""outside"", ""kanji"": [""外""], ""targets"": [52]}, {""kind"": ""particle"", ""kana"": ""に""}, {""kind"": ""word"", ""ja"": ""止めました"", ""reading"": ""とめました"", ""en"": ""parked"", ""kanji"": [""止""], ""targets"": [184], ""lemma"": ""止める""}]"
s339,"[95, 94, 41, 71, 63, 30, 75]",[],"[{""kind"": ""word"", ""ja"": ""電車"", ""reading"": ""でんしゃ"", ""en"": ""train"", ""kanji"": [""電"", ""車""], ""targets"": [95, 94]}, {""kind"": ""particle"", ""kana"": ""の""}, {""kind"": ""word"", ""ja"": ""中"", ""reading"": ""なか"", ""en"": ""inside"", ""kanji"": [""中""], ""targets"": [41]}, {""kind"": ""particle"", ""kana"": ""で""}, {""kind"": ""word"", ""ja"": ""本"", ""reading"": ""ほん"", ""en"": ""book"", ""kanji"": [""本""], ""targets"": [71]}, {""kind"": ""particle"", ""kana"": ""を""}, {""kind"": ""word"", ""ja"": ""読む"", ""reading"": ""よむ"", ""en"": ""read"", ""kanji"": [""読""], ""targets"": [63]}, {""kind"": ""word"", ""ja"": ""人"", ""reading"": ""ひと"", ""en"": ""people"", ""kanji"": [""人""], ""targets"": [30]}, {""kind"": ""particle"", ""kana"": ""が""}, {""kind"": ""word"", ""ja"": ""多い"", ""reading"": ""おおい"", ""en"": ""many"", ""kanji"": [""多""], ""targets"": [75]}, {""kind"": ""particle"", ""kana"": ""です""}]"
s340,"[70, 112, 46, 39, 60, 55]",[],"[{""kind"": ""word"", ""ja"": ""新しい"", ""reading"": ""あたらしい"", ""en"": ""new"", ""kanji"": [""新""], ""targets"": [70]}, {""kind"": ""word"", ""ja"": ""橋"", ""reading"": ""はし"", ""en"": ""bridge"", ""kanji"": [""橋""], ""targets"": [112]}, {""kind"": ""particle"", ""kana"": ""が""}, {""kind"": ""word"", ""ja"": ""川"", ""reading"": ""かわ"", ""en"": ""river"", ""kanji"": [""川""], ""targets"": [46]}, {""kind"": ""particle"", ""kana"": ""の""}, {""kind"": ""word"", ""ja"": ""上"", ""reading"": ""うえ"", ""en"": ""over"", ""kanji"": [""上""], ""targets"": [39]}, {""kind"": ""particle"", ""kana"": ""に""}, {""kind"": ""word"", ""ja"": ""出来ました"", ""reading"": ""できました"", ""en"": ""was built"", ""kanji"": [""出"", ""来""], ""targets"": [60, 55], ""lemma"": ""出来る""}]"
s341,"[48, 42, 96, 2]",[],"[{""kind"": ""word"", ""ja"": ""この"", ""reading"": ""この"", ""en"": ""this"", ""kanji"": [], ""targets"": []}, {""kind"": ""word"", ""ja"": ""町"", ""reading"": ""まち"", ""en"": ""town"", ""kanji"": [""町""], ""targets"": [48]}, {""kind"": ""particle"", ""kana"": ""には""}, {""kind"": ""word"", ""ja"": ""大学"", ""reading"": ""だいがく"", ""en"": ""university"", ""kanji"": [""大"", ""学""], ""targets"": [42, 96]}, {""kind"": ""particle"", ""kana"": ""が""}, {""kind"": ""word"", ""ja"": ""二つ"", ""reading"": ""ふたつ"", ""en"": ""two"", ""kanji"": [""二""], ""targets"": [2]}, {""kind"": ""word"", ""ja"": ""あります"", ""reading"": ""あります"", ""en"": ""there are"", ""kanji"": [], ""targets"": []}]"
s342,"[115, 116, 41, 49, 77]",[],"[{""kind"": ""word"", ""ja"": ""公園"", ""reading"": ""こうえん"", ""en"": ""park"", ""kanji"": [""公"", ""園""], ""targets"": [115, 116]}, {""kind"": ""particle"", ""kana"": ""の""}, {""kind"": ""word"", ""ja"": ""中"", ""reading"": ""なか"", ""en"": ""inside"", ""kanji"": [""中""], ""targets"": [41]}, {""kind"": ""particle"", ""kana"": ""の""}, {""kind"": ""word"", ""ja"": ""道"", ""reading"": ""みち"", ""en"": ""path"", ""kanji"": [""道""], ""targets"": [49]}, {""kind"": ""particle"", ""kana"": ""は""}, {""kind"": ""word"", ""ja"": ""長い"", ""reading"": ""ながい"", ""en"": ""long"", ""kanji"": [""長""], ""targets"": [77]}, {""kind"": ""particle"", ""kana"": ""です""}]"
s343,"[114, 118, 119, 120, 54, 47, 26]",[],"[{""kind"": ""word"", ""ja"": ""市"", ""reading"": ""し"", ""en"": ""city"", ""kanji"": [""市""], ""targets"": [114]}, {""kind"": ""particle"", ""kana"": ""の""}, {""kind"": ""word"", ""ja"": ""病院"", ""reading"": ""びょういん"", ""en"": ""hospital"", ""kanji"": [""病"", ""院""], ""targets"": [118, 119]}, {""kind"": ""particle"", ""kana"": ""は""}, {""kind"": ""word"", ""ja"": ""銀行"", ""reading"": ""ぎんこう"", ""en"": ""bank"", ""kanji"": [""銀"", ""行""], ""targets"": [120, 54]}, {""kind"": ""particle"", ""kana"": ""と""}, {""kind"": ""word"", ""ja"": ""駅"", ""reading"": ""えき"", ""en"": ""station"", ""kanji"": [""駅""], ""targets"": [47]}, {""kind"": ""particle"", ""kana"": ""の""}, {""kind"": ""word"", ""ja"": ""間"", ""reading"": ""あいだ"", ""en"": ""between"", ""kanji"": [""間""], ""targets"": [26]}, {""kind"": ""particle"", ""kana"": ""に""}, {""kind"": ""word"", ""ja"": ""あります"", ""reading"": ""あります"", ""en"": ""is"", ""kanji"": [], ""targets"": []}]"
s344,"[132, 47, 95, 94, 68, 30, 56]",[],"[{""kind"": ""word"", ""ja"": ""各駅"", ""reading"": ""かくえき"", ""en"": ""each station"", ""kanji"": [""各"", ""駅""], ""targets"": [132, 47]}, {""kind"": ""particle"", ""kana"": ""で""}, {""kind"": ""word"", ""ja"": ""電車"", ""reading"": ""でんしゃ"", ""en"": ""train"", ""kanji"": [""電"", ""車""], ""targets"": [95, 94]}, {""kind"": ""particle"", ""kana"": ""を""}, {""kind"": ""word"", ""ja"": ""待つ"", ""reading"": ""まつ"", ""en"": ""wait for"", ""kanji"": [""待""], ""targets"": [68]}, {""kind"": ""word"", ""ja"": ""人"", ""reading"": ""ひと"", ""en"": ""people"", ""kanji"": [""人""], ""targets"": [30]}, {""kind"": ""particle"", ""kana"": ""を""}, {""kind"": ""word"", ""ja"": ""見ました"", ""reading"": ""みました"", ""en"": ""saw"", ""kanji"": [""見""], ""targets"": [56], ""lemma"": ""見る""}]"
s345,"[109, 46, 40]",[],"[{""kind"": ""word"", ""ja"": ""船"", ""reading"": ""ふね"", ""en"": ""boat"", ""kanji"": [""船""], ""targets"": [109]}, {""kind"": ""particle"", ""kana"": ""で""}, {""kind"": ""word"", ""ja"": ""川"", ""reading"": ""かわ"", ""en"": ""river"", ""kanji"": [""川""], ""targets"": [46]}, {""kind"": ""particle"", ""kana"": ""を""}, {""kind"": ""word"", ""ja"": ""下りました"", ""reading"": ""くだりました"", ""en"": ""went down"", ""kanji"": [""下""], ""targets"": [40], ""lemma"": ""下る""}]"
s346,"[54, 2, 12, 72, 126]",[293],"[{""kind"": ""word"", ""ja"": ""タクシー"", ""reading"": ""タクシー"", ""en"": ""taxi"", ""kanji"": [], ""targets"": []}, {""kind"": ""particle"", ""kana"": ""で""}, {""kind"": ""word"", ""ja"": ""行く"", ""reading"": ""いく"", ""en"": ""go"", ""kanji"": [""行""], ""targets"": [54]}, {""kind"": ""particle"", ""kana"": ""と""}, {""kind"": ""word"", ""ja"": ""二千"", ""reading"": ""にせん"", ""en"": ""2,000"", ""kanji"": [""二"", ""千""], ""targets"": [2, 12]}, {""kind"": ""word"", ""ja"": ""円"", ""reading"": ""えん"", ""en"": ""yen"", ""kanji"": [""円""], ""targets"": [72]}, {""kind"": ""word"", ""ja"": ""程"", ""reading"": ""ほど"", ""en"": ""about"", ""kanji"": [""程""], ""targets"": [126]}, {""kind"": ""word"", ""ja"": ""かかります"", ""reading"": ""かかります"", ""en"": ""costs"", ""kanji"": [], ""targets"": [], ""lemma"": ""かかる"", ""kana_targets"": [293]}]"
s347,"[28, 14, 70, 65, 63, 96, 97, 54]",[],"[{""kind"": ""word"", ""ja"": ""毎日"", ""reading"": ""まいにち"", ""en"": ""every day"", ""kanji"": [""毎"", ""日""], ""targets"": [28, 14]}, {""kind"": ""word"", ""ja"": ""新聞"", ""reading"": ""しんぶん"", ""en"": ""newspaper"", ""kanji"": [""新"", ""聞""], ""targets"": [70, 65]}, {""kind"": ""particle"", ""kana"": ""を""}, {""kind"": ""word"", ""ja"": ""読んで"", ""reading"": ""よんで"", ""en"": ""read"", ""kanji"": [""読""], ""targets"": [63], ""lemma"": ""読む""}, {""kind"": ""particle"", ""kana"": ""から""}, {""kind"": ""word"", ""ja"": ""学校"", ""reading"": ""がっこう"", ""en"": ""school"", ""kanji"": [""学"", ""校""], ""targets"": [96, 97]}, {""kind"": ""particle"", ""kana"": ""へ""}, {""kind"": ""word"", ""ja"": ""行きます"", ""reading"": ""いきます"", ""en"": ""go"", ""kanji"": [""行""], ""targets"": [54], ""lemma"": ""行く""}]"
s348,"[23, 59, 265, 146, 98, 65]",[],"[{""kind"": ""word"", ""ja"": ""分からない"", ""reading"": ""わからない"", ""en"": ""not understood"", ""kanji"": [""分""], ""targets"": [23], ""lemma"": ""分かる""}, {""kind"": ""word"", ""ja"": ""言葉"", ""reading"": ""ことば"", ""en"": ""word"", ""kanji"": [""言"", ""葉""], ""targets"": [59, 265]}, {""kind"": ""particle"", ""kana"": ""は""}, {""kind"": ""word"", ""ja"": ""先生"", ""reading"": ""せんせい"", ""en"": ""teacher"", ""kanji"": [""先"", ""生""], ""targets"": [146, 98]}, {""kind"": ""particle"", ""kana"": ""に""}, {""kind"": ""word"", ""ja"": ""聞いて"", ""reading"": ""きいて"", ""en"": ""ask"", ""kanji"": [""聞""], ""targets"": [65], ""lemma"": ""聞く""}, {""kind"": ""word"", ""ja"": ""ください"", ""reading"": ""ください"", ""en"": ""please"", ""kanji"": [], ""targets"": []}]"
s349,"[66, 71, 63, 122]",[],"[{""kind"": ""word"", ""ja"": ""この"", ""reading"": ""この"", ""en"": ""this"", ""kanji"": [], ""targets"": []}, {""kind"": ""word"", ""ja"": ""話"", ""reading"": ""はなし"", ""en"": ""story"", ""kanji"": [""話""], ""targets"": [66]}, {""kind"": ""particle"", ""kana"": ""は""}, {""kind"": ""word"", ""ja"": ""本"", ""reading"": ""ほん"", ""en"": ""book"", ""kanji"": [""本""], ""targets"": [71]}, {""kind"": ""particle"", ""kana"": ""で""}, {""kind"": ""word"", ""ja"": ""読んだ"", ""reading"": ""よんだ"", ""en"": ""read"", ""kanji"": [""読""], ""targets"": [63], ""lemma"": ""読む""}, {""kind"": ""word"", ""ja"": ""事"", ""reading"": ""こと"", ""en"": ""experience"", ""kanji"": [""事""], ""targets"": [122]}, {""kind"": ""particle"", ""kana"": ""が""}, {""kind"": ""word"", ""ja"": ""あります"", ""reading"": ""あります"", ""en"": ""have"", ""kanji"": [], ""targets"": []}]"
s350,"[38, 77, 100, 255, 64]",[],"[{""kind"": ""word"", ""ja"": ""母"", ""reading"": ""はは"", ""en"": ""mother"", ""kanji"": [""母""], ""targets"": [38]}, {""kind"": ""particle"", ""kana"": ""に""}, {""kind"": ""word"", ""ja"": ""長い"", ""reading"": ""ながい"", ""en"": ""long"", ""kanji"": [""長""], ""targets"": [77]}, {""kind"": ""word"", ""ja"": ""手紙"", ""reading"": ""てがみ"", ""en"": ""letter"", ""kanji"": [""手"", ""紙""], ""targets"": [100, 255]}, {""kind"": ""particle"", ""kana"": ""を""}, {""kind"": ""word"", ""ja"": ""書きました"", ""reading"": ""かきました"", ""en"": ""wrote"", ""kanji"": [""書""], ""targets"": [64], ""lemma"": ""書く""}]"
s351,"[136, 71, 64]",[],"[{""kind"": ""word"", ""ja"": ""誰"", ""reading"": ""だれ"", ""en"": ""who"", ""kanji"": [""誰""], ""targets"": [136]}, {""kind"": ""particle"", ""kana"": ""が""}, {""kind"": ""word"", ""ja"": ""この"", ""reading"": ""この"", ""en"": ""this"", ""kanji"": [], ""targets"": []}, {""kind"": ""word"", ""ja"": ""本"", ""reading"": ""ほん"", ""en"": ""book"", ""kanji"": [""本""], ""targets"": [71]}, {""kind"": ""particle"", ""kana"": ""を""}, {""kind"": ""word"", ""ja"": ""書きました"", ""reading"": ""かきました"", ""en"": ""wrote"", ""kanji"": [""書""], ""targets"": [64], ""lemma"": ""書く""}, {""kind"": ""particle"", ""kana"": ""か""}]"
s352,"[52, 44, 66, 65, 78]",[],"[{""kind"": ""word"", ""ja"": ""外国"", ""reading"": ""がいこく"", ""en"": ""foreign country"", ""kanji"": [""外"", ""国""], ""targets"": [52, 44]}, {""kind"": ""particle"", ""kana"": ""の""}, {""kind"": ""word"", ""ja"": ""話"", ""reading"": ""はなし"", ""en"": ""stories"", ""kanji"": [""話""], ""targets"": [66]}, {""kind"": ""particle"", ""kana"": ""を""}, {""kind"": ""word"", ""ja"": ""聞く"", ""reading"": ""きく"", ""en"": ""hear"", ""kanji"": [""聞""], ""targets"": [65]}, {""kind"": ""particle"", ""kana"": ""のが""}, {""kind"": ""word"", ""ja"": ""好き"", ""reading"": ""すき"", ""en"": ""like"", ""kanji"": [""好""], ""targets"": [78]}, {""kind"": ""particle"", ""kana"": ""です""}]"
s353,"[96, 98, 128, 131, 71, 63]",[],"[{""kind"": ""word"", ""ja"": ""学生"", ""reading"": ""がくせい"", ""en"": ""students"", ""kanji"": [""学"", ""生""], ""targets"": [96, 98]}, {""kind"": ""particle"", ""kana"": ""は""}, {""kind"": ""word"", ""ja"": ""皆"", ""reading"": ""みんな"", ""en"": ""all"", ""kanji"": [""皆""], ""targets"": [128]}, {""kind"": ""word"", ""ja"": ""同じ"", ""reading"": ""おなじ"", ""en"": ""same"", ""kanji"": [""同""], ""targets"": [131]}, {""kind"": ""word"", ""ja"": ""本"", ""reading"": ""ほん"", ""en"": ""book"", ""kanji"": [""本""], ""targets"": [71]}, {""kind"": ""particle"", ""kana"": ""を""}, {""kind"": ""word"", ""ja"": ""読んでいます"", ""reading"": ""よんでいます"", ""en"": ""are reading"", ""kanji"": [""読""], ""targets"": [63], ""lemma"": ""読む""}]"
s354,"[14, 71, 96, 97, 66, 65]",[],"[{""kind"": ""word"", ""ja"": ""日本"", ""reading"": ""にほん"", ""en"": ""Japan"", ""kanji"": [""日"", ""本""], ""targets"": [14, 71]}, {""kind"": ""particle"", ""kana"": ""の""}, {""kind"": ""word"", ""ja"": ""学校"", ""reading"": ""がっこう"", ""en"": ""school"", ""kanji"": [""学"", ""校""], ""targets"": [96, 97]}, {""kind"": ""particle"", ""kana"": ""について""}, {""kind"": ""word"", ""ja"": ""話"", ""reading"": ""はなし"", ""en"": ""talk"", ""kanji"": [""話""], ""targets"": [66]}, {""kind"": ""particle"", ""kana"": ""を""}, {""kind"": ""word"", ""ja"": ""聞きました"", ""reading"": ""ききました"", ""en"": ""heard"", ""kanji"": [""聞""], ""targets"": [65], ""lemma"": ""聞く""}]"
s355,"[192, 125, 133, 123, 59, 265, 23]",[],"[{""kind"": ""word"", ""ja"": ""通訳"", ""reading"": ""つうやく"", ""en"": ""interpreter"", ""kanji"": [""通"", ""訳""], ""targets"": [192, 125]}, {""kind"": ""particle"", ""kana"": ""は""}, {""kind"": ""word"", ""ja"": ""両方"", ""reading"": ""りょうほう"", ""en"": ""both"", ""kanji"": [""両"", ""方""], ""targets"": [133, 123]}, {""kind"": ""particle"", ""kana"": ""の""}, {""kind"": ""word"", ""ja"": ""言葉"", ""reading"": ""ことば"", ""en"": ""languages"", ""kanji"": [""言"", ""葉""], ""targets"": [59, 265]}, {""kind"": ""particle"", ""kana"": ""が""}, {""kind"": ""word"", ""ja"": ""分かります"", ""reading"": ""わかります"", ""en"": ""understands"", ""kanji"": [""分""], ""targets"": [23], ""lemma"": ""分かる""}]"
s356,"[125, 76, 205]",[],"[{""kind"": ""word"", ""ja"": ""その"", ""reading"": ""その"", ""en"": ""that"", ""kanji"": [], ""targets"": []}, {""kind"": ""word"", ""ja"": ""訳"", ""reading"": ""やく"", ""en"": ""translation"", ""kanji"": [""訳""], ""targets"": [125]}, {""kind"": ""particle"", ""kana"": ""は""}, {""kind"": ""word"", ""ja"": ""少し"", ""reading"": ""すこし"", ""en"": ""a little"", ""kanji"": [""少""], ""targets"": [76]}, {""kind"": ""word"", ""ja"": ""悪いです"", ""reading"": ""わるいです"", ""en"": ""is bad"", ""kanji"": [""悪""], ""targets"": [205], ""lemma"": ""悪い""}]"
s357,"[67, 68]",[],"[{""kind"": ""word"", ""ja"": ""ここ"", ""reading"": ""ここ"", ""en"": ""here"", ""kanji"": [], ""targets"": []}, {""kind"": ""particle"", ""kana"": ""に""}, {""kind"": ""word"", ""ja"": ""立って"", ""reading"": ""たって"", ""en"": ""stand"", ""kanji"": [""立""], ""targets"": [67], ""lemma"": ""立つ""}, {""kind"": ""word"", ""ja"": ""待っていて"", ""reading"": ""まっていて"", ""en"": ""keep waiting"", ""kanji"": [""待""], ""targets"": [68], ""lemma"": ""待つ""}, {""kind"": ""word"", ""ja"": ""ください"", ""reading"": ""ください"", ""en"": ""please"", ""kanji"": [], ""targets"": []}]"
s359,"[255, 25, 23, 113]",[],"[{""kind"": ""word"", ""ja"": ""紙"", ""reading"": ""かみ"", ""en"": ""paper"", ""kanji"": [""紙""], ""targets"": [255]}, {""kind"": ""particle"", ""kana"": ""を""}, {""kind"": ""word"", ""ja"": ""半分"", ""reading"": ""はんぶん"", ""en"": ""half"", ""kanji"": [""半"", ""分""], ""targets"": [25, 23]}, {""kind"": ""particle"", ""kana"": ""に""}, {""kind"": ""word"", ""ja"": ""切って"", ""reading"": ""きって"", ""en"": ""cut"", ""kanji"": [""切""], ""targets"": [113], ""lemma"": ""切る""}, {""kind"": ""word"", ""ja"": ""ください"", ""reading"": ""ください"", ""en"": ""please"", ""kanji"": [], ""targets"": []}]"
s360,"[51, 60, 22, 26]",[],"[{""kind"": ""word"", ""ja"": ""家"", ""reading"": ""いえ"", ""en"": ""house"", ""kanji"": [""家""], ""targets"": [51]}, {""kind"": ""particle"", ""kana"": ""を""}, {""kind"": ""word"", ""ja"": ""出る"", ""reading"": ""でる"", ""en"": ""leave"", ""kanji"": [""出""], ""targets"": [60]}, {""kind"": ""word"", ""ja"": ""時間"", ""reading"": ""じかん"", ""en"": ""time"", ""kanji"": [""時"", ""間""], ""targets"": [22, 26]}, {""kind"": ""particle"", ""kana"": ""です""}]"
s361,"[41, 61]",[],"[{""kind"": ""word"", ""ja"": ""中"", ""reading"": ""なか"", ""en"": ""inside"", ""kanji"": [""中""], ""targets"": [41]}, {""kind"": ""particle"", ""kana"": ""に""}, {""kind"": ""word"", ""ja"": ""入って"", ""reading"": ""はいって"", ""en"": ""enter"", ""kanji"": [""入""], ""targets"": [61], ""lemma"": ""入る""}, {""kind"": ""particle"", ""kana"": ""も""}, {""kind"": ""word"", ""ja"": ""いい"", ""reading"": ""いい"", ""en"": ""okay"", ""kanji"": [], ""targets"": []}, {""kind"": ""particle"", ""kana"": ""ですか""}]"
s362,"[52, 149, 51, 41]",[],"[{""kind"": ""word"", ""ja"": ""外"", ""reading"": ""そと"", ""en"": ""outside"", ""kanji"": [""外""], ""targets"": [52]}, {""kind"": ""particle"", ""kana"": ""は""}, {""kind"": ""word"", ""ja"": ""雨"", ""reading"": ""あめ"", ""en"": ""rain"", ""kanji"": [""雨""], ""targets"": [149]}, {""kind"": ""particle"", ""kana"": ""なので""}, {""kind"": ""word"", ""ja"": ""家"", ""reading"": ""いえ"", ""en"": ""house"", ""kanji"": [""家""], ""targets"": [51]}, {""kind"": ""particle"", ""kana"": ""の""}, {""kind"": ""word"", ""ja"": ""中"", ""reading"": ""なか"", ""en"": ""inside"", ""kanji"": [""中""], ""targets"": [41]}, {""kind"": ""particle"", ""kana"": ""に""}, {""kind"": ""word"", ""ja"": ""います"", ""reading"": ""います"", ""en"": ""stay"", ""kanji"": [], ""targets"": []}]"
s363,"[136, 55, 52, 60]",[],"[{""kind"": ""word"", ""ja"": ""誰か"", ""reading"": ""だれか"", ""en"": ""someone"", ""kanji"": [""誰""], ""targets"": [136]}, {""kind"": ""word"", ""ja"": ""来た"", ""reading"": ""きた"", ""en"": ""came"", ""kanji"": [""来""], ""targets"": [55], ""lemma"": ""来る""}, {""kind"": ""particle"", ""kana"": ""ので""}, {""kind"": ""word"", ""ja"": ""外"", ""reading"": ""そと"", ""en"": ""outside"", ""kanji"": [""外""], ""targets"": [52]}, {""kind"": ""particle"", ""kana"": ""に""}, {""kind"": ""word"", ""ja"": ""出ました"", ""reading"": ""でました"", ""en"": ""went out"", ""kanji"": [""出""], ""targets"": [60], ""lemma"": ""出る""}]"
s364,"[127, 252, 137]",[],"[{""kind"": ""word"", ""ja"": ""全部"", ""reading"": ""ぜんぶ"", ""en"": ""everything"", ""kanji"": [""全"", ""部""], ""targets"": [127, 252]}, {""kind"": ""particle"", ""kana"": ""で""}, {""kind"": ""word"", ""ja"": ""お幾ら"", ""reading"": ""おいくら"", ""en"": ""how much"", ""kanji"": [""幾""], ""targets"": [137], ""lemma"": ""幾ら""}, {""kind"": ""particle"", ""kana"": ""ですか""}]"
s365,"[19, 130, 60]",[],"[{""kind"": ""word"", ""ja"": ""お金"", ""reading"": ""おかね"", ""en"": ""money"", ""kanji"": [""金""], ""targets"": [19]}, {""kind"": ""particle"", ""kana"": ""は""}, {""kind"": ""word"", ""ja"": ""別々"", ""reading"": ""べつべつ"", ""en"": ""separately"", ""kanji"": [""別""], ""targets"": [130]}, {""kind"": ""particle"", ""kana"": ""に""}, {""kind"": ""word"", ""ja"": ""出しました"", ""reading"": ""だしました"", ""en"": ""paid"", ""kanji"": [""出""], ""targets"": [60], ""lemma"": ""出す""}]"
s366,"[129, 30, 66, 65]",[],"[{""kind"": ""word"", ""ja"": ""他"", ""reading"": ""ほか"", ""en"": ""other"", ""kanji"": [""他""], ""targets"": [129]}, {""kind"": ""particle"", ""kana"": ""の""}, {""kind"": ""word"", ""ja"": ""人"", ""reading"": ""ひと"", ""en"": ""people"", ""kanji"": [""人""], ""targets"": [30]}, {""kind"": ""particle"", ""kana"": ""の""}, {""kind"": ""word"", ""ja"": ""話"", ""reading"": ""はなし"", ""en"": ""stories"", ""kanji"": [""話""], ""targets"": [66]}, {""kind"": ""particle"", ""kana"": ""も""}, {""kind"": ""word"", ""ja"": ""聞きましょう"", ""reading"": ""ききましょう"", ""en"": ""let's listen"", ""kanji"": [""聞""], ""targets"": [65], ""lemma"": ""聞く""}]"
s367,"[1, 11, 134]",[],"[{""kind"": ""word"", ""ja"": ""一"", ""reading"": ""いち"", ""en"": ""one"", ""kanji"": [""一""], ""targets"": [1]}, {""kind"": ""particle"", ""kana"": ""から""}, {""kind"": ""word"", ""ja"": ""百"", ""reading"": ""ひゃく"", ""en"": ""hundred"", ""kanji"": [""百""], ""targets"": [11]}, {""kind"": ""particle"", ""kana"": ""まで""}, {""kind"": ""word"", ""ja"": ""数"", ""reading"": ""かず"", ""en"": ""numbers"", ""kanji"": [""数""], ""targets"": [134]}, {""kind"": ""particle"", ""kana"": ""を""}, {""kind"": ""word"", ""ja"": ""数えました"", ""reading"": ""かぞえました"", ""en"": ""counted"", ""kanji"": [""数""], ""targets"": [134], ""lemma"": ""数える""}]"
s368,"[36, 3, 22, 172, 135, 276]",[],"[{""kind"": ""word"", ""ja"": ""友だち"", ""reading"": ""ともだち"", ""en"": ""friend"", ""kanji"": [""友""], ""targets"": [36]}, {""kind"": ""particle"", ""kana"": ""と""}, {""kind"": ""word"", ""ja"": ""三時"", ""reading"": ""さんじ"", ""en"": ""3 o'clock"", ""kanji"": [""三"", ""時""], ""targets"": [3, 22]}, {""kind"": ""particle"", ""kana"": ""に""}, {""kind"": ""word"", ""ja"": ""会う"", ""reading"": ""あう"", ""en"": ""meet"", ""kanji"": [""会""], ""targets"": [172]}, {""kind"": ""word"", ""ja"": ""約束"", ""reading"": ""やくそく"", ""en"": ""promise"", ""kanji"": [""約"", ""束""], ""targets"": [135, 276]}, {""kind"": ""particle"", ""kana"": ""を""}, {""kind"": ""word"", ""ja"": ""しました"", ""reading"": ""しました"", ""en"": ""made"", ""kanji"": [], ""targets"": []}]"
s369,"[209, 14, 126, 232]",[],"[{""kind"": ""word"", ""ja"": ""明日"", ""reading"": ""あした"", ""en"": ""tomorrow"", ""kanji"": [""明"", ""日""], ""targets"": [209, 14]}, {""kind"": ""particle"", ""kana"": ""の""}, {""kind"": ""word"", ""ja"": ""日程"", ""reading"": ""にってい"", ""en"": ""schedule"", ""kanji"": [""日"", ""程""], ""targets"": [14, 126]}, {""kind"": ""particle"", ""kana"": ""を""}, {""kind"": ""word"", ""ja"": ""教えて"", ""reading"": ""おしえて"", ""en"": ""tell"", ""kanji"": [""教""], ""targets"": [232], ""lemma"": ""教える""}, {""kind"": ""word"", ""ja"": ""ください"", ""reading"": ""ください"", ""en"": ""please"", ""kanji"": [], ""targets"": []}]"
s370,"[127, 44, 131, 35, 144, 50, 135, 3, 11]",[],"[{""kind"": ""word"", ""ja"": ""全国"", ""reading"": ""ぜんこく"", ""en"": ""whole country"", ""kanji"": [""全"", ""国""], ""targets"": [127, 44]}, {""kind"": ""particle"", ""kana"": ""に""}, {""kind"": ""word"", ""ja"": ""同じ"", ""reading"": ""おなじ"", ""en"": ""same"", ""kanji"": [""同""], ""targets"": [131]}, {""kind"": ""word"", ""ja"": ""名前"", ""reading"": ""なまえ"", ""en"": ""name"", ""kanji"": [""名"", ""前""], ""targets"": [35, 144]}, {""kind"": ""particle"", ""kana"": ""の""}, {""kind"": ""word"", ""ja"": ""店"", ""reading"": ""みせ"", ""en"": ""shops"", ""kanji"": [""店""], ""targets"": [50]}, {""kind"": ""particle"", ""kana"": ""が""}, {""kind"": ""word"", ""ja"": ""約"", ""reading"": ""やく"", ""en"": ""about"", ""kanji"": [""約""], ""targets"": [135]}, {""kind"": ""word"", ""ja"": ""三百"", ""reading"": ""さんびゃく"", ""en"": ""300"", ""kanji"": [""三"", ""百""], ""targets"": [3, 11]}, {""kind"": ""word"", ""ja"": ""あります"", ""reading"": ""あります"", ""en"": ""there are"", ""kanji"": [], ""targets"": []}]"
s371,"[118, 119, 54, 144, 95, 66]",[],"[{""kind"": ""word"", ""ja"": ""病院"", ""reading"": ""びょういん"", ""en"": ""hospital"", ""kanji"": [""病"", ""院""], ""targets"": [118, 119]}, {""kind"": ""particle"", ""kana"": ""へ""}, {""kind"": ""word"", ""ja"": ""行く"", ""reading"": ""いく"", ""en"": ""go"", ""kanji"": [""行""], ""targets"": [54]}, {""kind"": ""word"", ""ja"": ""前"", ""reading"": ""まえ"", ""en"": ""before"", ""kanji"": [""前""], ""targets"": [144]}, {""kind"": ""particle"", ""kana"": ""に""}, {""kind"": ""word"", ""ja"": ""電話"", ""reading"": ""でんわ"", ""en"": ""phone call"", ""kanji"": [""電"", ""話""], ""targets"": [95, 66]}, {""kind"": ""particle"", ""kana"": ""を""}, {""kind"": ""word"", ""ja"": ""して"", ""reading"": ""して"", ""en"": ""make"", ""kanji"": [], ""targets"": []}, {""kind"": ""word"", ""ja"": ""ください"", ""reading"": ""ください"", ""en"": ""please"", ""kanji"": [], ""targets"": []}]"
s372,"[45, 39, 101, 48, 56]",[],"[{""kind"": ""word"", ""ja"": ""山"", ""reading"": ""やま"", ""en"": ""mountain"", ""kanji"": [""山""], ""targets"": [45]}, {""kind"": ""particle"", ""kana"": ""の""}, {""kind"": ""word"", ""ja"": ""上"", ""reading"": ""うえ"", ""en"": ""top"", ""kanji"": [""上""], ""targets"": [39]}, {""kind"": ""particle"", ""kana"": ""から""}, {""kind"": ""word"", ""ja"": ""美しい"", ""reading"": ""うつくしい"", ""en"": ""beautiful"", ""kanji"": [""美""], ""targets"": [101]}, {""kind"": ""word"", ""ja"": ""町"", ""reading"": ""まち"", ""en"": ""town"", ""kanji"": [""町""], ""targets"": [48]}, {""kind"": ""particle"", ""kana"": ""が""}, {""kind"": ""word"", ""ja"": ""見えました"", ""reading"": ""みえました"", ""en"": ""could be seen"", ""kanji"": [""見""], ""targets"": [56], ""lemma"": ""見る""}]"
s373,"[46, 17, 58]",[],"[{""kind"": ""word"", ""ja"": ""この"", ""reading"": ""この"", ""en"": ""this"", ""kanji"": [], ""targets"": []}, {""kind"": ""word"", ""ja"": ""川"", ""reading"": ""かわ"", ""en"": ""river"", ""kanji"": [""川""], ""targets"": [46]}, {""kind"": ""particle"", ""kana"": ""の""}, {""kind"": ""word"", ""ja"": ""水"", ""reading"": ""みず"", ""en"": ""water"", ""kanji"": [""水""], ""targets"": [17]}, {""kind"": ""particle"", ""kana"": ""は""}, {""kind"": ""word"", ""ja"": ""飲めません"", ""reading"": ""のめません"", ""en"": ""cannot drink"", ""kanji"": [""飲""], ""targets"": [58], ""lemma"": ""飲む""}]"
s374,"[18, 40, 71, 63, 78]",[],"[{""kind"": ""word"", ""ja"": ""木"", ""reading"": ""き"", ""en"": ""tree"", ""kanji"": [""木""], ""targets"": [18]}, {""kind"": ""particle"", ""kana"": ""の""}, {""kind"": ""word"", ""ja"": ""下"", ""reading"": ""した"", ""en"": ""under"", ""kanji"": [""下""], ""targets"": [40]}, {""kind"": ""particle"", ""kana"": ""で""}, {""kind"": ""word"", ""ja"": ""本"", ""reading"": ""ほん"", ""en"": ""book"", ""kanji"": [""本""], ""targets"": [71]}, {""kind"": ""particle"", ""kana"": ""を""}, {""kind"": ""word"", ""ja"": ""読む"", ""reading"": ""よむ"", ""en"": ""read"", ""kanji"": [""読""], ""targets"": [63]}, {""kind"": ""particle"", ""kana"": ""のが""}, {""kind"": ""word"", ""ja"": ""好き"", ""reading"": ""すき"", ""en"": ""like"", ""kanji"": [""好""], ""targets"": [78]}, {""kind"": ""particle"", ""kana"": ""です""}]"
s375,"[19, 29, 14, 128, 83, 58, 54]",[],"[{""kind"": ""word"", ""ja"": ""金曜日"", ""reading"": ""きんようび"", ""en"": ""Friday"", ""kanji"": [""金"", ""曜"", ""日""], ""targets"": [19, 29, 14]}, {""kind"": ""particle"", ""kana"": ""に""}, {""kind"": ""word"", ""ja"": ""皆"", ""reading"": ""みんな"", ""en"": ""everyone"", ""kanji"": [""皆""], ""targets"": [128]}, {""kind"": ""particle"", ""kana"": ""で""}, {""kind"": ""word"", ""ja"": ""お酒"", ""reading"": ""おさけ"", ""en"": ""drinks"", ""kanji"": [""酒""], ""targets"": [83]}, {""kind"": ""particle"", ""kana"": ""を""}, {""kind"": ""word"", ""ja"": ""飲みに"", ""reading"": ""のみに"", ""en"": ""to drink"", ""kanji"": [""飲""], ""targets"": [58], ""lemma"": ""飲む""}, {""kind"": ""word"", ""ja"": ""行きます"", ""reading"": ""いきます"", ""en"": ""go"", ""kanji"": [""行""], ""targets"": [54], ""lemma"": ""行く""}]"
s377,"[102, 28, 14, 17, 58]",[],"[{""kind"": ""word"", ""ja"": ""牛"", ""reading"": ""うし"", ""en"": ""cows"", ""kanji"": [""牛""], ""targets"": [102]}, {""kind"": ""particle"", ""kana"": ""は""}, {""kind"": ""word"", ""ja"": ""毎日"", ""reading"": ""まいにち"", ""en"": ""every day"", ""kanji"": [""毎"", ""日""], ""targets"": [28, 14]}, {""kind"": ""word"", ""ja"": ""たくさん"", ""reading"": ""たくさん"", ""en"": ""a lot"", ""kanji"": [], ""targets"": []}, {""kind"": ""particle"", ""kana"": ""の""}, {""kind"": ""word"", ""ja"": ""水"", ""reading"": ""みず"", ""en"": ""water"", ""kanji"": [""水""], ""targets"": [17]}, {""kind"": ""particle"", ""kana"": ""を""}, {""kind"": ""word"", ""ja"": ""飲みます"", ""reading"": ""のみます"", ""en"": ""drink"", ""kanji"": [""飲""], ""targets"": [58], ""lemma"": ""飲む""}]"
s378,"[99, 103, 46, 39, 110]",[],"[{""kind"": ""word"", ""ja"": ""白い"", ""reading"": ""しろい"", ""en"": ""white"", ""kanji"": [""白""], ""targets"": [99]}, {""kind"": ""word"", ""ja"": ""鳥"", ""reading"": ""とり"", ""en"": ""bird"", ""kanji"": [""鳥""], ""targets"": [103]}, {""kind"": ""particle"", ""kana"": ""が""}, {""kind"": ""word"", ""ja"": ""川"", ""reading"": ""かわ"", ""en"": ""river"", ""kanji"": [""川""], ""targets"": [46]}, {""kind"": ""particle"", ""kana"": ""の""}, {""kind"": ""word"", ""ja"": ""上"", ""reading"": ""うえ"", ""en"": ""above"", ""kanji"": [""上""], ""targets"": [39]}, {""kind"": ""particle"", ""kana"": ""を""}, {""kind"": ""word"", ""ja"": ""飛んでいます"", ""reading"": ""とんでいます"", ""en"": ""is flying"", ""kanji"": [""飛""], ""targets"": [110], ""lemma"": ""飛ぶ""}]"
s379,"[45, 26, 77, 112]",[],"[{""kind"": ""word"", ""ja"": ""山"", ""reading"": ""やま"", ""en"": ""mountain"", ""kanji"": [""山""], ""targets"": [45]}, {""kind"": ""particle"", ""kana"": ""と""}, {""kind"": ""word"", ""ja"": ""山"", ""reading"": ""やま"", ""en"": ""mountain"", ""kanji"": [""山""], ""targets"": [45]}, {""kind"": ""particle"", ""kana"": ""の""}, {""kind"": ""word"", ""ja"": ""間"", ""reading"": ""あいだ"", ""en"": ""between"", ""kanji"": [""間""], ""targets"": [26]}, {""kind"": ""particle"", ""kana"": ""に""}, {""kind"": ""word"", ""ja"": ""長い"", ""reading"": ""ながい"", ""en"": ""long"", ""kanji"": [""長""], ""targets"": [77]}, {""kind"": ""word"", ""ja"": ""橋"", ""reading"": ""はし"", ""en"": ""bridge"", ""kanji"": [""橋""], ""targets"": [112]}, {""kind"": ""particle"", ""kana"": ""が""}, {""kind"": ""word"", ""ja"": ""あります"", ""reading"": ""あります"", ""en"": ""there is"", ""kanji"": [], ""targets"": []}]"
s380,"[73, 29, 14, 1, 299, 78]",[],"[{""kind"": ""word"", ""ja"": ""何曜日"", ""reading"": ""なんようび"", ""en"": ""which day of the week"", ""kanji"": [""何"", ""曜"", ""日""], ""targets"": [73, 29, 14]}, {""kind"": ""particle"", ""kana"": ""が""}, {""kind"": ""word"", ""ja"": ""一番"", ""reading"": ""いちばん"", ""en"": ""most"", ""kanji"": [""一"", ""番""], ""targets"": [1, 299]}, {""kind"": ""word"", ""ja"": ""好き"", ""reading"": ""すき"", ""en"": ""like"", ""kanji"": [""好""], ""targets"": [78]}, {""kind"": ""particle"", ""kana"": ""ですか""}]"
s381,"[24, 14, 9, 15]",[],"[{""kind"": ""word"", ""ja"": ""今日"", ""reading"": ""きょう"", ""en"": ""today"", ""kanji"": [""今"", ""日""], ""targets"": [24, 14]}, {""kind"": ""particle"", ""kana"": ""は""}, {""kind"": ""word"", ""ja"": ""九月"", ""reading"": ""くがつ"", ""en"": ""September"", ""kanji"": [""九"", ""月""], ""targets"": [9, 15]}, {""kind"": ""word"", ""ja"": ""九日"", ""reading"": ""ここのか"", ""en"": ""the 9th"", ""kanji"": [""九"", ""日""], ""targets"": [9, 14]}, {""kind"": ""particle"", ""kana"": ""です""}]"
s382,"[5, 15, 14, 34]",[],"[{""kind"": ""word"", ""ja"": ""五月"", ""reading"": ""ごがつ"", ""en"": ""May"", ""kanji"": [""五"", ""月""], ""targets"": [5, 15]}, {""kind"": ""word"", ""ja"": ""五日"", ""reading"": ""いつか"", ""en"": ""the 5th"", ""kanji"": [""五"", ""日""], ""targets"": [5, 14]}, {""kind"": ""particle"", ""kana"": ""は""}, {""kind"": ""word"", ""ja"": ""子ども"", ""reading"": ""こども"", ""en"": ""children"", ""kanji"": [""子""], ""targets"": [34]}, {""kind"": ""particle"", ""kana"": ""の""}, {""kind"": ""word"", ""ja"": ""日"", ""reading"": ""ひ"", ""en"": ""day"", ""kanji"": [""日""], ""targets"": [14]}, {""kind"": ""particle"", ""kana"": ""です""}]"
s383,"[1, 27, 26, 7, 14]",[],"[{""kind"": ""word"", ""ja"": ""一"", ""reading"": ""いっ"", ""en"": ""one"", ""kanji"": [""一""], ""targets"": [1]}, {""kind"": ""word"", ""ja"": ""週間"", ""reading"": ""しゅうかん"", ""en"": ""weeks"", ""kanji"": [""週"", ""間""], ""targets"": [27, 26]}, {""kind"": ""particle"", ""kana"": ""は""}, {""kind"": ""word"", ""ja"": ""七日"", ""reading"": ""なのか"", ""en"": ""seven days"", ""kanji"": [""七"", ""日""], ""targets"": [7, 14]}, {""kind"": ""particle"", ""kana"": ""です""}]"
s385,"[94, 135, 2, 11, 13, 72]",[],"[{""kind"": ""word"", ""ja"": ""この"", ""reading"": ""この"", ""en"": ""this"", ""kanji"": [], ""targets"": []}, {""kind"": ""word"", ""ja"": ""車"", ""reading"": ""くるま"", ""en"": ""car"", ""kanji"": [""車""], ""targets"": [94]}, {""kind"": ""particle"", ""kana"": ""は""}, {""kind"": ""word"", ""ja"": ""約"", ""reading"": ""やく"", ""en"": ""about"", ""kanji"": [""約""], ""targets"": [135]}, {""kind"": ""word"", ""ja"": ""二百万"", ""reading"": ""にひゃくまん"", ""en"": ""2,000,000"", ""kanji"": [""二"", ""百"", ""万""], ""targets"": [2, 11, 13]}, {""kind"": ""word"", ""ja"": ""円"", ""reading"": ""えん"", ""en"": ""yen"", ""kanji"": [""円""], ""targets"": [72]}, {""kind"": ""particle"", ""kana"": ""です""}]"
s386,"[95, 148, 113, 60]",[],"[{""kind"": ""word"", ""ja"": ""電気"", ""reading"": ""でんき"", ""en"": ""light"", ""kanji"": [""電"", ""気""], ""targets"": [95, 148]}, {""kind"": ""particle"", ""kana"": ""を""}, {""kind"": ""word"", ""ja"": ""切って"", ""reading"": ""きって"", ""en"": ""turn off"", ""kanji"": [""切""], ""targets"": [113], ""lemma"": ""切る""}, {""kind"": ""particle"", ""kana"": ""から""}, {""kind"": ""word"", ""ja"": ""出かけました"", ""reading"": ""でかけました"", ""en"": ""went out"", ""kanji"": [""出""], ""targets"": [60], ""lemma"": ""出る""}]"
s387,"[111, 277, 41, 108, 61]",[],"[{""kind"": ""word"", ""ja"": ""この"", ""reading"": ""この"", ""en"": ""this"", ""kanji"": [], ""targets"": []}, {""kind"": ""word"", ""ja"": ""機械"", ""reading"": ""きかい"", ""en"": ""machine"", ""kanji"": [""機"", ""械""], ""targets"": [111, 277]}, {""kind"": ""particle"", ""kana"": ""の""}, {""kind"": ""word"", ""ja"": ""中"", ""reading"": ""なか"", ""en"": ""inside"", ""kanji"": [""中""], ""targets"": [41]}, {""kind"": ""particle"", ""kana"": ""に""}, {""kind"": ""word"", ""ja"": ""鉄"", ""reading"": ""てつ"", ""en"": ""iron"", ""kanji"": [""鉄""], ""targets"": [108]}, {""kind"": ""particle"", ""kana"": ""が""}, {""kind"": ""word"", ""ja"": ""入っています"", ""reading"": ""はいっています"", ""en"": ""is contained"", ""kanji"": [""入""], ""targets"": [61], ""lemma"": ""入る""}]"
s388,"[112, 108, 60, 55]",[],"[{""kind"": ""word"", ""ja"": ""この"", ""reading"": ""この"", ""en"": ""this"", ""kanji"": [], ""targets"": []}, {""kind"": ""word"", ""ja"": ""橋"", ""reading"": ""はし"", ""en"": ""bridge"", ""kanji"": [""橋""], ""targets"": [112]}, {""kind"": ""particle"", ""kana"": ""は""}, {""kind"": ""word"", ""ja"": ""鉄"", ""reading"": ""てつ"", ""en"": ""iron"", ""kanji"": [""鉄""], ""targets"": [108]}, {""kind"": ""particle"", ""kana"": ""で""}, {""kind"": ""word"", ""ja"": ""出来ています"", ""reading"": ""できています"", ""en"": ""is made"", ""kanji"": [""出"", ""来""], ""targets"": [60, 55], ""lemma"": ""出来る""}]"
s389,"[118, 148, 22, 73, 57]",[],"[{""kind"": ""word"", ""ja"": ""病気"", ""reading"": ""びょうき"", ""en"": ""sick"", ""kanji"": [""病"", ""気""], ""targets"": [118, 148]}, {""kind"": ""particle"", ""kana"": ""の""}, {""kind"": ""word"", ""ja"": ""時"", ""reading"": ""とき"", ""en"": ""time"", ""kanji"": [""時""], ""targets"": [22]}, {""kind"": ""particle"", ""kana"": ""は""}, {""kind"": ""word"", ""ja"": ""何も"", ""reading"": ""なにも"", ""en"": ""nothing"", ""kanji"": [""何""], ""targets"": [73]}, {""kind"": ""word"", ""ja"": ""食べたくない"", ""reading"": ""たべたくない"", ""en"": ""do not want to eat"", ""kanji"": [""食""], ""targets"": [57], ""lemma"": ""食べる""}, {""kind"": ""particle"", ""kana"": ""です""}]"
s390,"[37, 2, 27, 26, 61, 119]",[],"[{""kind"": ""word"", ""ja"": ""父"", ""reading"": ""ちち"", ""en"": ""father"", ""kanji"": [""父""], ""targets"": [37]}, {""kind"": ""particle"", ""kana"": ""は""}, {""kind"": ""word"", ""ja"": ""二"", ""reading"": ""に"", ""en"": ""two"", ""kanji"": [""二""], ""targets"": [2]}, {""kind"": ""word"", ""ja"": ""週間"", ""reading"": ""しゅうかん"", ""en"": ""weeks"", ""kanji"": [""週"", ""間""], ""targets"": [27, 26]}, {""kind"": ""word"", ""ja"": ""入院"", ""reading"": ""にゅういん"", ""en"": ""hospitalization"", ""kanji"": [""入"", ""院""], ""targets"": [61, 119]}, {""kind"": ""word"", ""ja"": ""しました"", ""reading"": ""しました"", ""en"": ""did"", ""kanji"": [], ""targets"": []}]"
s391,"[101, 285, 228, 15, 29, 14, 151]",[],"[{""kind"": ""word"", ""ja"": ""美術館"", ""reading"": ""びじゅつかん"", ""en"": ""art museum"", ""kanji"": [""美"", ""術"", ""館""], ""targets"": [101, 285, 228]}, {""kind"": ""particle"", ""kana"": ""は""}, {""kind"": ""word"", ""ja"": ""月曜日"", ""reading"": ""げつようび"", ""en"": ""Monday"", ""kanji"": [""月"", ""曜"", ""日""], ""targets"": [15, 29, 14]}, {""kind"": ""particle"", ""kana"": ""は""}, {""kind"": ""word"", ""ja"": ""休み"", ""reading"": ""やすみ"", ""en"": ""closed"", ""kanji"": [""休""], ""targets"": [151]}, {""kind"": ""particle"", ""kana"": ""です""}]"
s392,"[34, 258, 88, 116, 54]",[],"[{""kind"": ""word"", ""ja"": ""子ども"", ""reading"": ""こども"", ""en"": ""child"", ""kanji"": [""子""], ""targets"": [34]}, {""kind"": ""particle"", ""kana"": ""と""}, {""kind"": ""word"", ""ja"": ""動物園"", ""reading"": ""どうぶつえん"", ""en"": ""zoo"", ""kanji"": [""動"", ""物"", ""園""], ""targets"": [258, 88, 116]}, {""kind"": ""particle"", ""kana"": ""へ""}, {""kind"": ""word"", ""ja"": ""行きました"", ""reading"": ""いきました"", ""en"": ""went"", ""kanji"": [""行""], ""targets"": [54], ""lemma"": ""行く""}]"
s393,"[115, 116, 101, 103, 56]",[],"[{""kind"": ""word"", ""ja"": ""公園"", ""reading"": ""こうえん"", ""en"": ""park"", ""kanji"": [""公"", ""園""], ""targets"": [115, 116]}, {""kind"": ""particle"", ""kana"": ""で""}, {""kind"": ""word"", ""ja"": ""美しい"", ""reading"": ""うつくしい"", ""en"": ""beautiful"", ""kanji"": [""美""], ""targets"": [101]}, {""kind"": ""word"", ""ja"": ""鳥"", ""reading"": ""とり"", ""en"": ""bird"", ""kanji"": [""鳥""], ""targets"": [103]}, {""kind"": ""particle"", ""kana"": ""を""}, {""kind"": ""word"", ""ja"": ""見ました"", ""reading"": ""みました"", ""en"": ""saw"", ""kanji"": [""見""], ""targets"": [56], ""lemma"": ""見る""}]"
s394,"[117, 124, 22, 26, 232]",[],"[{""kind"": ""word"", ""ja"": ""場所"", ""reading"": ""ばしょ"", ""en"": ""place"", ""kanji"": [""場"", ""所""], ""targets"": [117, 124]}, {""kind"": ""particle"", ""kana"": ""と""}, {""kind"": ""word"", ""ja"": ""時間"", ""reading"": ""じかん"", ""en"": ""time"", ""kanji"": [""時"", ""間""], ""targets"": [22, 26]}, {""kind"": ""particle"", ""kana"": ""を""}, {""kind"": ""word"", ""ja"": ""教えて"", ""reading"": ""おしえて"", ""en"": ""tell"", ""kanji"": [""教""], ""targets"": [232], ""lemma"": ""教える""}, {""kind"": ""word"", ""ja"": ""ください"", ""reading"": ""ください"", ""en"": ""please"", ""kanji"": [], ""targets"": []}]"
s395,"[69, 124, 78]",[],"[{""kind"": ""word"", ""ja"": ""高い"", ""reading"": ""たかい"", ""en"": ""high"", ""kanji"": [""高""], ""targets"": [69]}, {""kind"": ""word"", ""ja"": ""所"", ""reading"": ""ところ"", ""en"": ""places"", ""kanji"": [""所""], ""targets"": [124]}, {""kind"": ""particle"", ""kana"": ""は""}, {""kind"": ""word"", ""ja"": ""好き"", ""reading"": ""すき"", ""en"": ""liked"", ""kanji"": [""好""], ""targets"": [78]}, {""kind"": ""particle"", ""kana"": ""では""}, {""kind"": ""particle"", ""kana"": ""ありません""}]"
s396,"[38, 292, 124, 81, 106]",[],"[{""kind"": ""word"", ""ja"": ""母"", ""reading"": ""はは"", ""en"": ""mother"", ""kanji"": [""母""], ""targets"": [38]}, {""kind"": ""particle"", ""kana"": ""は""}, {""kind"": ""word"", ""ja"": ""台所"", ""reading"": ""だいどころ"", ""en"": ""kitchen"", ""kanji"": [""台"", ""所""], ""targets"": [292, 124]}, {""kind"": ""particle"", ""kana"": ""で""}, {""kind"": ""word"", ""ja"": ""魚"", ""reading"": ""さかな"", ""en"": ""fish"", ""kanji"": [""魚""], ""targets"": [81]}, {""kind"": ""particle"", ""kana"": ""を""}, {""kind"": ""word"", ""ja"": ""焼いています"", ""reading"": ""やいています"", ""en"": ""is grilling"", ""kanji"": [""焼""], ""targets"": [106], ""lemma"": ""焼く""}]"
s397,"[59, 265, 14, 71, 152, 125]",[],"[{""kind"": ""word"", ""ja"": ""この"", ""reading"": ""この"", ""en"": ""this"", ""kanji"": [], ""targets"": []}, {""kind"": ""word"", ""ja"": ""言葉"", ""reading"": ""ことば"", ""en"": ""word"", ""kanji"": [""言"", ""葉""], ""targets"": [59, 265]}, {""kind"": ""particle"", ""kana"": ""を""}, {""kind"": ""word"", ""ja"": ""日本語"", ""reading"": ""にほんご"", ""en"": ""Japanese"", ""kanji"": [""日"", ""本"", ""語""], ""targets"": [14, 71, 152]}, {""kind"": ""particle"", ""kana"": ""に""}, {""kind"": ""word"", ""ja"": ""訳して"", ""reading"": ""やくして"", ""en"": ""translate"", ""kanji"": [""訳""], ""targets"": [125], ""lemma"": ""訳す""}, {""kind"": ""word"", ""ja"": ""ください"", ""reading"": ""ください"", ""en"": ""please"", ""kanji"": [], ""targets"": []}]"
s398,"[126, 215, 122, 136, 60, 55]",[],"[{""kind"": ""word"", ""ja"": ""この"", ""reading"": ""この"", ""en"": ""this"", ""kanji"": [], ""targets"": []}, {""kind"": ""word"", ""ja"": ""程度"", ""reading"": ""ていど"", ""en"": ""level"", ""kanji"": [""程"", ""度""], ""targets"": [126, 215]}, {""kind"": ""particle"", ""kana"": ""の""}, {""kind"": ""word"", ""ja"": ""事"", ""reading"": ""こと"", ""en"": ""thing"", ""kanji"": [""事""], ""targets"": [122]}, {""kind"": ""particle"", ""kana"": ""は""}, {""kind"": ""word"", ""ja"": ""誰でも"", ""reading"": ""だれでも"", ""en"": ""anyone"", ""kanji"": [""誰""], ""targets"": [136]}, {""kind"": ""word"", ""ja"": ""出来ます"", ""reading"": ""できます"", ""en"": ""can do"", ""kanji"": [""出"", ""来""], ""targets"": [60, 55], ""lemma"": ""出来る""}]"
s399,"[134, 96, 146, 98, 66, 77]",[],"[{""kind"": ""word"", ""ja"": ""数学"", ""reading"": ""すうがく"", ""en"": ""math"", ""kanji"": [""数"", ""学""], ""targets"": [134, 96]}, {""kind"": ""particle"", ""kana"": ""の""}, {""kind"": ""word"", ""ja"": ""先生"", ""reading"": ""せんせい"", ""en"": ""teacher"", ""kanji"": [""先"", ""生""], ""targets"": [146, 98]}, {""kind"": ""particle"", ""kana"": ""は""}, {""kind"": ""word"", ""ja"": ""話"", ""reading"": ""はなし"", ""en"": ""talks"", ""kanji"": [""話""], ""targets"": [66]}, {""kind"": ""particle"", ""kana"": ""が""}, {""kind"": ""word"", ""ja"": ""長い"", ""reading"": ""ながい"", ""en"": ""long"", ""kanji"": [""長""], ""targets"": [77]}, {""kind"": ""particle"", ""kana"": ""です""}]"
s400,"[36, 134, 14, 26, 51, 55]",[],"[{""kind"": ""word"", ""ja"": ""友だち"", ""reading"": ""ともだち"", ""en"": ""friend"", ""kanji"": [""友""], ""targets"": [36]}, {""kind"": ""particle"", ""kana"": ""は""}, {""kind"": ""word"", ""ja"": ""数"", ""reading"": ""すう"", ""en"": ""several"", ""kanji"": [""数""], ""targets"": [134]}, {""kind"": ""word"", ""ja"": ""日間"", ""reading"": ""じつかん"", ""en"": ""days"", ""kanji"": [""日"", ""間""], ""targets"": [14, 26]}, {""kind"": ""word"", ""ja"": ""家"", ""reading"": ""いえ"", ""en"": ""house"", ""kanji"": [""家""], ""targets"": [51]}, {""kind"": ""particle"", ""kana"": ""に""}, {""kind"": ""word"", ""ja"": ""来ませんでした"", ""reading"": ""きませんでした"", ""en"": ""did not come"", ""kanji"": [""来""], ""targets"": [55], ""lemma"": ""来る""}]"
s401,"[132, 44, 254, 219, 57]",[],"[{""kind"": ""word"", ""ja"": ""各国"", ""reading"": ""かっこく"", ""en"": ""each country"", ""kanji"": [""各"", ""国""], ""targets"": [132, 44]}, {""kind"": ""particle"", ""kana"": ""の""}, {""kind"": ""word"", ""ja"": ""料理"", ""reading"": ""りょうり"", ""en"": ""cuisine"", ""kanji"": [""料"", ""理""], ""targets"": [254, 219]}, {""kind"": ""particle"", ""kana"": ""を""}, {""kind"": ""word"", ""ja"": ""食べてみたい"", ""reading"": ""たべてみたい"", ""en"": ""want to try eating"", ""kanji"": [""食""], ""targets"": [57], ""lemma"": ""食べる""}, {""kind"": ""particle"", ""kana"": ""です""}]"
s402,"[133, 123, 74, 62]",[],"[{""kind"": ""word"", ""ja"": ""両方"", ""reading"": ""りょうほう"", ""en"": ""both"", ""kanji"": [""両"", ""方""], ""targets"": [133, 123]}, {""kind"": ""particle"", ""kana"": ""とも""}, {""kind"": ""word"", ""ja"": ""安い"", ""reading"": ""やすい"", ""en"": ""cheap"", ""kanji"": [""安""], ""targets"": [74]}, {""kind"": ""particle"", ""kana"": ""ので""}, {""kind"": ""word"", ""ja"": ""どちらも"", ""reading"": ""どちらも"", ""en"": ""both"", ""kanji"": [], ""targets"": []}, {""kind"": ""word"", ""ja"": ""買いました"", ""reading"": ""かいました"", ""en"": ""bought"", ""kanji"": [""買""], ""targets"": [62], ""lemma"": ""買う""}]"
s403,"[130, 50, 123, 74]",[],"[{""kind"": ""word"", ""ja"": ""別"", ""reading"": ""べつ"", ""en"": ""different"", ""kanji"": [""別""], ""targets"": [130]}, {""kind"": ""particle"", ""kana"": ""の""}, {""kind"": ""word"", ""ja"": ""店"", ""reading"": ""みせ"", ""en"": ""shop"", ""kanji"": [""店""], ""targets"": [50]}, {""kind"": ""particle"", ""kana"": ""の""}, {""kind"": ""word"", ""ja"": ""方"", ""reading"": ""ほう"", ""en"": ""one"", ""kanji"": [""方""], ""targets"": [123]}, {""kind"": ""particle"", ""kana"": ""が""}, {""kind"": ""word"", ""ja"": ""安かった"", ""reading"": ""やすかった"", ""en"": ""was cheaper"", ""kanji"": [""安""], ""targets"": [74], ""lemma"": ""安い""}, {""kind"": ""particle"", ""kana"": ""です""}]"
s404,"[131, 88, 2]",[],"[{""kind"": ""word"", ""ja"": ""同じ"", ""reading"": ""おなじ"", ""en"": ""same"", ""kanji"": [""同""], ""targets"": [131]}, {""kind"": ""word"", ""ja"": ""物"", ""reading"": ""もの"", ""en"": ""thing"", ""kanji"": [""物""], ""targets"": [88]}, {""kind"": ""particle"", ""kana"": ""を""}, {""kind"": ""word"", ""ja"": ""二つ"", ""reading"": ""ふたつ"", ""en"": ""two"", ""kanji"": [""二""], ""targets"": [2]}, {""kind"": ""word"", ""ja"": ""ください"", ""reading"": ""ください"", ""en"": ""please give"", ""kanji"": [], ""targets"": []}]"
s405,"[129, 47, 62]",[],"[{""kind"": ""word"", ""ja"": ""他"", ""reading"": ""ほか"", ""en"": ""other"", ""kanji"": [""他""], ""targets"": [129]}, {""kind"": ""particle"", ""kana"": ""の""}, {""kind"": ""word"", ""ja"": ""駅"", ""reading"": ""えき"", ""en"": ""stations"", ""kanji"": [""駅""], ""targets"": [47]}, {""kind"": ""particle"", ""kana"": ""では""}, {""kind"": ""word"", ""ja"": ""買えません"", ""reading"": ""かえません"", ""en"": ""cannot buy"", ""kanji"": [""買""], ""targets"": [62], ""lemma"": ""買う""}]"
s406,"[128, 56]",[],"[{""kind"": ""word"", ""ja"": ""皆さん"", ""reading"": ""みなさん"", ""en"": ""everyone"", ""kanji"": [""皆""], ""targets"": [128]}, {""kind"": ""word"", ""ja"": ""こちら"", ""reading"": ""こちら"", ""en"": ""this way"", ""kanji"": [], ""targets"": []}, {""kind"": ""particle"", ""kana"": ""を""}, {""kind"": ""word"", ""ja"": ""見て"", ""reading"": ""みて"", ""en"": ""look"", ""kanji"": [""見""], ""targets"": [56], ""lemma"": ""見る""}, {""kind"": ""word"", ""ja"": ""ください"", ""reading"": ""ください"", ""en"": ""please"", ""kanji"": [], ""targets"": []}]"
s407,"[96, 98, 127, 260, 4, 10, 30]",[],"[{""kind"": ""word"", ""ja"": ""学生"", ""reading"": ""がくせい"", ""en"": ""students"", ""kanji"": [""学"", ""生""], ""targets"": [96, 98]}, {""kind"": ""particle"", ""kana"": ""は""}, {""kind"": ""word"", ""ja"": ""全員"", ""reading"": ""ぜんいん"", ""en"": ""all members"", ""kanji"": [""全"", ""員""], ""targets"": [127, 260]}, {""kind"": ""particle"", ""kana"": ""で""}, {""kind"": ""word"", ""ja"": ""四十"", ""reading"": ""よんじゅう"", ""en"": ""40"", ""kanji"": [""四"", ""十""], ""targets"": [4, 10]}, {""kind"": ""word"", ""ja"": ""人"", ""reading"": ""にん"", ""en"": ""people"", ""kanji"": [""人""], ""targets"": [30]}, {""kind"": ""particle"", ""kana"": ""です""}]"
s408,"[87, 88, 1, 137]",[],"[{""kind"": ""word"", ""ja"": ""この"", ""reading"": ""この"", ""en"": ""this"", ""kanji"": [], ""targets"": []}, {""kind"": ""word"", ""ja"": ""果物"", ""reading"": ""くだもの"", ""en"": ""fruit"", ""kanji"": [""果"", ""物""], ""targets"": [87, 88]}, {""kind"": ""particle"", ""kana"": ""は""}, {""kind"": ""word"", ""ja"": ""一つ"", ""reading"": ""ひとつ"", ""en"": ""one"", ""kanji"": [""一""], ""targets"": [1]}, {""kind"": ""word"", ""ja"": ""幾ら"", ""reading"": ""いくら"", ""en"": ""how much"", ""kanji"": [""幾""], ""targets"": [137]}, {""kind"": ""particle"", ""kana"": ""ですか""}]"
s409,"[136, 94, 50, 144]",[],"[{""kind"": ""word"", ""ja"": ""誰"", ""reading"": ""だれ"", ""en"": ""whose"", ""kanji"": [""誰""], ""targets"": [136]}, {""kind"": ""particle"", ""kana"": ""の""}, {""kind"": ""word"", ""ja"": ""車"", ""reading"": ""くるま"", ""en"": ""car"", ""kanji"": [""車""], ""targets"": [94]}, {""kind"": ""particle"", ""kana"": ""が""}, {""kind"": ""word"", ""ja"": ""店"", ""reading"": ""みせ"", ""en"": ""shop"", ""kanji"": [""店""], ""targets"": [50]}, {""kind"": ""particle"", ""kana"": ""の""}, {""kind"": ""word"", ""ja"": ""前"", ""reading"": ""まえ"", ""en"": ""front"", ""kanji"": [""前""], ""targets"": [144]}, {""kind"": ""particle"", ""kana"": ""に""}, {""kind"": ""word"", ""ja"": ""あります"", ""reading"": ""あります"", ""en"": ""is"", ""kanji"": [], ""targets"": []}, {""kind"": ""particle"", ""kana"": ""か""}]"
s410,"[42, 149, 46, 17, 75]",[],"[{""kind"": ""word"", ""ja"": ""大雨"", ""reading"": ""おおあめ"", ""en"": ""heavy rain"", ""kanji"": [""大"", ""雨""], ""targets"": [42, 149]}, {""kind"": ""particle"", ""kana"": ""で""}, {""kind"": ""word"", ""ja"": ""川"", ""reading"": ""かわ"", ""en"": ""river"", ""kanji"": [""川""], ""targets"": [46]}, {""kind"": ""particle"", ""kana"": ""の""}, {""kind"": ""word"", ""ja"": ""水"", ""reading"": ""みず"", ""en"": ""water"", ""kanji"": [""水""], ""targets"": [17]}, {""kind"": ""particle"", ""kana"": ""が""}, {""kind"": ""word"", ""ja"": ""多くなりました"", ""reading"": ""おおくなりました"", ""en"": ""increased"", ""kanji"": [""多""], ""targets"": [75], ""lemma"": ""多い""}]"
s411,"[14, 71, 16, 45, 75]",[],"[{""kind"": ""word"", ""ja"": ""日本"", ""reading"": ""にほん"", ""en"": ""Japan"", ""kanji"": [""日"", ""本""], ""targets"": [14, 71]}, {""kind"": ""particle"", ""kana"": ""には""}, {""kind"": ""word"", ""ja"": ""火山"", ""reading"": ""かざん"", ""en"": ""volcanoes"", ""kanji"": [""火"", ""山""], ""targets"": [16, 45]}, {""kind"": ""particle"", ""kana"": ""が""}, {""kind"": ""word"", ""ja"": ""多い"", ""reading"": ""おおい"", ""en"": ""many"", ""kanji"": [""多""], ""targets"": [75]}, {""kind"": ""particle"", ""kana"": ""です""}]"
s412,"[81, 17, 41, 98]",[],"[{""kind"": ""word"", ""ja"": ""魚"", ""reading"": ""さかな"", ""en"": ""fish"", ""kanji"": [""魚""], ""targets"": [81]}, {""kind"": ""particle"", ""kana"": ""は""}, {""kind"": ""word"", ""ja"": ""水"", ""reading"": ""みず"", ""en"": ""water"", ""kanji"": [""水""], ""targets"": [17]}, {""kind"": ""particle"", ""kana"": ""の""}, {""kind"": ""word"", ""ja"": ""中"", ""reading"": ""なか"", ""en"": ""inside"", ""kanji"": [""中""], ""targets"": [41]}, {""kind"": ""particle"", ""kana"": ""で""}, {""kind"": ""word"", ""ja"": ""生きています"", ""reading"": ""いきています"", ""en"": ""live"", ""kanji"": [""生""], ""targets"": [98], ""lemma"": ""生きる""}]"
s413,"[45, 35, 144, 177]",[],"[{""kind"": ""word"", ""ja"": ""この"", ""reading"": ""この"", ""en"": ""this"", ""kanji"": [], ""targets"": []}, {""kind"": ""word"", ""ja"": ""山"", ""reading"": ""やま"", ""en"": ""mountain"", ""kanji"": [""山""], ""targets"": [45]}, {""kind"": ""particle"", ""kana"": ""の""}, {""kind"": ""word"", ""ja"": ""名前"", ""reading"": ""なまえ"", ""en"": ""name"", ""kanji"": [""名"", ""前""], ""targets"": [35, 144]}, {""kind"": ""particle"", ""kana"": ""を""}, {""kind"": ""word"", ""ja"": ""知っています"", ""reading"": ""しっています"", ""en"": ""know"", ""kanji"": [""知""], ""targets"": [177], ""lemma"": ""知る""}, {""kind"": ""particle"", ""kana"": ""か""}]"
s414,"[31, 80, 81, 123, 78]",[],"[{""kind"": ""word"", ""ja"": ""私"", ""reading"": ""わたし"", ""en"": ""I"", ""kanji"": [""私""], ""targets"": [31]}, {""kind"": ""particle"", ""kana"": ""は""}, {""kind"": ""word"", ""ja"": ""肉"", ""reading"": ""にく"", ""en"": ""meat"", ""kanji"": [""肉""], ""targets"": [80]}, {""kind"": ""particle"", ""kana"": ""より""}, {""kind"": ""word"", ""ja"": ""魚"", ""reading"": ""さかな"", ""en"": ""fish"", ""kanji"": [""魚""], ""targets"": [81]}, {""kind"": ""particle"", ""kana"": ""の""}, {""kind"": ""word"", ""ja"": ""方"", ""reading"": ""ほう"", ""en"": ""side"", ""kanji"": [""方""], ""targets"": [123]}, {""kind"": ""particle"", ""kana"": ""が""}, {""kind"": ""word"", ""ja"": ""好き"", ""reading"": ""すき"", ""en"": ""like"", ""kanji"": [""好""], ""targets"": [78]}, {""kind"": ""particle"", ""kana"": ""です""}]"
s415,"[38, 28, 14, 6, 22, 185]",[],"[{""kind"": ""word"", ""ja"": ""母"", ""reading"": ""はは"", ""en"": ""mother"", ""kanji"": [""母""], ""targets"": [38]}, {""kind"": ""particle"", ""kana"": ""は""}, {""kind"": ""word"", ""ja"": ""毎日"", ""reading"": ""まいにち"", ""en"": ""every day"", ""kanji"": [""毎"", ""日""], ""targets"": [28, 14]}, {""kind"": ""word"", ""ja"": ""六時"", ""reading"": ""ろくじ"", ""en"": ""6 o'clock"", ""kanji"": [""六"", ""時""], ""targets"": [6, 22]}, {""kind"": ""particle"", ""kana"": ""に""}, {""kind"": ""word"", ""ja"": ""起きます"", ""reading"": ""おきます"", ""en"": ""wakes up"", ""kanji"": [""起""], ""targets"": [185], ""lemma"": ""起きる""}]"
s416,"[47, 6, 11, 72, 62, 95, 94, 41, 57]",[121],"[{""kind"": ""word"", ""ja"": ""駅"", ""reading"": ""えき"", ""en"": ""station"", ""kanji"": [""駅""], ""targets"": [47]}, {""kind"": ""particle"", ""kana"": ""で""}, {""kind"": ""word"", ""ja"": ""六百"", ""reading"": ""ろっぴゃく"", ""en"": ""600"", ""kanji"": [""六"", ""百""], ""targets"": [6, 11]}, {""kind"": ""word"", ""ja"": ""円"", ""reading"": ""えん"", ""en"": ""yen"", ""kanji"": [""円""], ""targets"": [72]}, {""kind"": ""particle"", ""kana"": ""の""}, {""kind"": ""word"", ""ja"": ""パン"", ""reading"": ""ぱん"", ""en"": ""bread"", ""kanji"": [], ""targets"": [], ""kana_targets"": [121]}, {""kind"": ""particle"", ""kana"": ""を""}, {""kind"": ""word"", ""ja"": ""買って"", ""reading"": ""かって"", ""en"": ""buy"", ""kanji"": [""買""], ""targets"": [62], ""lemma"": ""買う""}, {""kind"": ""word"", ""ja"": ""電車"", ""reading"": ""でんしゃ"", ""en"": ""train"", ""kanji"": [""電"", ""車""], ""targets"": [95, 94]}, {""kind"": ""particle"", ""kana"": ""の""}, {""kind"": ""word"", ""ja"": ""中"", ""reading"": ""なか"", ""en"": ""inside"", ""kanji"": [""中""], ""targets"": [41]}, {""kind"": ""particle"", ""kana"": ""で""}, {""kind"": ""word"", ""ja"": ""食べました"", ""reading"": ""たべました"", ""en"": ""ate"", ""kanji"": [""食""], ""targets"": [57], ""lemma"": ""食べる""}]"
s417,"[17, 29, 14, 19, 96, 97, 71, 152]",[],"[{""kind"": ""word"", ""ja"": ""水曜日"", ""reading"": ""すいようび"", ""en"": ""Wednesday"", ""kanji"": [""水"", ""曜"", ""日""], ""targets"": [17, 29, 14]}, {""kind"": ""particle"", ""kana"": ""と""}, {""kind"": ""word"", ""ja"": ""金曜日"", ""reading"": ""きんようび"", ""en"": ""Friday"", ""kanji"": [""金"", ""曜"", ""日""], ""targets"": [19, 29, 14]}, {""kind"": ""particle"", ""kana"": ""に""}, {""kind"": ""word"", ""ja"": ""学校"", ""reading"": ""がっこう"", ""en"": ""school"", ""kanji"": [""学"", ""校""], ""targets"": [96, 97]}, {""kind"": ""particle"", ""kana"": ""で""}, {""kind"": ""word"", ""ja"": ""日本語"", ""reading"": ""にほんご"", ""en"": ""Japanese"", ""kanji"": [""日"", ""本"", ""語""], ""targets"": [14, 71, 152]}, {""kind"": ""particle"", ""kana"": ""を""}, {""kind"": ""word"", ""ja"": ""学んでいます"", ""reading"": ""まなんでいます"", ""en"": ""am studying"", ""kanji"": [""学""], ""targets"": [96], ""lemma"": ""学ぶ""}]"
s418,"[18, 29, 14, 3, 22, 47, 52, 68]",[],"[{""kind"": ""word"", ""ja"": ""木曜日"", ""reading"": ""もくようび"", ""en"": ""Thursday"", ""kanji"": [""木"", ""曜"", ""日""], ""targets"": [18, 29, 14]}, {""kind"": ""particle"", ""kana"": ""の""}, {""kind"": ""word"", ""ja"": ""三時"", ""reading"": ""さんじ"", ""en"": ""3 o'clock"", ""kanji"": [""三"", ""時""], ""targets"": [3, 22]}, {""kind"": ""particle"", ""kana"": ""に""}, {""kind"": ""word"", ""ja"": ""駅"", ""reading"": ""えき"", ""en"": ""station"", ""kanji"": [""駅""], ""targets"": [47]}, {""kind"": ""particle"", ""kana"": ""の""}, {""kind"": ""word"", ""ja"": ""外"", ""reading"": ""そと"", ""en"": ""outside"", ""kanji"": [""外""], ""targets"": [52]}, {""kind"": ""particle"", ""kana"": ""で""}, {""kind"": ""word"", ""ja"": ""待っています"", ""reading"": ""まっています"", ""en"": ""will be waiting"", ""kanji"": [""待""], ""targets"": [68], ""lemma"": ""待つ""}]"
s419,"[16, 29, 14, 50, 151]",[],"[{""kind"": ""word"", ""ja"": ""火曜日"", ""reading"": ""かようび"", ""en"": ""Tuesday"", ""kanji"": [""火"", ""曜"", ""日""], ""targets"": [16, 29, 14]}, {""kind"": ""particle"", ""kana"": ""は""}, {""kind"": ""word"", ""ja"": ""あの"", ""reading"": ""あの"", ""en"": ""that"", ""kanji"": [], ""targets"": []}, {""kind"": ""word"", ""ja"": ""店"", ""reading"": ""みせ"", ""en"": ""shop"", ""kanji"": [""店""], ""targets"": [50]}, {""kind"": ""particle"", ""kana"": ""は""}, {""kind"": ""word"", ""ja"": ""休み"", ""reading"": ""やすみ"", ""en"": ""closed"", ""kanji"": [""休""], ""targets"": [151]}, {""kind"": ""particle"", ""kana"": ""です""}]"
s420,"[45, 49, 2, 22, 26, 39]",[],"[{""kind"": ""word"", ""ja"": ""山"", ""reading"": ""やま"", ""en"": ""mountain"", ""kanji"": [""山""], ""targets"": [45]}, {""kind"": ""word"", ""ja"": ""道"", ""reading"": ""みち"", ""en"": ""path"", ""kanji"": [""道""], ""targets"": [49]}, {""kind"": ""particle"", ""kana"": ""を""}, {""kind"": ""word"", ""ja"": ""二"", ""reading"": ""に"", ""en"": ""two"", ""kanji"": [""二""], ""targets"": [2]}, {""kind"": ""word"", ""ja"": ""時間"", ""reading"": ""じかん"", ""en"": ""hours"", ""kanji"": [""時"", ""間""], ""targets"": [22, 26]}, {""kind"": ""word"", ""ja"": ""上りました"", ""reading"": ""のぼりました"", ""en"": ""climbed"", ""kanji"": [""上""], ""targets"": [39], ""lemma"": ""上る""}]"
s421,"[1, 14, 41, 51]",[],"[{""kind"": ""word"", ""ja"": ""一日中"", ""reading"": ""いちにちじゅう"", ""en"": ""all day"", ""kanji"": [""一"", ""日"", ""中""], ""targets"": [1, 14, 41]}, {""kind"": ""word"", ""ja"": ""家"", ""reading"": ""いえ"", ""en"": ""house"", ""kanji"": [""家""], ""targets"": [51]}, {""kind"": ""particle"", ""kana"": ""の""}, {""kind"": ""word"", ""ja"": ""中"", ""reading"": ""なか"", ""en"": ""inside"", ""kanji"": [""中""], ""targets"": [41]}, {""kind"": ""particle"", ""kana"": ""に""}, {""kind"": ""word"", ""ja"": ""いました"", ""reading"": ""いました"", ""en"": ""stayed"", ""kanji"": [], ""targets"": []}]"
s422,"[48, 35, 88, 106, 81]",[],"[{""kind"": ""word"", ""ja"": ""この"", ""reading"": ""この"", ""en"": ""this"", ""kanji"": [], ""targets"": []}, {""kind"": ""word"", ""ja"": ""町"", ""reading"": ""まち"", ""en"": ""town"", ""kanji"": [""町""], ""targets"": [48]}, {""kind"": ""particle"", ""kana"": ""の""}, {""kind"": ""word"", ""ja"": ""名物"", ""reading"": ""めいぶつ"", ""en"": ""specialty"", ""kanji"": [""名"", ""物""], ""targets"": [35, 88]}, {""kind"": ""particle"", ""kana"": ""は""}, {""kind"": ""word"", ""ja"": ""焼き魚"", ""reading"": ""やきざかな"", ""en"": ""grilled fish"", ""kanji"": [""焼"", ""魚""], ""targets"": [106, 81]}, {""kind"": ""particle"", ""kana"": ""です""}]"
s423,"[50, 105, 88, 221, 35]",[],"[{""kind"": ""word"", ""ja"": ""この"", ""reading"": ""この"", ""en"": ""this"", ""kanji"": [], ""targets"": []}, {""kind"": ""word"", ""ja"": ""店"", ""reading"": ""みせ"", ""en"": ""shop"", ""kanji"": [""店""], ""targets"": [50]}, {""kind"": ""particle"", ""kana"": ""は""}, {""kind"": ""word"", ""ja"": ""甘い"", ""reading"": ""あまい"", ""en"": ""sweet"", ""kanji"": [""甘""], ""targets"": [105]}, {""kind"": ""word"", ""ja"": ""物"", ""reading"": ""もの"", ""en"": ""things"", ""kanji"": [""物""], ""targets"": [88]}, {""kind"": ""particle"", ""kana"": ""で""}, {""kind"": ""word"", ""ja"": ""有名"", ""reading"": ""ゆうめい"", ""en"": ""famous"", ""kanji"": [""有"", ""名""], ""targets"": [221, 35]}, {""kind"": ""particle"", ""kana"": ""です""}]"
s424,"[31, 43, 48, 98]",[],"[{""kind"": ""word"", ""ja"": ""私"", ""reading"": ""わたし"", ""en"": ""I"", ""kanji"": [""私""], ""targets"": [31]}, {""kind"": ""particle"", ""kana"": ""は""}, {""kind"": ""word"", ""ja"": ""小さい"", ""reading"": ""ちいさい"", ""en"": ""small"", ""kanji"": [""小""], ""targets"": [43]}, {""kind"": ""word"", ""ja"": ""町"", ""reading"": ""まち"", ""en"": ""town"", ""kanji"": [""町""], ""targets"": [48]}, {""kind"": ""particle"", ""kana"": ""で""}, {""kind"": ""word"", ""ja"": ""生まれました"", ""reading"": ""うまれました"", ""en"": ""was born"", ""kanji"": [""生""], ""targets"": [98], ""lemma"": ""生まれる""}]"
s425,"[98, 81, 57, 122]",[],"[{""kind"": ""word"", ""ja"": ""生"", ""reading"": ""なま"", ""en"": ""raw"", ""kanji"": [""生""], ""targets"": [98]}, {""kind"": ""particle"", ""kana"": ""の""}, {""kind"": ""word"", ""ja"": ""魚"", ""reading"": ""さかな"", ""en"": ""fish"", ""kanji"": [""魚""], ""targets"": [81]}, {""kind"": ""particle"", ""kana"": ""を""}, {""kind"": ""word"", ""ja"": ""食べた"", ""reading"": ""たべた"", ""en"": ""ate"", ""kanji"": [""食""], ""targets"": [57], ""lemma"": ""食べる""}, {""kind"": ""word"", ""ja"": ""事"", ""reading"": ""こと"", ""en"": ""experience"", ""kanji"": [""事""], ""targets"": [122]}, {""kind"": ""particle"", ""kana"": ""が""}, {""kind"": ""word"", ""ja"": ""あります"", ""reading"": ""あります"", ""en"": ""have"", ""kanji"": [], ""targets"": []}, {""kind"": ""particle"", ""kana"": ""か""}]"
s426,"[23, 30, 100, 39]",[],"[{""kind"": ""word"", ""ja"": ""分かる"", ""reading"": ""わかる"", ""en"": ""understand"", ""kanji"": [""分""], ""targets"": [23]}, {""kind"": ""word"", ""ja"": ""人"", ""reading"": ""ひと"", ""en"": ""people"", ""kanji"": [""人""], ""targets"": [30]}, {""kind"": ""particle"", ""kana"": ""は""}, {""kind"": ""word"", ""ja"": ""手"", ""reading"": ""て"", ""en"": ""hand"", ""kanji"": [""手""], ""targets"": [100]}, {""kind"": ""particle"", ""kana"": ""を""}, {""kind"": ""word"", ""ja"": ""上げて"", ""reading"": ""あげて"", ""en"": ""raise"", ""kanji"": [""上""], ""targets"": [39], ""lemma"": ""上がる""}, {""kind"": ""word"", ""ja"": ""ください"", ""reading"": ""ください"", ""en"": ""please"", ""kanji"": [], ""targets"": []}]"
s427,"[47, 60, 157, 36, 68]",[],"[{""kind"": ""word"", ""ja"": ""駅"", ""reading"": ""えき"", ""en"": ""station"", ""kanji"": [""駅""], ""targets"": [47]}, {""kind"": ""particle"", ""kana"": ""の""}, {""kind"": ""word"", ""ja"": ""出口"", ""reading"": ""でぐち"", ""en"": ""exit"", ""kanji"": [""出"", ""口""], ""targets"": [60, 157]}, {""kind"": ""particle"", ""kana"": ""で""}, {""kind"": ""word"", ""ja"": ""友だち"", ""reading"": ""ともだち"", ""en"": ""friend"", ""kanji"": [""友""], ""targets"": [36]}, {""kind"": ""particle"", ""kana"": ""を""}, {""kind"": ""word"", ""ja"": ""待ちました"", ""reading"": ""まちました"", ""en"": ""waited for"", ""kanji"": [""待""], ""targets"": [68], ""lemma"": ""待つ""}]"
s428,"[50, 61, 157, 67]",[],"[{""kind"": ""word"", ""ja"": ""店"", ""reading"": ""みせ"", ""en"": ""shop"", ""kanji"": [""店""], ""targets"": [50]}, {""kind"": ""particle"", ""kana"": ""の""}, {""kind"": ""word"", ""ja"": ""入口"", ""reading"": ""いりぐち"", ""en"": ""entrance"", ""kanji"": [""入"", ""口""], ""targets"": [61, 157]}, {""kind"": ""particle"", ""kana"": ""に""}, {""kind"": ""word"", ""ja"": ""立たないで"", ""reading"": ""たたないで"", ""en"": ""do not stand"", ""kanji"": [""立""], ""targets"": [67], ""lemma"": ""立つ""}, {""kind"": ""word"", ""ja"": ""ください"", ""reading"": ""ください"", ""en"": ""please"", ""kanji"": [], ""targets"": []}]"
s429,"[42, 113, 88]",[],"[{""kind"": ""word"", ""ja"": ""これ"", ""reading"": ""これ"", ""en"": ""this"", ""kanji"": [], ""targets"": []}, {""kind"": ""particle"", ""kana"": ""は""}, {""kind"": ""word"", ""ja"": ""とても"", ""reading"": ""とても"", ""en"": ""very"", ""kanji"": [], ""targets"": []}, {""kind"": ""word"", ""ja"": ""大切"", ""reading"": ""たいせつ"", ""en"": ""important"", ""kanji"": [""大"", ""切""], ""targets"": [42, 113]}, {""kind"": ""particle"", ""kana"": ""な""}, {""kind"": ""word"", ""ja"": ""物"", ""reading"": ""もの"", ""en"": ""thing"", ""kanji"": [""物""], ""targets"": [88]}, {""kind"": ""particle"", ""kana"": ""です""}]"
s430,"[50, 30, 270, 113]",[],"[{""kind"": ""word"", ""ja"": ""あの"", ""reading"": ""あの"", ""en"": ""that"", ""kanji"": [], ""targets"": []}, {""kind"": ""word"", ""ja"": ""店"", ""reading"": ""みせ"", ""en"": ""shop"", ""kanji"": [""店""], ""targets"": [50]}, {""kind"": ""particle"", ""kana"": ""の""}, {""kind"": ""word"", ""ja"": ""人"", ""reading"": ""ひと"", ""en"": ""people"", ""kanji"": [""人""], ""targets"": [30]}, {""kind"": ""particle"", ""kana"": ""は""}, {""kind"": ""word"", ""ja"": ""とても"", ""reading"": ""とても"", ""en"": ""very"", ""kanji"": [], ""targets"": []}, {""kind"": ""word"", ""ja"": ""親切"", ""reading"": ""しんせつ"", ""en"": ""kind"", ""kanji"": [""親"", ""切""], ""targets"": [270, 113]}, {""kind"": ""particle"", ""kana"": ""です""}]"
s431,"[73, 30, 55]",[291],"[{""kind"": ""word"", ""ja"": ""パーティー"", ""reading"": ""パーティー"", ""en"": ""party"", ""kanji"": [], ""targets"": [], ""kana_targets"": [291]}, {""kind"": ""particle"", ""kana"": ""には""}, {""kind"": ""word"", ""ja"": ""何人"", ""reading"": ""なんにん"", ""en"": ""how many people"", ""kanji"": [""何"", ""人""], ""targets"": [73, 30]}, {""kind"": ""word"", ""ja"": ""来ます"", ""reading"": ""きます"", ""en"": ""will come"", ""kanji"": [""来""], ""targets"": [55], ""lemma"": ""来る""}, {""kind"": ""particle"", ""kana"": ""か""}]"
s432,"[275, 14, 136, 55]",[],"[{""kind"": ""word"", ""ja"": ""昨日"", ""reading"": ""きのう"", ""en"": ""yesterday"", ""kanji"": [""昨"", ""日""], ""targets"": [275, 14]}, {""kind"": ""particle"", ""kana"": ""は""}, {""kind"": ""word"", ""ja"": ""誰も"", ""reading"": ""だれも"", ""en"": ""no one"", ""kanji"": [""誰""], ""targets"": [136]}, {""kind"": ""word"", ""ja"": ""来ませんでした"", ""reading"": ""きませんでした"", ""en"": ""came"", ""kanji"": [""来""], ""targets"": [55], ""lemma"": ""来る""}]"
s433,"[73, 58]",[],"[{""kind"": ""word"", ""ja"": ""何か"", ""reading"": ""なにか"", ""en"": ""something"", ""kanji"": [""何""], ""targets"": [73]}, {""kind"": ""word"", ""ja"": ""飲みます"", ""reading"": ""のみます"", ""en"": ""drink"", ""kanji"": [""飲""], ""targets"": [58], ""lemma"": ""飲む""}, {""kind"": ""particle"", ""kana"": ""か""}]"
s434,"[130, 14, 95, 66]",[],"[{""kind"": ""word"", ""ja"": ""別"", ""reading"": ""べつ"", ""en"": ""another"", ""kanji"": [""別""], ""targets"": [130]}, {""kind"": ""particle"", ""kana"": ""の""}, {""kind"": ""word"", ""ja"": ""日"", ""reading"": ""ひ"", ""en"": ""day"", ""kanji"": [""日""], ""targets"": [14]}, {""kind"": ""particle"", ""kana"": ""に""}, {""kind"": ""word"", ""ja"": ""また"", ""reading"": ""また"", ""en"": ""again"", ""kanji"": [], ""targets"": []}, {""kind"": ""word"", ""ja"": ""電話"", ""reading"": ""でんわ"", ""en"": ""phone call"", ""kanji"": [""電"", ""話""], ""targets"": [95, 66]}, {""kind"": ""word"", ""ja"": ""します"", ""reading"": ""します"", ""en"": ""will make"", ""kanji"": [], ""targets"": []}]"
s435,"[14, 29, 128, 45, 54]",[],"[{""kind"": ""word"", ""ja"": ""日曜日"", ""reading"": ""にちようび"", ""en"": ""Sunday"", ""kanji"": [""日"", ""曜"", ""日""], ""targets"": [14, 29, 14]}, {""kind"": ""particle"", ""kana"": ""は""}, {""kind"": ""word"", ""ja"": ""皆"", ""reading"": ""みんな"", ""en"": ""everyone"", ""kanji"": [""皆""], ""targets"": [128]}, {""kind"": ""particle"", ""kana"": ""で""}, {""kind"": ""word"", ""ja"": ""山"", ""reading"": ""やま"", ""en"": ""mountains"", ""kanji"": [""山""], ""targets"": [45]}, {""kind"": ""particle"", ""kana"": ""へ""}, {""kind"": ""word"", ""ja"": ""行きましょう"", ""reading"": ""いきましょう"", ""en"": ""let's go"", ""kanji"": [""行""], ""targets"": [54], ""lemma"": ""行く""}]"
s436,"[55, 27, 20, 29, 14, 172]",[],"[{""kind"": ""word"", ""ja"": ""来週"", ""reading"": ""らいしゅう"", ""en"": ""next week"", ""kanji"": [""来"", ""週""], ""targets"": [55, 27]}, {""kind"": ""particle"", ""kana"": ""の""}, {""kind"": ""word"", ""ja"": ""土曜日"", ""reading"": ""どようび"", ""en"": ""Saturday"", ""kanji"": [""土"", ""曜"", ""日""], ""targets"": [20, 29, 14]}, {""kind"": ""particle"", ""kana"": ""に""}, {""kind"": ""word"", ""ja"": ""会いましょう"", ""reading"": ""あいましょう"", ""en"": ""let's meet"", ""kanji"": [""会""], ""targets"": [172], ""lemma"": ""会う""}]"
s437,"[55, 21, 14, 71, 54]",[],"[{""kind"": ""word"", ""ja"": ""来年"", ""reading"": ""らいねん"", ""en"": ""next year"", ""kanji"": [""来"", ""年""], ""targets"": [55, 21]}, {""kind"": ""word"", ""ja"": ""日本"", ""reading"": ""にほん"", ""en"": ""Japan"", ""kanji"": [""日"", ""本""], ""targets"": [14, 71]}, {""kind"": ""particle"", ""kana"": ""へ""}, {""kind"": ""word"", ""ja"": ""行きたい"", ""reading"": ""いきたい"", ""en"": ""want to go"", ""kanji"": [""行""], ""targets"": [54], ""lemma"": ""行く""}, {""kind"": ""particle"", ""kana"": ""です""}]"
s438,"[24, 21, 149, 76]",[],"[{""kind"": ""word"", ""ja"": ""今年"", ""reading"": ""ことし"", ""en"": ""this year"", ""kanji"": [""今"", ""年""], ""targets"": [24, 21]}, {""kind"": ""particle"", ""kana"": ""は""}, {""kind"": ""word"", ""ja"": ""雨"", ""reading"": ""あめ"", ""en"": ""rain"", ""kanji"": [""雨""], ""targets"": [149]}, {""kind"": ""particle"", ""kana"": ""が""}, {""kind"": ""word"", ""ja"": ""少ない"", ""reading"": ""すくない"", ""en"": ""little"", ""kanji"": [""少""], ""targets"": [76]}, {""kind"": ""particle"", ""kana"": ""です""}]"
s439,"[31, 34, 24, 21, 41, 96, 98]",[],"[{""kind"": ""word"", ""ja"": ""私"", ""reading"": ""わたし"", ""en"": ""I"", ""kanji"": [""私""], ""targets"": [31]}, {""kind"": ""particle"", ""kana"": ""の""}, {""kind"": ""word"", ""ja"": ""子ども"", ""reading"": ""こども"", ""en"": ""child"", ""kanji"": [""子""], ""targets"": [34]}, {""kind"": ""particle"", ""kana"": ""は""}, {""kind"": ""word"", ""ja"": ""今年"", ""reading"": ""ことし"", ""en"": ""this year"", ""kanji"": [""今"", ""年""], ""targets"": [24, 21]}, {""kind"": ""particle"", ""kana"": ""から""}, {""kind"": ""word"", ""ja"": ""中"", ""reading"": ""ちゅう"", ""en"": ""middle"", ""kanji"": [""中""], ""targets"": [41]}, {""kind"": ""word"", ""ja"": ""学生"", ""reading"": ""がくせい"", ""en"": ""student"", ""kanji"": [""学"", ""生""], ""targets"": [96, 98]}, {""kind"": ""particle"", ""kana"": ""です""}]"
s440,"[43, 96, 97, 51, 183, 10, 23]",[],"[{""kind"": ""word"", ""ja"": ""小学校"", ""reading"": ""しょうがっこう"", ""en"": ""elementary school"", ""kanji"": [""小"", ""学"", ""校""], ""targets"": [43, 96, 97]}, {""kind"": ""particle"", ""kana"": ""は""}, {""kind"": ""word"", ""ja"": ""家"", ""reading"": ""いえ"", ""en"": ""house"", ""kanji"": [""家""], ""targets"": [51]}, {""kind"": ""particle"", ""kana"": ""から""}, {""kind"": ""word"", ""ja"": ""歩いて"", ""reading"": ""あるいて"", ""en"": ""on foot"", ""kanji"": [""歩""], ""targets"": [183], ""lemma"": ""歩く""}, {""kind"": ""word"", ""ja"": ""十分"", ""reading"": ""じゅっぷん"", ""en"": ""ten minutes"", ""kanji"": [""十"", ""分""], ""targets"": [10, 23]}, {""kind"": ""particle"", ""kana"": ""です""}]"
s441,"[31, 36, 128, 42, 96, 98]",[],"[{""kind"": ""word"", ""ja"": ""私"", ""reading"": ""わたし"", ""en"": ""I"", ""kanji"": [""私""], ""targets"": [31]}, {""kind"": ""particle"", ""kana"": ""の""}, {""kind"": ""word"", ""ja"": ""友だち"", ""reading"": ""ともだち"", ""en"": ""friends"", ""kanji"": [""友""], ""targets"": [36]}, {""kind"": ""particle"", ""kana"": ""は""}, {""kind"": ""word"", ""ja"": ""皆"", ""reading"": ""みんな"", ""en"": ""all"", ""kanji"": [""皆""], ""targets"": [128]}, {""kind"": ""word"", ""ja"": ""大学生"", ""reading"": ""だいがくせい"", ""en"": ""university students"", ""kanji"": [""大"", ""学"", ""生""], ""targets"": [42, 96, 98]}, {""kind"": ""particle"", ""kana"": ""です""}]"
s442,"[47, 52, 44, 30, 49, 65]",[],"[{""kind"": ""word"", ""ja"": ""駅"", ""reading"": ""えき"", ""en"": ""station"", ""kanji"": [""駅""], ""targets"": [47]}, {""kind"": ""particle"", ""kana"": ""で""}, {""kind"": ""word"", ""ja"": ""外国人"", ""reading"": ""がいこくじん"", ""en"": ""foreigner"", ""kanji"": [""外"", ""国"", ""人""], ""targets"": [52, 44, 30]}, {""kind"": ""particle"", ""kana"": ""に""}, {""kind"": ""word"", ""ja"": ""道"", ""reading"": ""みち"", ""en"": ""directions"", ""kanji"": [""道""], ""targets"": [49]}, {""kind"": ""particle"", ""kana"": ""を""}, {""kind"": ""word"", ""ja"": ""聞かれました"", ""reading"": ""きかれました"", ""en"": ""was asked"", ""kanji"": [""聞""], ""targets"": [65], ""lemma"": ""聞く""}]"
s443,"[44, 53, 262, 54, 78]",[],"[{""kind"": ""word"", ""ja"": ""国内"", ""reading"": ""こくない"", ""en"": ""domestic"", ""kanji"": [""国"", ""内""], ""targets"": [44, 53]}, {""kind"": ""particle"", ""kana"": ""を""}, {""kind"": ""word"", ""ja"": ""旅行"", ""reading"": ""りょこう"", ""en"": ""travel"", ""kanji"": [""旅"", ""行""], ""targets"": [262, 54]}, {""kind"": ""word"", ""ja"": ""する"", ""reading"": ""する"", ""en"": ""do"", ""kanji"": [], ""targets"": []}, {""kind"": ""particle"", ""kana"": ""のが""}, {""kind"": ""word"", ""ja"": ""好き"", ""reading"": ""すき"", ""en"": ""like"", ""kanji"": [""好""], ""targets"": [78]}, {""kind"": ""particle"", ""kana"": ""です""}]"
s444,"[99, 79, 90, 123, 78]",[],"[{""kind"": ""word"", ""ja"": ""白米"", ""reading"": ""はくまい"", ""en"": ""white rice"", ""kanji"": [""白"", ""米""], ""targets"": [99, 79]}, {""kind"": ""particle"", ""kana"": ""より""}, {""kind"": ""word"", ""ja"": ""麺"", ""reading"": ""めん"", ""en"": ""noodles"", ""kanji"": [""麺""], ""targets"": [90]}, {""kind"": ""particle"", ""kana"": ""の""}, {""kind"": ""word"", ""ja"": ""方"", ""reading"": ""ほう"", ""en"": ""side"", ""kanji"": [""方""], ""targets"": [123]}, {""kind"": ""particle"", ""kana"": ""が""}, {""kind"": ""word"", ""ja"": ""好き"", ""reading"": ""すき"", ""en"": ""like"", ""kanji"": [""好""], ""targets"": [78]}, {""kind"": ""particle"", ""kana"": ""です""}]"
s445,"[90, 92, 104, 101]",[],"[{""kind"": ""word"", ""ja"": ""この"", ""reading"": ""この"", ""en"": ""this"", ""kanji"": [], ""targets"": []}, {""kind"": ""word"", ""ja"": ""麺"", ""reading"": ""めん"", ""en"": ""noodles"", ""kanji"": [""麺""], ""targets"": [90]}, {""kind"": ""particle"", ""kana"": ""は""}, {""kind"": ""word"", ""ja"": ""塩"", ""reading"": ""しお"", ""en"": ""salt"", ""kanji"": [""塩""], ""targets"": [92]}, {""kind"": ""word"", ""ja"": ""味"", ""reading"": ""あじ"", ""en"": ""flavor"", ""kanji"": [""味""], ""targets"": [104]}, {""kind"": ""particle"", ""kana"": ""で""}, {""kind"": ""word"", ""ja"": ""美味しい"", ""reading"": ""おいしい"", ""en"": ""delicious"", ""kanji"": [""美"", ""味""], ""targets"": [101, 104]}, {""kind"": ""particle"", ""kana"": ""です""}]"
s446,"[58, 88, 93, 23, 75]",[],"[{""kind"": ""word"", ""ja"": ""この"", ""reading"": ""この"", ""en"": ""this"", ""kanji"": [], ""targets"": []}, {""kind"": ""word"", ""ja"": ""飲み物"", ""reading"": ""のみもの"", ""en"": ""drink"", ""kanji"": [""飲"", ""物""], ""targets"": [58, 88]}, {""kind"": ""particle"", ""kana"": ""は""}, {""kind"": ""word"", ""ja"": ""糖分"", ""reading"": ""とうぶん"", ""en"": ""sugar content"", ""kanji"": [""糖"", ""分""], ""targets"": [93, 23]}, {""kind"": ""particle"", ""kana"": ""が""}, {""kind"": ""word"", ""ja"": ""多い"", ""reading"": ""おおい"", ""en"": ""high"", ""kanji"": [""多""], ""targets"": [75]}, {""kind"": ""particle"", ""kana"": ""です""}]"
s447,"[91, 85, 86, 106, 101, 104]",[],"[{""kind"": ""word"", ""ja"": ""油"", ""reading"": ""あぶら"", ""en"": ""oil"", ""kanji"": [""油""], ""targets"": [91]}, {""kind"": ""particle"", ""kana"": ""で""}, {""kind"": ""word"", ""ja"": ""野菜"", ""reading"": ""やさい"", ""en"": ""vegetables"", ""kanji"": [""野"", ""菜""], ""targets"": [85, 86]}, {""kind"": ""particle"", ""kana"": ""を""}, {""kind"": ""word"", ""ja"": ""焼く"", ""reading"": ""やく"", ""en"": ""grill"", ""kanji"": [""焼""], ""targets"": [106]}, {""kind"": ""particle"", ""kana"": ""と""}, {""kind"": ""word"", ""ja"": ""美味しい"", ""reading"": ""おいしい"", ""en"": ""delicious"", ""kanji"": [""美"", ""味""], ""targets"": [101, 104]}, {""kind"": ""particle"", ""kana"": ""です""}]"
s448,"[91, 42, 107, 60, 55]",[],"[{""kind"": ""word"", ""ja"": ""この"", ""reading"": ""この"", ""en"": ""this"", ""kanji"": [], ""targets"": []}, {""kind"": ""word"", ""ja"": ""油"", ""reading"": ""あぶら"", ""en"": ""oil"", ""kanji"": [""油""], ""targets"": [91]}, {""kind"": ""particle"", ""kana"": ""は""}, {""kind"": ""word"", ""ja"": ""大豆"", ""reading"": ""だいず"", ""en"": ""soybeans"", ""kanji"": [""大"", ""豆""], ""targets"": [42, 107]}, {""kind"": ""particle"", ""kana"": ""から""}, {""kind"": ""word"", ""ja"": ""出来ています"", ""reading"": ""できています"", ""en"": ""is made"", ""kanji"": [""出"", ""来""], ""targets"": [60, 55], ""lemma"": ""出来る""}]"
s449,"[38, 84, 106, 105, 101, 104]",[],"[{""kind"": ""word"", ""ja"": ""母"", ""reading"": ""はは"", ""en"": ""mother"", ""kanji"": [""母""], ""targets"": [38]}, {""kind"": ""particle"", ""kana"": ""の""}, {""kind"": ""word"", ""ja"": ""卵焼き"", ""reading"": ""たまごやき"", ""en"": ""rolled omelet"", ""kanji"": [""卵"", ""焼""], ""targets"": [84, 106]}, {""kind"": ""particle"", ""kana"": ""は""}, {""kind"": ""word"", ""ja"": ""甘くて"", ""reading"": ""あまくて"", ""en"": ""sweet and"", ""kanji"": [""甘""], ""targets"": [105], ""lemma"": ""甘い""}, {""kind"": ""word"", ""ja"": ""美味しい"", ""reading"": ""おいしい"", ""en"": ""delicious"", ""kanji"": [""美"", ""味""], ""targets"": [101, 104]}, {""kind"": ""particle"", ""kana"": ""です""}]"
s450,"[102, 80, 103, 123, 74]",[],"[{""kind"": ""word"", ""ja"": ""牛肉"", ""reading"": ""ぎゅうにく"", ""en"": ""beef"", ""kanji"": [""牛"", ""肉""], ""targets"": [102, 80]}, {""kind"": ""particle"", ""kana"": ""より""}, {""kind"": ""word"", ""ja"": ""鳥"", ""reading"": ""とり"", ""en"": ""chicken"", ""kanji"": [""鳥""], ""targets"": [103]}, {""kind"": ""word"", ""ja"": ""肉"", ""reading"": ""にく"", ""en"": ""meat"", ""kanji"": [""肉""], ""targets"": [80]}, {""kind"": ""particle"", ""kana"": ""の""}, {""kind"": ""word"", ""ja"": ""方"", ""reading"": ""ほう"", ""en"": ""side"", ""kanji"": [""方""], ""targets"": [123]}, {""kind"": ""particle"", ""kana"": ""が""}, {""kind"": ""word"", ""ja"": ""安い"", ""reading"": ""やすい"", ""en"": ""cheaper"", ""kanji"": [""安""], ""targets"": [74]}, {""kind"": ""particle"", ""kana"": ""です""}]"
s451,"[83, 121, 37, 78, 62]",[],"[{""kind"": ""word"", ""ja"": ""酒屋"", ""reading"": ""さかや"", ""en"": ""liquor store"", ""kanji"": [""酒"", ""屋""], ""targets"": [83, 121]}, {""kind"": ""particle"", ""kana"": ""で""}, {""kind"": ""word"", ""ja"": ""父"", ""reading"": ""ちち"", ""en"": ""father"", ""kanji"": [""父""], ""targets"": [37]}, {""kind"": ""particle"", ""kana"": ""の""}, {""kind"": ""word"", ""ja"": ""好きな"", ""reading"": ""すきな"", ""en"": ""favorite"", ""kanji"": [""好""], ""targets"": [78], ""lemma"": ""好き""}, {""kind"": ""word"", ""ja"": ""お酒"", ""reading"": ""おさけ"", ""en"": ""sake"", ""kanji"": [""酒""], ""targets"": [83]}, {""kind"": ""particle"", ""kana"": ""を""}, {""kind"": ""word"", ""ja"": ""買いました"", ""reading"": ""かいました"", ""en"": ""bought"", ""kanji"": [""買""], ""targets"": [62], ""lemma"": ""買う""}]"
s452,"[3, 22, 82, 26]",[],"[{""kind"": ""word"", ""ja"": ""三時"", ""reading"": ""さんじ"", ""en"": ""3 o'clock"", ""kanji"": [""三"", ""時""], ""targets"": [3, 22]}, {""kind"": ""particle"", ""kana"": ""は""}, {""kind"": ""word"", ""ja"": ""お茶"", ""reading"": ""おちゃ"", ""en"": ""tea"", ""kanji"": [""茶""], ""targets"": [82]}, {""kind"": ""particle"", ""kana"": ""の""}, {""kind"": ""word"", ""ja"": ""時間"", ""reading"": ""じかん"", ""en"": ""time"", ""kanji"": [""時"", ""間""], ""targets"": [22, 26]}, {""kind"": ""particle"", ""kana"": ""です""}]"
s453,"[76, 104, 56]",[],"[{""kind"": ""word"", ""ja"": ""少し"", ""reading"": ""すこし"", ""en"": ""a little"", ""kanji"": [""少""], ""targets"": [76]}, {""kind"": ""word"", ""ja"": ""味見"", ""reading"": ""あじみ"", ""en"": ""taste test"", ""kanji"": [""味"", ""見""], ""targets"": [104, 56]}, {""kind"": ""word"", ""ja"": ""して"", ""reading"": ""して"", ""en"": ""do"", ""kanji"": [], ""targets"": []}, {""kind"": ""particle"", ""kana"": ""も""}, {""kind"": ""word"", ""ja"": ""いい"", ""reading"": ""いい"", ""en"": ""okay"", ""kanji"": [], ""targets"": []}, {""kind"": ""particle"", ""kana"": ""ですか""}]"
s454,"[38, 120, 54, 253, 122]",[],"[{""kind"": ""word"", ""ja"": ""母"", ""reading"": ""はは"", ""en"": ""mother"", ""kanji"": [""母""], ""targets"": [38]}, {""kind"": ""particle"", ""kana"": ""は""}, {""kind"": ""word"", ""ja"": ""銀行"", ""reading"": ""ぎんこう"", ""en"": ""bank"", ""kanji"": [""銀"", ""行""], ""targets"": [120, 54]}, {""kind"": ""particle"", ""kana"": ""で""}, {""kind"": ""word"", ""ja"": ""仕事"", ""reading"": ""しごと"", ""en"": ""work"", ""kanji"": [""仕"", ""事""], ""targets"": [253, 122]}, {""kind"": ""particle"", ""kana"": ""を""}, {""kind"": ""word"", ""ja"": ""しています"", ""reading"": ""しています"", ""en"": ""is doing"", ""kanji"": [], ""targets"": []}]"
s455,"[123, 136]",[],"[{""kind"": ""word"", ""ja"": ""あの"", ""reading"": ""あの"", ""en"": ""that"", ""kanji"": [], ""targets"": []}, {""kind"": ""word"", ""ja"": ""方"", ""reading"": ""かた"", ""en"": ""person"", ""kanji"": [""方""], ""targets"": [123]}, {""kind"": ""particle"", ""kana"": ""は""}, {""kind"": ""word"", ""ja"": ""誰"", ""reading"": ""だれ"", ""en"": ""who"", ""kanji"": [""誰""], ""targets"": [136]}, {""kind"": ""particle"", ""kana"": ""ですか""}]"
s456,"[114, 53, 118, 119, 3]",[],"[{""kind"": ""word"", ""ja"": ""市内"", ""reading"": ""しない"", ""en"": ""within the city"", ""kanji"": [""市"", ""内""], ""targets"": [114, 53]}, {""kind"": ""particle"", ""kana"": ""に""}, {""kind"": ""word"", ""ja"": ""病院"", ""reading"": ""びょういん"", ""en"": ""hospitals"", ""kanji"": [""病"", ""院""], ""targets"": [118, 119]}, {""kind"": ""particle"", ""kana"": ""が""}, {""kind"": ""word"", ""ja"": ""三つ"", ""reading"": ""みっつ"", ""en"": ""three"", ""kanji"": [""三""], ""targets"": [3]}, {""kind"": ""word"", ""ja"": ""あります"", ""reading"": ""あります"", ""en"": ""there are"", ""kanji"": [], ""targets"": []}]"
s457,"[38, 120, 22, 291, 62]",[],"[{""kind"": ""word"", ""ja"": ""母"", ""reading"": ""はは"", ""en"": ""mother"", ""kanji"": [""母""], ""targets"": [38]}, {""kind"": ""particle"", ""kana"": ""に""}, {""kind"": ""word"", ""ja"": ""銀"", ""reading"": ""ぎん"", ""en"": ""silver"", ""kanji"": [""銀""], ""targets"": [120]}, {""kind"": ""particle"", ""kana"": ""の""}, {""kind"": ""word"", ""ja"": ""時計"", ""reading"": ""とけい"", ""en"": ""watch"", ""kanji"": [""時"", ""計""], ""targets"": [22, 291]}, {""kind"": ""particle"", ""kana"": ""を""}, {""kind"": ""word"", ""ja"": ""買いました"", ""reading"": ""かいました"", ""en"": ""bought"", ""kanji"": [""買""], ""targets"": [62], ""lemma"": ""買う""}]"
s458,"[7, 22, 271, 135]",[],"[{""kind"": ""word"", ""ja"": ""七時"", ""reading"": ""しちじ"", ""en"": ""7 o'clock"", ""kanji"": [""七"", ""時""], ""targets"": [7, 22]}, {""kind"": ""particle"", ""kana"": ""に""}, {""kind"": ""word"", ""ja"": ""レストラン"", ""reading"": ""レストラン"", ""en"": ""restaurant"", ""kanji"": [], ""targets"": []}, {""kind"": ""particle"", ""kana"": ""を""}, {""kind"": ""word"", ""ja"": ""予約"", ""reading"": ""よやく"", ""en"": ""reservation"", ""kanji"": [""予"", ""約""], ""targets"": [271, 135]}, {""kind"": ""word"", ""ja"": ""しました"", ""reading"": ""しました"", ""en"": ""made"", ""kanji"": [], ""targets"": []}]"
s459,"[34, 133, 100, 102, 257, 58]",[],"[{""kind"": ""word"", ""ja"": ""子ども"", ""reading"": ""こども"", ""en"": ""child"", ""kanji"": [""子""], ""targets"": [34]}, {""kind"": ""particle"", ""kana"": ""は""}, {""kind"": ""word"", ""ja"": ""両手"", ""reading"": ""りょうて"", ""en"": ""both hands"", ""kanji"": [""両"", ""手""], ""targets"": [133, 100]}, {""kind"": ""particle"", ""kana"": ""で""}, {""kind"": ""word"", ""ja"": ""牛乳"", ""reading"": ""ぎゅうにゅう"", ""en"": ""milk"", ""kanji"": [""牛"", ""乳""], ""targets"": [102, 257]}, {""kind"": ""particle"", ""kana"": ""を""}, {""kind"": ""word"", ""ja"": ""飲んでいます"", ""reading"": ""のんでいます"", ""en"": ""is drinking"", ""kanji"": [""飲""], ""targets"": [58], ""lemma"": ""飲む""}]"
s460,"[130, 66]",[],"[{""kind"": ""word"", ""ja"": ""それ"", ""reading"": ""それ"", ""en"": ""that"", ""kanji"": [], ""targets"": []}, {""kind"": ""particle"", ""kana"": ""と""}, {""kind"": ""word"", ""ja"": ""これ"", ""reading"": ""これ"", ""en"": ""this"", ""kanji"": [], ""targets"": []}, {""kind"": ""particle"", ""kana"": ""は""}, {""kind"": ""word"", ""ja"": ""別"", ""reading"": ""べつ"", ""en"": ""different"", ""kanji"": [""別""], ""targets"": [130]}, {""kind"": ""particle"", ""kana"": ""の""}, {""kind"": ""word"", ""ja"": ""話"", ""reading"": ""はなし"", ""en"": ""matter"", ""kanji"": [""話""], ""targets"": [66]}, {""kind"": ""particle"", ""kana"": ""です""}]"
s461,"[129, 73, 62, 88]",[],"[{""kind"": ""word"", ""ja"": ""他"", ""reading"": ""ほか"", ""en"": ""else"", ""kanji"": [""他""], ""targets"": [129]}, {""kind"": ""particle"", ""kana"": ""に""}, {""kind"": ""word"", ""ja"": ""何か"", ""reading"": ""なにか"", ""en"": ""anything"", ""kanji"": [""何""], ""targets"": [73]}, {""kind"": ""word"", ""ja"": ""買う"", ""reading"": ""かう"", ""en"": ""buy"", ""kanji"": [""買""], ""targets"": [62]}, {""kind"": ""word"", ""ja"": ""物"", ""reading"": ""もの"", ""en"": ""thing"", ""kanji"": [""物""], ""targets"": [88]}, {""kind"": ""particle"", ""kana"": ""は""}, {""kind"": ""word"", ""ja"": ""あります"", ""reading"": ""あります"", ""en"": ""is there"", ""kanji"": [], ""targets"": []}, {""kind"": ""particle"", ""kana"": ""か""}]"
s462,"[36, 55, 125, 145, 65]",[],"[{""kind"": ""word"", ""ja"": ""友だち"", ""reading"": ""ともだち"", ""en"": ""friend"", ""kanji"": [""友""], ""targets"": [36]}, {""kind"": ""particle"", ""kana"": ""が""}, {""kind"": ""word"", ""ja"": ""来なかった"", ""reading"": ""こなかった"", ""en"": ""did not come"", ""kanji"": [""来""], ""targets"": [55], ""lemma"": ""来る""}, {""kind"": ""word"", ""ja"": ""訳"", ""reading"": ""わけ"", ""en"": ""reason"", ""kanji"": [""訳""], ""targets"": [125]}, {""kind"": ""particle"", ""kana"": ""を""}, {""kind"": ""word"", ""ja"": ""後で"", ""reading"": ""あとで"", ""en"": ""later"", ""kanji"": [""後""], ""targets"": [145], ""lemma"": ""後""}, {""kind"": ""word"", ""ja"": ""聞きました"", ""reading"": ""ききました"", ""en"": ""asked"", ""kanji"": [""聞""], ""targets"": [65], ""lemma"": ""聞く""}]"
s463,"[24, 15, 2, 10, 14, 38]",[],"[{""kind"": ""word"", ""ja"": ""今月"", ""reading"": ""こんげつ"", ""en"": ""this month"", ""kanji"": [""今"", ""月""], ""targets"": [24, 15]}, {""kind"": ""particle"", ""kana"": ""の""}, {""kind"": ""word"", ""ja"": ""二十日"", ""reading"": ""はつか"", ""en"": ""the 20th"", ""kanji"": [""二"", ""十"", ""日""], ""targets"": [2, 10, 14]}, {""kind"": ""particle"", ""kana"": ""は""}, {""kind"": ""word"", ""ja"": ""母"", ""reading"": ""はは"", ""en"": ""mother"", ""kanji"": [""母""], ""targets"": [38]}, {""kind"": ""particle"", ""kana"": ""の""}, {""kind"": ""word"", ""ja"": ""日"", ""reading"": ""ひ"", ""en"": ""day"", ""kanji"": [""日""], ""targets"": [14]}, {""kind"": ""particle"", ""kana"": ""です""}]"
s464,"[38, 107, 85, 86, 174]",[],"[{""kind"": ""word"", ""ja"": ""母"", ""reading"": ""はは"", ""en"": ""mother"", ""kanji"": [""母""], ""targets"": [38]}, {""kind"": ""particle"", ""kana"": ""は""}, {""kind"": ""word"", ""ja"": ""豆"", ""reading"": ""まめ"", ""en"": ""beans"", ""kanji"": [""豆""], ""targets"": [107]}, {""kind"": ""particle"", ""kana"": ""と""}, {""kind"": ""word"", ""ja"": ""野菜"", ""reading"": ""やさい"", ""en"": ""vegetables"", ""kanji"": [""野"", ""菜""], ""targets"": [85, 86]}, {""kind"": ""particle"", ""kana"": ""の""}, {""kind"": ""word"", ""ja"": ""スープ"", ""reading"": ""スープ"", ""en"": ""soup"", ""kanji"": [], ""targets"": []}, {""kind"": ""particle"", ""kana"": ""を""}, {""kind"": ""word"", ""ja"": ""作りました"", ""reading"": ""つくりました"", ""en"": ""made"", ""kanji"": [""作""], ""targets"": [174], ""lemma"": ""作る""}]"
s465,"[32, 30, 47, 144, 67]",[],"[{""kind"": ""word"", ""ja"": ""男"", ""reading"": ""おとこ"", ""en"": ""man"", ""kanji"": [""男""], ""targets"": [32]}, {""kind"": ""particle"", ""kana"": ""の""}, {""kind"": ""word"", ""ja"": ""人"", ""reading"": ""ひと"", ""en"": ""person"", ""kanji"": [""人""], ""targets"": [30]}, {""kind"": ""particle"", ""kana"": ""が""}, {""kind"": ""word"", ""ja"": ""駅"", ""reading"": ""えき"", ""en"": ""station"", ""kanji"": [""駅""], ""targets"": [47]}, {""kind"": ""particle"", ""kana"": ""の""}, {""kind"": ""word"", ""ja"": ""前"", ""reading"": ""まえ"", ""en"": ""front"", ""kanji"": [""前""], ""targets"": [144]}, {""kind"": ""particle"", ""kana"": ""に""}, {""kind"": ""word"", ""ja"": ""立っています"", ""reading"": ""たっています"", ""en"": ""is standing"", ""kanji"": [""立""], ""targets"": [67], ""lemma"": ""立つ""}]"
s466,"[33, 30, 134, 96, 146, 98]",[],"[{""kind"": ""word"", ""ja"": ""あの"", ""reading"": ""あの"", ""en"": ""that"", ""kanji"": [], ""targets"": []}, {""kind"": ""word"", ""ja"": ""女"", ""reading"": ""おんな"", ""en"": ""woman"", ""kanji"": [""女""], ""targets"": [33]}, {""kind"": ""particle"", ""kana"": ""の""}, {""kind"": ""word"", ""ja"": ""人"", ""reading"": ""ひと"", ""en"": ""person"", ""kanji"": [""人""], ""targets"": [30]}, {""kind"": ""particle"", ""kana"": ""は""}, {""kind"": ""word"", ""ja"": ""数学"", ""reading"": ""すうがく"", ""en"": ""math"", ""kanji"": [""数"", ""学""], ""targets"": [134, 96]}, {""kind"": ""particle"", ""kana"": ""の""}, {""kind"": ""word"", ""ja"": ""先生"", ""reading"": ""せんせい"", ""en"": ""teacher"", ""kanji"": [""先"", ""生""], ""targets"": [146, 98]}, {""kind"": ""particle"", ""kana"": ""です""}]"
s467,"[5, 12, 72, 126, 19, 60]",[],"[{""kind"": ""word"", ""ja"": ""五千"", ""reading"": ""ごせん"", ""en"": ""5,000"", ""kanji"": [""五"", ""千""], ""targets"": [5, 12]}, {""kind"": ""word"", ""ja"": ""円"", ""reading"": ""えん"", ""en"": ""yen"", ""kanji"": [""円""], ""targets"": [72]}, {""kind"": ""word"", ""ja"": ""程"", ""reading"": ""ほど"", ""en"": ""about"", ""kanji"": [""程""], ""targets"": [126]}, {""kind"": ""word"", ""ja"": ""お金"", ""reading"": ""おかね"", ""en"": ""money"", ""kanji"": [""金""], ""targets"": [19]}, {""kind"": ""particle"", ""kana"": ""を""}, {""kind"": ""word"", ""ja"": ""出しました"", ""reading"": ""だしました"", ""en"": ""paid"", ""kanji"": [""出""], ""targets"": [60], ""lemma"": ""出す""}]"
s468,"[8, 15, 51, 274, 52, 44, 54]",[],"[{""kind"": ""word"", ""ja"": ""八月"", ""reading"": ""はちがつ"", ""en"": ""August"", ""kanji"": [""八"", ""月""], ""targets"": [8, 15]}, {""kind"": ""particle"", ""kana"": ""に""}, {""kind"": ""word"", ""ja"": ""家族"", ""reading"": ""かぞく"", ""en"": ""family"", ""kanji"": [""家"", ""族""], ""targets"": [51, 274]}, {""kind"": ""particle"", ""kana"": ""で""}, {""kind"": ""word"", ""ja"": ""外国"", ""reading"": ""がいこく"", ""en"": ""abroad"", ""kanji"": [""外"", ""国""], ""targets"": [52, 44]}, {""kind"": ""particle"", ""kana"": ""へ""}, {""kind"": ""word"", ""ja"": ""行きます"", ""reading"": ""いきます"", ""en"": ""will go"", ""kanji"": [""行""], ""targets"": [54], ""lemma"": ""行く""}]"
s469,"[28, 14, 183, 160, 203]",[],"[{""kind"": ""word"", ""ja"": ""毎日"", ""reading"": ""まいにち"", ""en"": ""every day"", ""kanji"": [""毎"", ""日""], ""targets"": [28, 14]}, {""kind"": ""word"", ""ja"": ""歩く"", ""reading"": ""あるく"", ""en"": ""to walk"", ""kanji"": [""歩""], ""targets"": [183]}, {""kind"": ""particle"", ""kana"": ""ので""}, {""kind"": ""word"", ""ja"": ""足"", ""reading"": ""あし"", ""en"": ""foot; leg"", ""kanji"": [""足""], ""targets"": [160]}, {""kind"": ""particle"", ""kana"": ""が""}, {""kind"": ""word"", ""ja"": ""強い"", ""reading"": ""つよい"", ""en"": ""strong"", ""kanji"": [""強""], ""targets"": [203]}]"
s470,"[166, 115, 116, 183]",[],"[{""kind"": ""word"", ""ja"": ""春"", ""reading"": ""はる"", ""en"": ""spring"", ""kanji"": [""春""], ""targets"": [166]}, {""kind"": ""particle"", ""kana"": ""の""}, {""kind"": ""word"", ""ja"": ""公園"", ""reading"": ""こうえん"", ""en"": ""park"", ""kanji"": [""公"", ""園""], ""targets"": [115, 116]}, {""kind"": ""particle"", ""kana"": ""を""}, {""kind"": ""word"", ""ja"": ""歩く"", ""reading"": ""あるく"", ""en"": ""to walk"", ""kanji"": [""歩""], ""targets"": [183]}]"
s471,"[47, 140, 157, 36, 30, 172]",[],"[{""kind"": ""word"", ""ja"": ""駅"", ""reading"": ""えき"", ""en"": ""station"", ""kanji"": [""駅""], ""targets"": [47]}, {""kind"": ""particle"", ""kana"": ""の""}, {""kind"": ""word"", ""ja"": ""東口"", ""reading"": ""ひがしぐち"", ""en"": ""east exit"", ""kanji"": [""東"", ""口""], ""targets"": [140, 157]}, {""kind"": ""particle"", ""kana"": ""で""}, {""kind"": ""word"", ""ja"": ""友人"", ""reading"": ""ゆうじん"", ""en"": ""friend"", ""kanji"": [""友"", ""人""], ""targets"": [36, 30]}, {""kind"": ""particle"", ""kana"": ""と""}, {""kind"": ""word"", ""ja"": ""会う"", ""reading"": ""あう"", ""en"": ""to meet"", ""kanji"": [""会""], ""targets"": [172]}]"
s472,"[120, 54, 47, 139]",[],"[{""kind"": ""word"", ""ja"": ""銀行"", ""reading"": ""ぎんこう"", ""en"": ""bank"", ""kanji"": [""銀"", ""行""], ""targets"": [120, 54]}, {""kind"": ""particle"", ""kana"": ""は""}, {""kind"": ""word"", ""ja"": ""駅"", ""reading"": ""えき"", ""en"": ""station"", ""kanji"": [""駅""], ""targets"": [47]}, {""kind"": ""particle"", ""kana"": ""の""}, {""kind"": ""word"", ""ja"": ""左"", ""reading"": ""ひだり"", ""en"": ""left"", ""kanji"": [""左""], ""targets"": [139]}, {""kind"": ""particle"", ""kana"": ""です""}]"
s473,"[138, 100, 231, 64]",[],"[{""kind"": ""word"", ""ja"": ""右手"", ""reading"": ""みぎて"", ""en"": ""right hand"", ""kanji"": [""右"", ""手""], ""targets"": [138, 100]}, {""kind"": ""particle"", ""kana"": ""で""}, {""kind"": ""word"", ""ja"": ""字"", ""reading"": ""じ"", ""en"": ""character; handwriting"", ""kanji"": [""字""], ""targets"": [231]}, {""kind"": ""particle"", ""kana"": ""を""}, {""kind"": ""word"", ""ja"": ""書く"", ""reading"": ""かく"", ""en"": ""to write"", ""kanji"": [""書""], ""targets"": [64]}]"
s474,"[139, 100, 82, 58]",[],"[{""kind"": ""word"", ""ja"": ""左手"", ""reading"": ""ひだりて"", ""en"": ""left hand"", ""kanji"": [""左"", ""手""], ""targets"": [139, 100]}, {""kind"": ""particle"", ""kana"": ""で""}, {""kind"": ""word"", ""ja"": ""お茶"", ""reading"": ""おちゃ"", ""en"": ""tea"", ""kanji"": [""茶""], ""targets"": [82]}, {""kind"": ""particle"", ""kana"": ""を""}, {""kind"": ""word"", ""ja"": ""飲む"", ""reading"": ""のむ"", ""en"": ""to drink"", ""kanji"": [""飲""], ""targets"": [58]}]"
s475,"[140, 239, 95, 94, 54]",[],"[{""kind"": ""word"", ""ja"": ""東京"", ""reading"": ""とうきょう"", ""en"": ""Tokyo"", ""kanji"": [""東"", ""京""], ""targets"": [140, 239]}, {""kind"": ""particle"", ""kana"": ""へ""}, {""kind"": ""word"", ""ja"": ""電車"", ""reading"": ""でんしゃ"", ""en"": ""train"", ""kanji"": [""電"", ""車""], ""targets"": [95, 94]}, {""kind"": ""particle"", ""kana"": ""で""}, {""kind"": ""word"", ""ja"": ""行く"", ""reading"": ""いく"", ""en"": ""to go"", ""kanji"": [""行""], ""targets"": [54]}]"
s476,"[141, 157, 60]",[],"[{""kind"": ""word"", ""ja"": ""西口"", ""reading"": ""にしぐち"", ""en"": ""west exit"", ""kanji"": [""西"", ""口""], ""targets"": [141, 157]}, {""kind"": ""particle"", ""kana"": ""から""}, {""kind"": ""word"", ""ja"": ""出る"", ""reading"": ""でる"", ""en"": ""to exit"", ""kanji"": [""出""], ""targets"": [60]}]"
s477,"[142, 157, 144, 68]",[],"[{""kind"": ""word"", ""ja"": ""南口"", ""reading"": ""みなみぐち"", ""en"": ""south exit"", ""kanji"": [""南"", ""口""], ""targets"": [142, 157]}, {""kind"": ""particle"", ""kana"": ""の""}, {""kind"": ""word"", ""ja"": ""前"", ""reading"": ""まえ"", ""en"": ""front; before"", ""kanji"": [""前""], ""targets"": [144]}, {""kind"": ""particle"", ""kana"": ""で""}, {""kind"": ""word"", ""ja"": ""待つ"", ""reading"": ""まつ"", ""en"": ""to wait"", ""kanji"": [""待""], ""targets"": [68]}]"
s478,"[143, 245, 49, 14, 71]",[],"[{""kind"": ""word"", ""ja"": ""北海道"", ""reading"": ""ほっかいどう"", ""en"": ""Hokkaido"", ""kanji"": [""北"", ""海"", ""道""], ""targets"": [143, 245, 49]}, {""kind"": ""particle"", ""kana"": ""は""}, {""kind"": ""word"", ""ja"": ""日本"", ""reading"": ""にほん"", ""en"": ""Japan"", ""kanji"": [""日"", ""本""], ""targets"": [14, 71]}, {""kind"": ""particle"", ""kana"": ""の""}, {""kind"": ""word"", ""ja"": ""北"", ""reading"": ""きた"", ""en"": ""north"", ""kanji"": [""北""], ""targets"": [143]}, {""kind"": ""particle"", ""kana"": ""です""}]"
s479,"[139, 138, 56]",[],"[{""kind"": ""word"", ""ja"": ""左右"", ""reading"": ""さゆう"", ""en"": ""left and right"", ""kanji"": [""左"", ""右""], ""targets"": [139, 138]}, {""kind"": ""particle"", ""kana"": ""を""}, {""kind"": ""word"", ""ja"": ""よく"", ""reading"": ""よく"", ""en"": ""often; well"", ""kanji"": [], ""targets"": []}, {""kind"": ""word"", ""ja"": ""見る"", ""reading"": ""みる"", ""en"": ""to see"", ""kanji"": [""見""], ""targets"": [56]}]"
s480,"[138, 49, 183]",[],"[{""kind"": ""word"", ""ja"": ""右"", ""reading"": ""みぎ"", ""en"": ""right"", ""kanji"": [""右""], ""targets"": [138]}, {""kind"": ""particle"", ""kana"": ""の""}, {""kind"": ""word"", ""ja"": ""道"", ""reading"": ""みち"", ""en"": ""road"", ""kanji"": [""道""], ""targets"": [49]}, {""kind"": ""particle"", ""kana"": ""を""}, {""kind"": ""word"", ""ja"": ""歩く"", ""reading"": ""あるく"", ""en"": ""to walk"", ""kanji"": [""歩""], ""targets"": [183]}]"
s481,"[140, 246, 82, 58]",[],"[{""kind"": ""word"", ""ja"": ""東洋"", ""reading"": ""とうよう"", ""en"": ""the East; Orient"", ""kanji"": [""東"", ""洋""], ""targets"": [140, 246]}, {""kind"": ""particle"", ""kana"": ""の""}, {""kind"": ""word"", ""ja"": ""お茶"", ""reading"": ""おちゃ"", ""en"": ""tea"", ""kanji"": [""茶""], ""targets"": [82]}, {""kind"": ""particle"", ""kana"": ""を""}, {""kind"": ""word"", ""ja"": ""飲む"", ""reading"": ""のむ"", ""en"": ""to drink"", ""kanji"": [""飲""], ""targets"": [58]}]"
s482,"[141, 246, 57, 88, 78]",[],"[{""kind"": ""word"", ""ja"": ""西洋"", ""reading"": ""せいよう"", ""en"": ""the West"", ""kanji"": [""西"", ""洋""], ""targets"": [141, 246]}, {""kind"": ""particle"", ""kana"": ""の""}, {""kind"": ""word"", ""ja"": ""食べ物"", ""reading"": ""たべもの"", ""en"": ""food"", ""kanji"": [""食"", ""物""], ""targets"": [57, 88]}, {""kind"": ""particle"", ""kana"": ""が""}, {""kind"": ""word"", ""ja"": ""好き"", ""reading"": ""すき"", ""en"": ""like"", ""kanji"": [""好""], ""targets"": [78]}, {""kind"": ""particle"", ""kana"": ""です""}]"
s483,"[142, 79, 110, 54, 111]",[],"[{""kind"": ""word"", ""ja"": ""南米"", ""reading"": ""なんべい"", ""en"": ""South America"", ""kanji"": [""南"", ""米""], ""targets"": [142, 79]}, {""kind"": ""particle"", ""kana"": ""へ""}, {""kind"": ""word"", ""ja"": ""飛行機"", ""reading"": ""ひこうき"", ""en"": ""airplane"", ""kanji"": [""飛"", ""行"", ""機""], ""targets"": [110, 54, 111]}, {""kind"": ""particle"", ""kana"": ""で""}, {""kind"": ""word"", ""ja"": ""行く"", ""reading"": ""いく"", ""en"": ""to go"", ""kanji"": [""行""], ""targets"": [54]}]"
s484,"[143, 141, 244, 209]",[],"[{""kind"": ""word"", ""ja"": ""北西"", ""reading"": ""ほくせい"", ""en"": ""northwest"", ""kanji"": [""北"", ""西""], ""targets"": [143, 141]}, {""kind"": ""particle"", ""kana"": ""の""}, {""kind"": ""word"", ""ja"": ""空"", ""reading"": ""そら"", ""en"": ""sky"", ""kanji"": [""空""], ""targets"": [244]}, {""kind"": ""particle"", ""kana"": ""が""}, {""kind"": ""word"", ""ja"": ""明るい"", ""reading"": ""あかるい"", ""en"": ""bright"", ""kanji"": [""明""], ""targets"": [209]}]"
s485,"[140, 142, 245]",[],"[{""kind"": ""word"", ""ja"": ""東南"", ""reading"": ""とうなん"", ""en"": ""southeast"", ""kanji"": [""東"", ""南""], ""targets"": [140, 142]}, {""kind"": ""particle"", ""kana"": ""の""}, {""kind"": ""word"", ""ja"": ""海"", ""reading"": ""うみ"", ""en"": ""sea"", ""kanji"": [""海""], ""targets"": [245]}, {""kind"": ""particle"", ""kana"": ""は""}, {""kind"": ""word"", ""ja"": ""きれい"", ""reading"": ""きれい"", ""en"": ""pretty; clean"", ""kanji"": [], ""targets"": []}, {""kind"": ""particle"", ""kana"": ""です""}]"
s486,"[61, 157, 138]",[],"[{""kind"": ""word"", ""ja"": ""入口"", ""reading"": ""いりぐち"", ""en"": ""entrance"", ""kanji"": [""入"", ""口""], ""targets"": [61, 157]}, {""kind"": ""particle"", ""kana"": ""は""}, {""kind"": ""word"", ""ja"": ""右"", ""reading"": ""みぎ"", ""en"": ""right"", ""kanji"": [""右""], ""targets"": [138]}, {""kind"": ""particle"", ""kana"": ""です""}]"
s487,"[60, 157, 211]",[],"[{""kind"": ""word"", ""ja"": ""出口"", ""reading"": ""でぐち"", ""en"": ""exit"", ""kanji"": [""出"", ""口""], ""targets"": [60, 157]}, {""kind"": ""particle"", ""kana"": ""へ""}, {""kind"": ""word"", ""ja"": ""急ぐ"", ""reading"": ""いそぐ"", ""en"": ""to hurry"", ""kanji"": [""急""], ""targets"": [211]}]"
s488,"[140, 157, 141]",[],"[{""kind"": ""word"", ""ja"": ""東口"", ""reading"": ""ひがしぐち"", ""en"": ""east exit"", ""kanji"": [""東"", ""口""], ""targets"": [140, 157]}, {""kind"": ""particle"", ""kana"": ""と""}, {""kind"": ""word"", ""ja"": ""西口"", ""reading"": ""にしぐち"", ""en"": ""west exit"", ""kanji"": [""西"", ""口""], ""targets"": [141, 157]}, {""kind"": ""particle"", ""kana"": ""が""}, {""kind"": ""word"", ""ja"": ""ある"", ""reading"": ""ある"", ""en"": ""there is"", ""kanji"": [], ""targets"": []}]"
s489,"[150, 144, 9, 22, 235, 236, 180]",[],"[{""kind"": ""word"", ""ja"": ""午前"", ""reading"": ""ごぜん"", ""en"": ""a.m."", ""kanji"": [""午"", ""前""], ""targets"": [150, 144]}, {""kind"": ""word"", ""ja"": ""九時"", ""reading"": ""くじ"", ""en"": ""9 o'clock"", ""kanji"": [""九"", ""時""], ""targets"": [9, 22]}, {""kind"": ""particle"", ""kana"": ""に""}, {""kind"": ""word"", ""ja"": ""試験"", ""reading"": ""しけん"", ""en"": ""exam"", ""kanji"": [""試"", ""験""], ""targets"": [235, 236]}, {""kind"": ""particle"", ""kana"": ""が""}, {""kind"": ""word"", ""ja"": ""始まる"", ""reading"": ""はじまる"", ""en"": ""to begin (intr.)"", ""kanji"": [""始""], ""targets"": [180]}]"
s490,"[150, 145, 149]",[],"[{""kind"": ""word"", ""ja"": ""午後"", ""reading"": ""ごご"", ""en"": ""p.m."", ""kanji"": [""午"", ""後""], ""targets"": [150, 145]}, {""kind"": ""particle"", ""kana"": ""から""}, {""kind"": ""word"", ""ja"": ""雨"", ""reading"": ""あめ"", ""en"": ""rain"", ""kanji"": [""雨""], ""targets"": [149]}, {""kind"": ""particle"", ""kana"": ""です""}]"
s491,"[208, 150, 163, 89, 57]",[],"[{""kind"": ""word"", ""ja"": ""正午"", ""reading"": ""しょうご"", ""en"": ""noon"", ""kanji"": [""正"", ""午""], ""targets"": [208, 150]}, {""kind"": ""particle"", ""kana"": ""に""}, {""kind"": ""word"", ""ja"": ""昼ご飯"", ""reading"": ""ひるごはん"", ""en"": ""lunch"", ""kanji"": [""昼"", ""飯""], ""targets"": [163, 89]}, {""kind"": ""particle"", ""kana"": ""を""}, {""kind"": ""word"", ""ja"": ""食べる"", ""reading"": ""たべる"", ""en"": ""to eat"", ""kanji"": [""食""], ""targets"": [57]}]"
s492,"[3, 14, 144, 179, 44]",[],"[{""kind"": ""word"", ""ja"": ""三日"", ""reading"": ""みっか"", ""en"": ""3rd of month"", ""kanji"": [""三"", ""日""], ""targets"": [3, 14]}, {""kind"": ""word"", ""ja"": ""前"", ""reading"": ""まえ"", ""en"": ""front; before"", ""kanji"": [""前""], ""targets"": [144]}, {""kind"": ""particle"", ""kana"": ""に""}, {""kind"": ""word"", ""ja"": ""帰国"", ""reading"": ""きこく"", ""en"": ""returning to one's country"", ""kanji"": [""帰"", ""国""], ""targets"": [179, 44]}, {""kind"": ""word"", ""ja"": ""する"", ""reading"": ""する"", ""en"": ""to do"", ""kanji"": [], ""targets"": []}]"
s493,"[145, 25, 3, 234, 233]",[],"[{""kind"": ""word"", ""ja"": ""後半"", ""reading"": ""こうはん"", ""en"": ""second half"", ""kanji"": [""後"", ""半""], ""targets"": [145, 25]}, {""kind"": ""particle"", ""kana"": ""に""}, {""kind"": ""word"", ""ja"": ""三つ"", ""reading"": ""みっつ"", ""en"": ""three things"", ""kanji"": [""三""], ""targets"": [3]}, {""kind"": ""particle"", ""kana"": ""の""}, {""kind"": ""word"", ""ja"": ""問題"", ""reading"": ""もんだい"", ""en"": ""problem; question"", ""kanji"": [""問"", ""題""], ""targets"": [234, 233]}, {""kind"": ""particle"", ""kana"": ""が""}, {""kind"": ""word"", ""ja"": ""ある"", ""reading"": ""ある"", ""en"": ""there is"", ""kanji"": [], ""targets"": []}]"
s494,"[146, 27, 149, 75]",[],"[{""kind"": ""word"", ""ja"": ""先週"", ""reading"": ""せんしゅう"", ""en"": ""last week"", ""kanji"": [""先"", ""週""], ""targets"": [146, 27]}, {""kind"": ""particle"", ""kana"": ""から""}, {""kind"": ""word"", ""ja"": ""雨"", ""reading"": ""あめ"", ""en"": ""rain"", ""kanji"": [""雨""], ""targets"": [149]}, {""kind"": ""particle"", ""kana"": ""が""}, {""kind"": ""word"", ""ja"": ""多い"", ""reading"": ""おおい"", ""en"": ""many"", ""kanji"": [""多""], ""targets"": [75]}]"
s495,"[146, 98, 223, 234]",[],"[{""kind"": ""word"", ""ja"": ""先生"", ""reading"": ""せんせい"", ""en"": ""teacher"", ""kanji"": [""先"", ""生""], ""targets"": [146, 98]}, {""kind"": ""particle"", ""kana"": ""に""}, {""kind"": ""word"", ""ja"": ""質問"", ""reading"": ""しつもん"", ""en"": ""question"", ""kanji"": [""質"", ""問""], ""targets"": [223, 234]}, {""kind"": ""particle"", ""kana"": ""を""}, {""kind"": ""word"", ""ja"": ""する"", ""reading"": ""する"", ""en"": ""to do"", ""kanji"": [], ""targets"": []}]"
s496,"[146, 15, 14, 71, 152, 191]",[],"[{""kind"": ""word"", ""ja"": ""先月"", ""reading"": ""せんげつ"", ""en"": ""last month"", ""kanji"": [""先"", ""月""], ""targets"": [146, 15]}, {""kind"": ""particle"", ""kana"": ""から""}, {""kind"": ""word"", ""ja"": ""日本語"", ""reading"": ""にほんご"", ""en"": ""Japanese language"", ""kanji"": [""日"", ""本"", ""語""], ""targets"": [14, 71, 152]}, {""kind"": ""particle"", ""kana"": ""を""}, {""kind"": ""word"", ""ja"": ""習う"", ""reading"": ""ならう"", ""en"": ""to learn (from someone)"", ""kanji"": [""習""], ""targets"": [191]}]"
s497,"[24, 14, 147, 148]",[],"[{""kind"": ""word"", ""ja"": ""今日"", ""reading"": ""きょう"", ""en"": ""today"", ""kanji"": [""今"", ""日""], ""targets"": [24, 14]}, {""kind"": ""particle"", ""kana"": ""の""}, {""kind"": ""word"", ""ja"": ""天気"", ""reading"": ""てんき"", ""en"": ""weather"", ""kanji"": [""天"", ""気""], ""targets"": [147, 148]}, {""kind"": ""particle"", ""kana"": ""は""}, {""kind"": ""word"", ""ja"": ""とても"", ""reading"": ""とても"", ""en"": ""very"", ""kanji"": [], ""targets"": []}, {""kind"": ""word"", ""ja"": ""いい"", ""reading"": ""いい"", ""en"": ""good"", ""kanji"": [], ""targets"": []}]"
s498,"[209, 14, 149, 147]",[],"[{""kind"": ""word"", ""ja"": ""明日"", ""reading"": ""あした"", ""en"": ""tomorrow"", ""kanji"": [""明"", ""日""], ""targets"": [209, 14]}, {""kind"": ""particle"", ""kana"": ""は""}, {""kind"": ""word"", ""ja"": ""雨天"", ""reading"": ""うてん"", ""en"": ""rainy weather"", ""kanji"": [""雨"", ""天""], ""targets"": [149, 147]}, {""kind"": ""particle"", ""kana"": ""です""}]"
s499,"[42, 149, 95, 94, 184]",[],"[{""kind"": ""word"", ""ja"": ""大雨"", ""reading"": ""おおあめ"", ""en"": ""heavy rain"", ""kanji"": [""大"", ""雨""], ""targets"": [42, 149]}, {""kind"": ""particle"", ""kana"": ""で""}, {""kind"": ""word"", ""ja"": ""電車"", ""reading"": ""でんしゃ"", ""en"": ""train"", ""kanji"": [""電"", ""車""], ""targets"": [95, 94]}, {""kind"": ""particle"", ""kana"": ""が""}, {""kind"": ""word"", ""ja"": ""止まる"", ""reading"": ""とまる"", ""en"": ""to stop (intr.)"", ""kanji"": [""止""], ""targets"": [184]}]"
s500,"[147, 148, 205, 51]",[],"[{""kind"": ""word"", ""ja"": ""天気"", ""reading"": ""てんき"", ""en"": ""weather"", ""kanji"": [""天"", ""気""], ""targets"": [147, 148]}, {""kind"": ""particle"", ""kana"": ""が""}, {""kind"": ""word"", ""ja"": ""悪い"", ""reading"": ""わるい"", ""en"": ""bad"", ""kanji"": [""悪""], ""targets"": [205]}, {""kind"": ""particle"", ""kana"": ""ので""}, {""kind"": ""word"", ""ja"": ""家"", ""reading"": ""いえ"", ""en"": ""house"", ""kanji"": [""家""], ""targets"": [51]}, {""kind"": ""particle"", ""kana"": ""に""}, {""kind"": ""word"", ""ja"": ""いる"", ""reading"": ""いる"", ""en"": ""to be (animate)"", ""kanji"": [], ""targets"": []}]"
s501,"[30, 148, 50, 144, 75]",[],"[{""kind"": ""word"", ""ja"": ""人気"", ""reading"": ""にんき"", ""en"": ""popularity"", ""kanji"": [""人"", ""気""], ""targets"": [30, 148]}, {""kind"": ""particle"", ""kana"": ""の""}, {""kind"": ""word"", ""ja"": ""店"", ""reading"": ""みせ"", ""en"": ""shop"", ""kanji"": [""店""], ""targets"": [50]}, {""kind"": ""particle"", ""kana"": ""の""}, {""kind"": ""word"", ""ja"": ""前"", ""reading"": ""まえ"", ""en"": ""front; before"", ""kanji"": [""前""], ""targets"": [144]}, {""kind"": ""particle"", ""kana"": ""に""}, {""kind"": ""word"", ""ja"": ""人"", ""reading"": ""ひと"", ""en"": ""person"", ""kanji"": [""人""], ""targets"": [30]}, {""kind"": ""particle"", ""kana"": ""が""}, {""kind"": ""word"", ""ja"": ""多い"", ""reading"": ""おおい"", ""en"": ""many"", ""kanji"": [""多""], ""targets"": [75]}]"
s502,"[222, 148, 34, 182]",[],"[{""kind"": ""word"", ""ja"": ""元気"", ""reading"": ""げんき"", ""en"": ""healthy; energetic"", ""kanji"": [""元"", ""気""], ""targets"": [222, 148]}, {""kind"": ""particle"", ""kana"": ""な""}, {""kind"": ""word"", ""ja"": ""子"", ""reading"": ""こ"", ""en"": ""child"", ""kanji"": [""子""], ""targets"": [34]}, {""kind"": ""particle"", ""kana"": ""が""}, {""kind"": ""word"", ""ja"": ""走る"", ""reading"": ""はしる"", ""en"": ""to run"", ""kanji"": [""走""], ""targets"": [182]}]"
s503,"[244, 148]",[],"[{""kind"": ""word"", ""ja"": ""空気"", ""reading"": ""くうき"", ""en"": ""air"", ""kanji"": [""空"", ""気""], ""targets"": [244, 148]}, {""kind"": ""particle"", ""kana"": ""が""}, {""kind"": ""word"", ""ja"": ""きれい"", ""reading"": ""きれい"", ""en"": ""pretty; clean"", ""kanji"": [], ""targets"": []}, {""kind"": ""particle"", ""kana"": ""です""}]"
s504,"[167, 151, 143, 245, 49, 54]",[],"[{""kind"": ""word"", ""ja"": ""夏休み"", ""reading"": ""なつやすみ"", ""en"": ""summer vacation"", ""kanji"": [""夏"", ""休""], ""targets"": [167, 151]}, {""kind"": ""particle"", ""kana"": ""に""}, {""kind"": ""word"", ""ja"": ""北海道"", ""reading"": ""ほっかいどう"", ""en"": ""Hokkaido"", ""kanji"": [""北"", ""海"", ""道""], ""targets"": [143, 245, 49]}, {""kind"": ""particle"", ""kana"": ""へ""}, {""kind"": ""word"", ""ja"": ""行く"", ""reading"": ""いく"", ""en"": ""to go"", ""kanji"": [""行""], ""targets"": [54]}]"
s505,"[163, 151, 115, 116, 183]",[],"[{""kind"": ""word"", ""ja"": ""昼休み"", ""reading"": ""ひるやすみ"", ""en"": ""lunch break"", ""kanji"": [""昼"", ""休""], ""targets"": [163, 151]}, {""kind"": ""particle"", ""kana"": ""に""}, {""kind"": ""word"", ""ja"": ""公園"", ""reading"": ""こうえん"", ""en"": ""park"", ""kanji"": [""公"", ""園""], ""targets"": [115, 116]}, {""kind"": ""particle"", ""kana"": ""を""}, {""kind"": ""word"", ""ja"": ""歩く"", ""reading"": ""あるく"", ""en"": ""to walk"", ""kanji"": [""歩""], ""targets"": [183]}]"
s506,"[169, 151, 71, 63]",[],"[{""kind"": ""word"", ""ja"": ""冬休み"", ""reading"": ""ふゆやすみ"", ""en"": ""winter break"", ""kanji"": [""冬"", ""休""], ""targets"": [169, 151]}, {""kind"": ""particle"", ""kana"": ""に""}, {""kind"": ""word"", ""ja"": ""本"", ""reading"": ""ほん"", ""en"": ""book"", ""kanji"": [""本""], ""targets"": [71]}, {""kind"": ""particle"", ""kana"": ""を""}, {""kind"": ""word"", ""ja"": ""たくさん"", ""reading"": ""たくさん"", ""en"": ""a lot"", ""kanji"": [], ""targets"": []}, {""kind"": ""word"", ""ja"": ""読む"", ""reading"": ""よむ"", ""en"": ""to read"", ""kanji"": [""読""], ""targets"": [63]}]"
s507,"[166, 151, 140, 239, 54]",[],"[{""kind"": ""word"", ""ja"": ""春休み"", ""reading"": ""はるやすみ"", ""en"": ""spring break"", ""kanji"": [""春"", ""休""], ""targets"": [166, 151]}, {""kind"": ""particle"", ""kana"": ""に""}, {""kind"": ""word"", ""ja"": ""東京"", ""reading"": ""とうきょう"", ""en"": ""Tokyo"", ""kanji"": [""東"", ""京""], ""targets"": [140, 239]}, {""kind"": ""particle"", ""kana"": ""へ""}, {""kind"": ""word"", ""ja"": ""行く"", ""reading"": ""いく"", ""en"": ""to go"", ""kanji"": [""行""], ""targets"": [54]}]"
s508,"[159, 205, 96, 97, 151]",[],"[{""kind"": ""word"", ""ja"": ""体"", ""reading"": ""からだ"", ""en"": ""body"", ""kanji"": [""体""], ""targets"": [159]}, {""kind"": ""particle"", ""kana"": ""が""}, {""kind"": ""word"", ""ja"": ""悪い"", ""reading"": ""わるい"", ""en"": ""bad"", ""kanji"": [""悪""], ""targets"": [205]}, {""kind"": ""particle"", ""kana"": ""ので""}, {""kind"": ""word"", ""ja"": ""学校"", ""reading"": ""がっこう"", ""en"": ""school"", ""kanji"": [""学"", ""校""], ""targets"": [96, 97]}, {""kind"": ""particle"", ""kana"": ""を""}, {""kind"": ""word"", ""ja"": ""休む"", ""reading"": ""やすむ"", ""en"": ""to rest"", ""kanji"": [""休""], ""targets"": [151]}]"
s509,"[151, 14, 162]",[],"[{""kind"": ""word"", ""ja"": ""休日"", ""reading"": ""きゅうじつ"", ""en"": ""holiday"", ""kanji"": [""休"", ""日""], ""targets"": [151, 14]}, {""kind"": ""particle"", ""kana"": ""の""}, {""kind"": ""word"", ""ja"": ""朝"", ""reading"": ""あさ"", ""en"": ""morning"", ""kanji"": [""朝""], ""targets"": [162]}, {""kind"": ""particle"", ""kana"": ""は""}, {""kind"": ""word"", ""ja"": ""よく"", ""reading"": ""よく"", ""en"": ""often; well"", ""kanji"": [], ""targets"": []}, {""kind"": ""word"", ""ja"": ""休む"", ""reading"": ""やすむ"", ""en"": ""to rest"", ""kanji"": [""休""], ""targets"": [151]}]"
s510,"[14, 71, 152, 202, 203, 180]",[],"[{""kind"": ""word"", ""ja"": ""日本語"", ""reading"": ""にほんご"", ""en"": ""Japanese language"", ""kanji"": [""日"", ""本"", ""語""], ""targets"": [14, 71, 152]}, {""kind"": ""particle"", ""kana"": ""の""}, {""kind"": ""word"", ""ja"": ""勉強"", ""reading"": ""べんきょう"", ""en"": ""study"", ""kanji"": [""勉"", ""強""], ""targets"": [202, 203]}, {""kind"": ""particle"", ""kana"": ""を""}, {""kind"": ""word"", ""ja"": ""始める"", ""reading"": ""はじめる"", ""en"": ""to begin (tr.)"", ""kanji"": [""始""], ""targets"": [180]}]"
s511,"[248, 152, 66]",[],"[{""kind"": ""word"", ""ja"": ""英語"", ""reading"": ""えいご"", ""en"": ""English"", ""kanji"": [""英"", ""語""], ""targets"": [248, 152]}, {""kind"": ""particle"", ""kana"": ""で""}, {""kind"": ""word"", ""ja"": ""話す"", ""reading"": ""はなす"", ""en"": ""to speak"", ""kanji"": [""話""], ""targets"": [66]}]"
s512,"[44, 152, 234, 233, 199]",[],"[{""kind"": ""word"", ""ja"": ""国語"", ""reading"": ""こくご"", ""en"": ""national language"", ""kanji"": [""国"", ""語""], ""targets"": [44, 152]}, {""kind"": ""particle"", ""kana"": ""の""}, {""kind"": ""word"", ""ja"": ""問題"", ""reading"": ""もんだい"", ""en"": ""problem; question"", ""kanji"": [""問"", ""題""], ""targets"": [234, 233]}, {""kind"": ""particle"", ""kana"": ""に""}, {""kind"": ""word"", ""ja"": ""答える"", ""reading"": ""こたえる"", ""en"": ""to answer"", ""kanji"": [""答""], ""targets"": [199]}]"
s513,"[153, 154, 62, 88, 54]",[],"[{""kind"": ""word"", ""ja"": ""兄弟"", ""reading"": ""きょうだい"", ""en"": ""siblings"", ""kanji"": [""兄"", ""弟""], ""targets"": [153, 154]}, {""kind"": ""particle"", ""kana"": ""で""}, {""kind"": ""word"", ""ja"": ""買い物"", ""reading"": ""かいもの"", ""en"": ""shopping"", ""kanji"": [""買"", ""物""], ""targets"": [62, 88]}, {""kind"": ""particle"", ""kana"": ""に""}, {""kind"": ""word"", ""ja"": ""行く"", ""reading"": ""いく"", ""en"": ""to go"", ""kanji"": [""行""], ""targets"": [54]}]"
s514,"[154, 170, 157]",[],"[{""kind"": ""word"", ""ja"": ""弟"", ""reading"": ""おとうと"", ""en"": ""younger brother"", ""kanji"": [""弟""], ""targets"": [154]}, {""kind"": ""particle"", ""kana"": ""は""}, {""kind"": ""word"", ""ja"": ""早口"", ""reading"": ""はやくち"", ""en"": ""fast talking"", ""kanji"": [""早"", ""口""], ""targets"": [170, 157]}, {""kind"": ""particle"", ""kana"": ""です""}]"
s515,"[154, 34, 64, 49, 232]",[],"[{""kind"": ""word"", ""ja"": ""弟子"", ""reading"": ""でし"", ""en"": ""pupil; apprentice"", ""kanji"": [""弟"", ""子""], ""targets"": [154, 34]}, {""kind"": ""particle"", ""kana"": ""に""}, {""kind"": ""word"", ""ja"": ""書道"", ""reading"": ""しょどう"", ""en"": ""calligraphy"", ""kanji"": [""書"", ""道""], ""targets"": [64, 49]}, {""kind"": ""particle"", ""kana"": ""を""}, {""kind"": ""word"", ""ja"": ""教える"", ""reading"": ""おしえる"", ""en"": ""to teach"", ""kanji"": [""教""], ""targets"": [232]}]"
s516,"[155, 140, 239, 187]",[],"[{""kind"": ""word"", ""ja"": ""姉"", ""reading"": ""あね"", ""en"": ""older sister (my)"", ""kanji"": [""姉""], ""targets"": [155]}, {""kind"": ""particle"", ""kana"": ""は""}, {""kind"": ""word"", ""ja"": ""東京"", ""reading"": ""とうきょう"", ""en"": ""Tokyo"", ""kanji"": [""東"", ""京""], ""targets"": [140, 239]}, {""kind"": ""particle"", ""kana"": ""に""}, {""kind"": ""word"", ""ja"": ""住む"", ""reading"": ""すむ"", ""en"": ""to live; reside"", ""kanji"": [""住""], ""targets"": [187]}]"
s517,"[155, 198, 208]",[],"[{""kind"": ""word"", ""ja"": ""お姉さん"", ""reading"": ""おねえさん"", ""en"": ""older sister"", ""kanji"": [""姉""], ""targets"": [155]}, {""kind"": ""particle"", ""kana"": ""の""}, {""kind"": ""word"", ""ja"": ""考え"", ""reading"": ""かんがえ"", ""en"": ""idea; thought"", ""kanji"": [""考""], ""targets"": [198]}, {""kind"": ""particle"", ""kana"": ""は""}, {""kind"": ""word"", ""ja"": ""正しい"", ""reading"": ""ただしい"", ""en"": ""correct"", ""kanji"": [""正""], ""targets"": [208]}]"
s518,"[155, 156, 66]",[],"[{""kind"": ""word"", ""ja"": ""姉妹"", ""reading"": ""しまい"", ""en"": ""sisters"", ""kanji"": [""姉"", ""妹""], ""targets"": [155, 156]}, {""kind"": ""particle"", ""kana"": ""は""}, {""kind"": ""word"", ""ja"": ""よく"", ""reading"": ""よく"", ""en"": ""often; well"", ""kanji"": [], ""targets"": []}, {""kind"": ""word"", ""ja"": ""話す"", ""reading"": ""はなす"", ""en"": ""to speak"", ""kanji"": [""話""], ""targets"": [66]}]"
s519,"[156, 222, 148]",[],"[{""kind"": ""word"", ""ja"": ""妹さん"", ""reading"": ""いもうとさん"", ""en"": ""(someone's) younger sister"", ""kanji"": [""妹""], ""targets"": [156]}, {""kind"": ""particle"", ""kana"": ""は""}, {""kind"": ""word"", ""ja"": ""元気"", ""reading"": ""げんき"", ""en"": ""healthy; energetic"", ""kanji"": [""元"", ""気""], ""targets"": [222, 148]}, {""kind"": ""particle"", ""kana"": ""です""}, {""kind"": ""particle"", ""kana"": ""か""}]"
s520,"[157, 195]",[],"[{""kind"": ""word"", ""ja"": ""口"", ""reading"": ""くち"", ""en"": ""mouth"", ""kanji"": [""口""], ""targets"": [157]}, {""kind"": ""particle"", ""kana"": ""を""}, {""kind"": ""word"", ""ja"": ""開ける"", ""reading"": ""あける"", ""en"": ""to open (tr.)"", ""kanji"": [""開""], ""targets"": [195]}]"
s521,"[1, 158, 199, 208]",[],"[{""kind"": ""word"", ""ja"": ""一つ目"", ""reading"": ""ひとつめ"", ""en"": ""the first"", ""kanji"": [""一"", ""目""], ""targets"": [1, 158]}, {""kind"": ""particle"", ""kana"": ""の""}, {""kind"": ""word"", ""ja"": ""答え"", ""reading"": ""こたえ"", ""en"": ""answer"", ""kanji"": [""答""], ""targets"": [199]}, {""kind"": ""particle"", ""kana"": ""は""}, {""kind"": ""word"", ""ja"": ""正しい"", ""reading"": ""ただしい"", ""en"": ""correct"", ""kanji"": [""正""], ""targets"": [208]}]"
s522,"[2, 14, 158, 245, 54]",[],"[{""kind"": ""word"", ""ja"": ""二日目"", ""reading"": ""ふつかめ"", ""en"": ""the second day"", ""kanji"": [""二"", ""日"", ""目""], ""targets"": [2, 14, 158]}, {""kind"": ""particle"", ""kana"": ""に""}, {""kind"": ""word"", ""ja"": ""海"", ""reading"": ""うみ"", ""en"": ""sea"", ""kanji"": [""海""], ""targets"": [245]}, {""kind"": ""particle"", ""kana"": ""へ""}, {""kind"": ""word"", ""ja"": ""行く"", ""reading"": ""いく"", ""en"": ""to go"", ""kanji"": [""行""], ""targets"": [54]}]"
s523,"[159, 206]",[],"[{""kind"": ""word"", ""ja"": ""体重"", ""reading"": ""たいじゅう"", ""en"": ""body weight"", ""kanji"": [""体"", ""重""], ""targets"": [159, 206]}, {""kind"": ""particle"", ""kana"": ""が""}, {""kind"": ""word"", ""ja"": ""重い"", ""reading"": ""おもい"", ""en"": ""heavy"", ""kanji"": [""重""], ""targets"": [206]}]"
s524,"[169, 159, 206, 39]",[],"[{""kind"": ""word"", ""ja"": ""冬"", ""reading"": ""ふゆ"", ""en"": ""winter"", ""kanji"": [""冬""], ""targets"": [169]}, {""kind"": ""particle"", ""kana"": ""に""}, {""kind"": ""word"", ""ja"": ""体重"", ""reading"": ""たいじゅう"", ""en"": ""body weight"", ""kanji"": [""体"", ""重""], ""targets"": [159, 206]}, {""kind"": ""particle"", ""kana"": ""が""}, {""kind"": ""word"", ""ja"": ""上がる"", ""reading"": ""あがる"", ""en"": ""to rise"", ""kanji"": [""上""], ""targets"": [39]}]"
s525,"[160, 77]",[],"[{""kind"": ""word"", ""ja"": ""足"", ""reading"": ""あし"", ""en"": ""foot; leg"", ""kanji"": [""足""], ""targets"": [160]}, {""kind"": ""particle"", ""kana"": ""が""}, {""kind"": ""word"", ""ja"": ""長い"", ""reading"": ""ながい"", ""en"": ""long"", ""kanji"": [""長""], ""targets"": [77]}]"
s526,"[22, 26, 160]",[],"[{""kind"": ""word"", ""ja"": ""時間"", ""reading"": ""じかん"", ""en"": ""time/hour"", ""kanji"": [""時"", ""間""], ""targets"": [22, 26]}, {""kind"": ""particle"", ""kana"": ""が""}, {""kind"": ""word"", ""ja"": ""足りる"", ""reading"": ""たりる"", ""en"": ""to be enough"", ""kanji"": [""足""], ""targets"": [160]}, {""kind"": ""particle"", ""kana"": ""か""}]"
s527,"[161, 204]",[],"[{""kind"": ""word"", ""ja"": ""心"", ""reading"": ""こころ"", ""en"": ""heart; mind"", ""kanji"": [""心""], ""targets"": [161]}, {""kind"": ""particle"", ""kana"": ""が""}, {""kind"": ""word"", ""ja"": ""広い"", ""reading"": ""ひろい"", ""en"": ""wide; spacious"", ""kanji"": [""広""], ""targets"": [204]}]"
s528,"[41, 161, 69, 243, 88]",[],"[{""kind"": ""word"", ""ja"": ""中心"", ""reading"": ""ちゅうしん"", ""en"": ""center"", ""kanji"": [""中"", ""心""], ""targets"": [41, 161]}, {""kind"": ""particle"", ""kana"": ""に""}, {""kind"": ""word"", ""ja"": ""高い"", ""reading"": ""たかい"", ""en"": ""tall/expensive"", ""kanji"": [""高""], ""targets"": [69]}, {""kind"": ""word"", ""ja"": ""建物"", ""reading"": ""たてもの"", ""en"": ""building"", ""kanji"": [""建"", ""物""], ""targets"": [243, 88]}, {""kind"": ""particle"", ""kana"": ""が""}, {""kind"": ""word"", ""ja"": ""ある"", ""reading"": ""ある"", ""en"": ""there is"", ""kanji"": [], ""targets"": []}]"
s529,"[30, 161, 198]",[],"[{""kind"": ""word"", ""ja"": ""人"", ""reading"": ""ひと"", ""en"": ""person"", ""kanji"": [""人""], ""targets"": [30]}, {""kind"": ""particle"", ""kana"": ""の""}, {""kind"": ""word"", ""ja"": ""心"", ""reading"": ""こころ"", ""en"": ""heart; mind"", ""kanji"": [""心""], ""targets"": [161]}, {""kind"": ""particle"", ""kana"": ""を""}, {""kind"": ""word"", ""ja"": ""考える"", ""reading"": ""かんがえる"", ""en"": ""to think; consider"", ""kanji"": [""考""], ""targets"": [198]}]"
s530,"[162, 170, 185]",[],"[{""kind"": ""word"", ""ja"": ""朝"", ""reading"": ""あさ"", ""en"": ""morning"", ""kanji"": [""朝""], ""targets"": [162]}, {""kind"": ""word"", ""ja"": ""早く"", ""reading"": ""はやく"", ""en"": ""early; quickly"", ""kanji"": [""早""], ""targets"": [170]}, {""kind"": ""word"", ""ja"": ""起きる"", ""reading"": ""おきる"", ""en"": ""to get up"", ""kanji"": [""起""], ""targets"": [185]}]"
s531,"[24, 162, 147, 148]",[],"[{""kind"": ""word"", ""ja"": ""今朝"", ""reading"": ""けさ"", ""en"": ""this morning"", ""kanji"": [""今"", ""朝""], ""targets"": [24, 162]}, {""kind"": ""particle"", ""kana"": ""は""}, {""kind"": ""word"", ""ja"": ""天気"", ""reading"": ""てんき"", ""en"": ""weather"", ""kanji"": [""天"", ""気""], ""targets"": [147, 148]}, {""kind"": ""particle"", ""kana"": ""が""}, {""kind"": ""word"", ""ja"": ""いい"", ""reading"": ""いい"", ""en"": ""good"", ""kanji"": [], ""targets"": []}]"
s532,"[162, 89, 174]",[],"[{""kind"": ""word"", ""ja"": ""朝ご飯"", ""reading"": ""あさごはん"", ""en"": ""breakfast"", ""kanji"": [""朝"", ""飯""], ""targets"": [162, 89]}, {""kind"": ""particle"", ""kana"": ""を""}, {""kind"": ""word"", ""ja"": ""作る"", ""reading"": ""つくる"", ""en"": ""to make"", ""kanji"": [""作""], ""targets"": [174]}]"
s533,"[164, 41, 185]",[],"[{""kind"": ""word"", ""ja"": ""夜中"", ""reading"": ""よなか"", ""en"": ""middle of the night"", ""kanji"": [""夜"", ""中""], ""targets"": [164, 41]}, {""kind"": ""particle"", ""kana"": ""に""}, {""kind"": ""word"", ""ja"": ""起きる"", ""reading"": ""おきる"", ""en"": ""to get up"", ""kanji"": [""起""], ""targets"": [185]}]"
s534,"[165, 123, 179]",[],"[{""kind"": ""word"", ""ja"": ""夕方"", ""reading"": ""ゆうがた"", ""en"": ""evening"", ""kanji"": [""夕"", ""方""], ""targets"": [165, 123]}, {""kind"": ""particle"", ""kana"": ""に""}, {""kind"": ""word"", ""ja"": ""帰る"", ""reading"": ""かえる"", ""en"": ""to return home"", ""kanji"": [""帰""], ""targets"": [179]}]"
s535,"[165, 57, 145, 183]",[],"[{""kind"": ""word"", ""ja"": ""夕食"", ""reading"": ""ゆうしょく"", ""en"": ""dinner"", ""kanji"": [""夕"", ""食""], ""targets"": [165, 57]}, {""kind"": ""particle"", ""kana"": ""の""}, {""kind"": ""word"", ""ja"": ""後"", ""reading"": ""あと"", ""en"": ""after; later"", ""kanji"": [""後""], ""targets"": [145]}, {""kind"": ""particle"", ""kana"": ""で""}, {""kind"": ""word"", ""ja"": ""歩く"", ""reading"": ""あるく"", ""en"": ""to walk"", ""kanji"": [""歩""], ""targets"": [183]}]"
s536,"[165, 149]",[],"[{""kind"": ""word"", ""ja"": ""夕べ"", ""reading"": ""ゆうべ"", ""en"": ""last evening"", ""kanji"": [""夕""], ""targets"": [165]}, {""kind"": ""particle"", ""kana"": ""は""}, {""kind"": ""word"", ""ja"": ""雨"", ""reading"": ""あめ"", ""en"": ""rain"", ""kanji"": [""雨""], ""targets"": [149]}, {""kind"": ""particle"", ""kana"": ""でした""}]"
s537,"[163, 89, 57, 241]",[],"[{""kind"": ""word"", ""ja"": ""昼飯"", ""reading"": ""ひるめし"", ""en"": ""lunch"", ""kanji"": [""昼"", ""飯""], ""targets"": [163, 89]}, {""kind"": ""particle"", ""kana"": ""は""}, {""kind"": ""word"", ""ja"": ""食堂"", ""reading"": ""しょくどう"", ""en"": ""cafeteria"", ""kanji"": [""食"", ""堂""], ""targets"": [57, 241]}, {""kind"": ""particle"", ""kana"": ""で""}, {""kind"": ""word"", ""ja"": ""食べる"", ""reading"": ""たべる"", ""en"": ""to eat"", ""kanji"": [""食""], ""targets"": [57]}]"
s538,"[166, 147, 148]",[],"[{""kind"": ""word"", ""ja"": ""春"", ""reading"": ""はる"", ""en"": ""spring"", ""kanji"": [""春""], ""targets"": [166]}, {""kind"": ""particle"", ""kana"": ""は""}, {""kind"": ""word"", ""ja"": ""天気"", ""reading"": ""てんき"", ""en"": ""weather"", ""kanji"": [""天"", ""気""], ""targets"": [147, 148]}, {""kind"": ""particle"", ""kana"": ""が""}, {""kind"": ""word"", ""ja"": ""いい"", ""reading"": ""いい"", ""en"": ""good"", ""kanji"": [], ""targets"": []}]"
s539,"[167, 245, 54]",[],"[{""kind"": ""word"", ""ja"": ""夏"", ""reading"": ""なつ"", ""en"": ""summer"", ""kanji"": [""夏""], ""targets"": [167]}, {""kind"": ""particle"", ""kana"": ""は""}, {""kind"": ""word"", ""ja"": ""海"", ""reading"": ""うみ"", ""en"": ""sea"", ""kanji"": [""海""], ""targets"": [245]}, {""kind"": ""particle"", ""kana"": ""へ""}, {""kind"": ""word"", ""ja"": ""行く"", ""reading"": ""いく"", ""en"": ""to go"", ""kanji"": [""行""], ""targets"": [54]}]"
s540,"[220, 167, 163, 77]",[],"[{""kind"": ""word"", ""ja"": ""真夏"", ""reading"": ""まなつ"", ""en"": ""midsummer"", ""kanji"": [""真"", ""夏""], ""targets"": [220, 167]}, {""kind"": ""particle"", ""kana"": ""の""}, {""kind"": ""word"", ""ja"": ""昼"", ""reading"": ""ひる"", ""en"": ""noon; daytime"", ""kanji"": [""昼""], ""targets"": [163]}, {""kind"": ""particle"", ""kana"": ""は""}, {""kind"": ""word"", ""ja"": ""長い"", ""reading"": ""ながい"", ""en"": ""long"", ""kanji"": [""長""], ""targets"": [77]}]"
s541,"[168, 244, 69]",[],"[{""kind"": ""word"", ""ja"": ""秋"", ""reading"": ""あき"", ""en"": ""autumn"", ""kanji"": [""秋""], ""targets"": [168]}, {""kind"": ""particle"", ""kana"": ""の""}, {""kind"": ""word"", ""ja"": ""空"", ""reading"": ""そら"", ""en"": ""sky"", ""kanji"": [""空""], ""targets"": [244]}, {""kind"": ""particle"", ""kana"": ""は""}, {""kind"": ""word"", ""ja"": ""高い"", ""reading"": ""たかい"", ""en"": ""tall/expensive"", ""kanji"": [""高""], ""targets"": [69]}]"
s542,"[168, 45, 183]",[],"[{""kind"": ""word"", ""ja"": ""秋"", ""reading"": ""あき"", ""en"": ""autumn"", ""kanji"": [""秋""], ""targets"": [168]}, {""kind"": ""particle"", ""kana"": ""の""}, {""kind"": ""word"", ""ja"": ""山"", ""reading"": ""やま"", ""en"": ""mountain"", ""kanji"": [""山""], ""targets"": [45]}, {""kind"": ""particle"", ""kana"": ""を""}, {""kind"": ""word"", ""ja"": ""歩く"", ""reading"": ""あるく"", ""en"": ""to walk"", ""kanji"": [""歩""], ""targets"": [183]}]"
s543,"[67, 168, 8, 15]",[],"[{""kind"": ""word"", ""ja"": ""立秋"", ""reading"": ""りっしゅう"", ""en"": ""start of autumn"", ""kanji"": [""立"", ""秋""], ""targets"": [67, 168]}, {""kind"": ""particle"", ""kana"": ""は""}, {""kind"": ""word"", ""ja"": ""八月"", ""reading"": ""はちがつ"", ""en"": ""August"", ""kanji"": [""八"", ""月""], ""targets"": [8, 15]}, {""kind"": ""particle"", ""kana"": ""です""}]"
s544,"[169, 164, 77]",[],"[{""kind"": ""word"", ""ja"": ""冬"", ""reading"": ""ふゆ"", ""en"": ""winter"", ""kanji"": [""冬""], ""targets"": [169]}, {""kind"": ""particle"", ""kana"": ""は""}, {""kind"": ""word"", ""ja"": ""夜"", ""reading"": ""よる"", ""en"": ""night"", ""kanji"": [""夜""], ""targets"": [164]}, {""kind"": ""particle"", ""kana"": ""が""}, {""kind"": ""word"", ""ja"": ""長い"", ""reading"": ""ながい"", ""en"": ""long"", ""kanji"": [""長""], ""targets"": [77]}]"
s545,"[220, 169, 245, 56]",[],"[{""kind"": ""word"", ""ja"": ""真冬"", ""reading"": ""まふゆ"", ""en"": ""midwinter"", ""kanji"": [""真"", ""冬""], ""targets"": [220, 169]}, {""kind"": ""particle"", ""kana"": ""の""}, {""kind"": ""word"", ""ja"": ""海"", ""reading"": ""うみ"", ""en"": ""sea"", ""kanji"": [""海""], ""targets"": [245]}, {""kind"": ""particle"", ""kana"": ""を""}, {""kind"": ""word"", ""ja"": ""見る"", ""reading"": ""みる"", ""en"": ""to see"", ""kanji"": [""見""], ""targets"": [56]}]"
s546,"[170, 162, 182]",[],"[{""kind"": ""word"", ""ja"": ""早朝"", ""reading"": ""そうちょう"", ""en"": ""early morning"", ""kanji"": [""早"", ""朝""], ""targets"": [170, 162]}, {""kind"": ""particle"", ""kana"": ""に""}, {""kind"": ""word"", ""ja"": ""走る"", ""reading"": ""はしる"", ""en"": ""to run"", ""kanji"": [""走""], ""targets"": [182]}]"
s547,"[170, 185, 159]",[],"[{""kind"": ""word"", ""ja"": ""早起き"", ""reading"": ""はやおき"", ""en"": ""early rising"", ""kanji"": [""早"", ""起""], ""targets"": [170, 185]}, {""kind"": ""particle"", ""kana"": ""は""}, {""kind"": ""word"", ""ja"": ""体"", ""reading"": ""からだ"", ""en"": ""body"", ""kanji"": [""体""], ""targets"": [159]}, {""kind"": ""particle"", ""kana"": ""に""}, {""kind"": ""word"", ""ja"": ""いい"", ""reading"": ""いい"", ""en"": ""good"", ""kanji"": [], ""targets"": []}]"
s548,"[41, 171, 94, 188]",[],"[{""kind"": ""word"", ""ja"": ""中古"", ""reading"": ""ちゅうこ"", ""en"": ""secondhand"", ""kanji"": [""中"", ""古""], ""targets"": [41, 171]}, {""kind"": ""particle"", ""kana"": ""の""}, {""kind"": ""word"", ""ja"": ""車"", ""reading"": ""くるま"", ""en"": ""car"", ""kanji"": [""車""], ""targets"": [94]}, {""kind"": ""particle"", ""kana"": ""を""}, {""kind"": ""word"", ""ja"": ""売る"", ""reading"": ""うる"", ""en"": ""to sell"", ""kanji"": [""売""], ""targets"": [188]}]"
s549,"[248, 172, 66, 191]",[],"[{""kind"": ""word"", ""ja"": ""英会話"", ""reading"": ""えいかいわ"", ""en"": ""English conversation"", ""kanji"": [""英"", ""会"", ""話""], ""targets"": [248, 172, 66]}, {""kind"": ""particle"", ""kana"": ""を""}, {""kind"": ""word"", ""ja"": ""習う"", ""reading"": ""ならう"", ""en"": ""to learn (from someone)"", ""kanji"": [""習""], ""targets"": [191]}]"
s550,"[172, 117, 47, 207]",[],"[{""kind"": ""word"", ""ja"": ""会場"", ""reading"": ""かいじょう"", ""en"": ""venue"", ""kanji"": [""会"", ""場""], ""targets"": [172, 117]}, {""kind"": ""particle"", ""kana"": ""は""}, {""kind"": ""word"", ""ja"": ""駅"", ""reading"": ""えき"", ""en"": ""station"", ""kanji"": [""駅""], ""targets"": [47]}, {""kind"": ""particle"", ""kana"": ""の""}, {""kind"": ""word"", ""ja"": ""近く"", ""reading"": ""ちかく"", ""en"": ""vicinity"", ""kanji"": [""近""], ""targets"": [207]}, {""kind"": ""particle"", ""kana"": ""です""}]"
s551,"[232, 172, 144, 192]",[],"[{""kind"": ""word"", ""ja"": ""教会"", ""reading"": ""きょうかい"", ""en"": ""church"", ""kanji"": [""教"", ""会""], ""targets"": [232, 172]}, {""kind"": ""particle"", ""kana"": ""の""}, {""kind"": ""word"", ""ja"": ""前"", ""reading"": ""まえ"", ""en"": ""front; before"", ""kanji"": [""前""], ""targets"": [144]}, {""kind"": ""particle"", ""kana"": ""を""}, {""kind"": ""word"", ""ja"": ""通る"", ""reading"": ""とおる"", ""en"": ""to pass through"", ""kanji"": [""通""], ""targets"": [192]}]"
s552,"[173, 123, 232]",[],"[{""kind"": ""word"", ""ja"": ""使い方"", ""reading"": ""つかいかた"", ""en"": ""how to use"", ""kanji"": [""使"", ""方""], ""targets"": [173, 123]}, {""kind"": ""particle"", ""kana"": ""を""}, {""kind"": ""word"", ""ja"": ""教える"", ""reading"": ""おしえる"", ""en"": ""to teach"", ""kanji"": [""教""], ""targets"": [232]}]"
s553,"[42, 173, 172]",[],"[{""kind"": ""word"", ""ja"": ""大使"", ""reading"": ""たいし"", ""en"": ""ambassador"", ""kanji"": [""大"", ""使""], ""targets"": [42, 173]}, {""kind"": ""particle"", ""kana"": ""に""}, {""kind"": ""word"", ""ja"": ""会う"", ""reading"": ""あう"", ""en"": ""to meet"", ""kanji"": [""会""], ""targets"": [172]}]"
s554,"[42, 173, 228, 140, 157, 207]",[],"[{""kind"": ""word"", ""ja"": ""大使館"", ""reading"": ""たいしかん"", ""en"": ""embassy"", ""kanji"": [""大"", ""使"", ""館""], ""targets"": [42, 173, 228]}, {""kind"": ""particle"", ""kana"": ""は""}, {""kind"": ""word"", ""ja"": ""東口"", ""reading"": ""ひがしぐち"", ""en"": ""east exit"", ""kanji"": [""東"", ""口""], ""targets"": [140, 157]}, {""kind"": ""particle"", ""kana"": ""の""}, {""kind"": ""word"", ""ja"": ""近く"", ""reading"": ""ちかく"", ""en"": ""vicinity"", ""kanji"": [""近""], ""targets"": [207]}, {""kind"": ""particle"", ""kana"": ""です""}]"
s555,"[173, 214, 144, 63]",[],"[{""kind"": ""word"", ""ja"": ""使用"", ""reading"": ""しよう"", ""en"": ""use"", ""kanji"": [""使"", ""用""], ""targets"": [173, 214]}, {""kind"": ""particle"", ""kana"": ""の""}, {""kind"": ""word"", ""ja"": ""前"", ""reading"": ""まえ"", ""en"": ""front; before"", ""kanji"": [""前""], ""targets"": [144]}, {""kind"": ""particle"", ""kana"": ""に""}, {""kind"": ""word"", ""ja"": ""よく"", ""reading"": ""よく"", ""en"": ""often; well"", ""kanji"": [], ""targets"": []}, {""kind"": ""word"", ""ja"": ""読む"", ""reading"": ""よむ"", ""en"": ""to read"", ""kanji"": [""読""], ""targets"": [63]}]"
s556,"[174, 230, 64]",[],"[{""kind"": ""word"", ""ja"": ""作文"", ""reading"": ""さくぶん"", ""en"": ""composition; essay"", ""kanji"": [""作"", ""文""], ""targets"": [174, 230]}, {""kind"": ""particle"", ""kana"": ""を""}, {""kind"": ""word"", ""ja"": ""書く"", ""reading"": ""かく"", ""en"": ""to write"", ""kanji"": [""書""], ""targets"": [64]}]"
s557,"[206, 88, 175]",[],"[{""kind"": ""word"", ""ja"": ""重い"", ""reading"": ""おもい"", ""en"": ""heavy"", ""kanji"": [""重""], ""targets"": [206]}, {""kind"": ""word"", ""ja"": ""物"", ""reading"": ""もの"", ""en"": ""thing"", ""kanji"": [""物""], ""targets"": [88]}, {""kind"": ""particle"", ""kana"": ""を""}, {""kind"": ""word"", ""ja"": ""持つ"", ""reading"": ""もつ"", ""en"": ""to hold; to have"", ""kanji"": [""持""], ""targets"": [175]}]"
s558,"[148, 175]",[],"[{""kind"": ""word"", ""ja"": ""気持ち"", ""reading"": ""きもち"", ""en"": ""feeling"", ""kanji"": [""気"", ""持""], ""targets"": [148, 175]}, {""kind"": ""particle"", ""kana"": ""が""}, {""kind"": ""word"", ""ja"": ""いい"", ""reading"": ""いい"", ""en"": ""good"", ""kanji"": [], ""targets"": []}]"
s559,"[209, 14, 149, 176]",[],"[{""kind"": ""word"", ""ja"": ""明日"", ""reading"": ""あした"", ""en"": ""tomorrow"", ""kanji"": [""明"", ""日""], ""targets"": [209, 14]}, {""kind"": ""particle"", ""kana"": ""は""}, {""kind"": ""word"", ""ja"": ""雨"", ""reading"": ""あめ"", ""en"": ""rain"", ""kanji"": [""雨""], ""targets"": [149]}, {""kind"": ""particle"", ""kana"": ""だ""}, {""kind"": ""particle"", ""kana"": ""と""}, {""kind"": ""word"", ""ja"": ""思う"", ""reading"": ""おもう"", ""en"": ""to think"", ""kanji"": [""思""], ""targets"": [176]}]"
s560,"[176, 60, 42, 113]",[],"[{""kind"": ""word"", ""ja"": ""思い出"", ""reading"": ""おもいで"", ""en"": ""memory"", ""kanji"": [""思"", ""出""], ""targets"": [176, 60]}, {""kind"": ""particle"", ""kana"": ""を""}, {""kind"": ""word"", ""ja"": ""大切"", ""reading"": ""たいせつ"", ""en"": ""important"", ""kanji"": [""大"", ""切""], ""targets"": [42, 113]}, {""kind"": ""particle"", ""kana"": ""に""}, {""kind"": ""word"", ""ja"": ""する"", ""reading"": ""する"", ""en"": ""to do"", ""kanji"": [], ""targets"": []}]"
s561,"[31, 176]",[],"[{""kind"": ""word"", ""ja"": ""私"", ""reading"": ""わたし"", ""en"": ""I/me"", ""kanji"": [""私""], ""targets"": [31]}, {""kind"": ""particle"", ""kana"": ""も""}, {""kind"": ""word"", ""ja"": ""そう"", ""reading"": ""そう"", ""en"": ""so"", ""kanji"": [], ""targets"": []}, {""kind"": ""word"", ""ja"": ""思う"", ""reading"": ""おもう"", ""en"": ""to think"", ""kanji"": [""思""], ""targets"": [176]}]"
s562,"[199, 177]",[],"[{""kind"": ""word"", ""ja"": ""答え"", ""reading"": ""こたえ"", ""en"": ""answer"", ""kanji"": [""答""], ""targets"": [199]}, {""kind"": ""particle"", ""kana"": ""を""}, {""kind"": ""word"", ""ja"": ""知る"", ""reading"": ""しる"", ""en"": ""to know"", ""kanji"": [""知""], ""targets"": [177]}]"
s563,"[231, 218, 104, 177]",[],"[{""kind"": ""word"", ""ja"": ""この"", ""reading"": ""この"", ""en"": ""this"", ""kanji"": [], ""targets"": []}, {""kind"": ""word"", ""ja"": ""字"", ""reading"": ""じ"", ""en"": ""character; handwriting"", ""kanji"": [""字""], ""targets"": [231]}, {""kind"": ""particle"", ""kana"": ""の""}, {""kind"": ""word"", ""ja"": ""意味"", ""reading"": ""いみ"", ""en"": ""meaning"", ""kanji"": [""意"", ""味""], ""targets"": [218, 104]}, {""kind"": ""particle"", ""kana"": ""を""}, {""kind"": ""word"", ""ja"": ""知る"", ""reading"": ""しる"", ""en"": ""to know"", ""kanji"": [""知""], ""targets"": [177]}]"
s564,"[50, 177]",[],"[{""kind"": ""word"", ""ja"": ""その"", ""reading"": ""その"", ""en"": ""that"", ""kanji"": [], ""targets"": []}, {""kind"": ""word"", ""ja"": ""店"", ""reading"": ""みせ"", ""en"": ""shop"", ""kanji"": [""店""], ""targets"": [50]}, {""kind"": ""particle"", ""kana"": ""を""}, {""kind"": ""word"", ""ja"": ""知る"", ""reading"": ""しる"", ""en"": ""to know"", ""kanji"": [""知""], ""targets"": [177]}, {""kind"": ""particle"", ""kana"": ""か""}]"
s565,[178],[],"[{""kind"": ""word"", ""ja"": ""メール"", ""reading"": ""メール"", ""en"": ""email"", ""kanji"": [], ""targets"": []}, {""kind"": ""particle"", ""kana"": ""を""}, {""kind"": ""word"", ""ja"": ""送る"", ""reading"": ""おくる"", ""en"": ""to send"", ""kanji"": [""送""], ""targets"": [178]}]"
s566,"[36, 30, 47, 56, 178]",[],"[{""kind"": ""word"", ""ja"": ""友人"", ""reading"": ""ゆうじん"", ""en"": ""friend"", ""kanji"": [""友"", ""人""], ""targets"": [36, 30]}, {""kind"": ""particle"", ""kana"": ""を""}, {""kind"": ""word"", ""ja"": ""駅"", ""reading"": ""えき"", ""en"": ""station"", ""kanji"": [""駅""], ""targets"": [47]}, {""kind"": ""particle"", ""kana"": ""まで""}, {""kind"": ""word"", ""ja"": ""見送る"", ""reading"": ""みおくる"", ""en"": ""to see off"", ""kanji"": [""見"", ""送""], ""targets"": [56, 178]}]"
s567,"[19, 178]",[],"[{""kind"": ""word"", ""ja"": ""お金"", ""reading"": ""おかね"", ""en"": ""money"", ""kanji"": [""金""], ""targets"": [19]}, {""kind"": ""particle"", ""kana"": ""を""}, {""kind"": ""word"", ""ja"": ""送る"", ""reading"": ""おくる"", ""en"": ""to send"", ""kanji"": [""送""], ""targets"": [178]}]"
s568,"[165, 123, 51, 179]",[],"[{""kind"": ""word"", ""ja"": ""夕方"", ""reading"": ""ゆうがた"", ""en"": ""evening"", ""kanji"": [""夕"", ""方""], ""targets"": [165, 123]}, {""kind"": ""particle"", ""kana"": ""に""}, {""kind"": ""word"", ""ja"": ""家"", ""reading"": ""いえ"", ""en"": ""house"", ""kanji"": [""家""], ""targets"": [51]}, {""kind"": ""particle"", ""kana"": ""へ""}, {""kind"": ""word"", ""ja"": ""帰る"", ""reading"": ""かえる"", ""en"": ""to return home"", ""kanji"": [""帰""], ""targets"": [179]}]"
s569,"[235, 236, 195, 180, 9, 22]",[],"[{""kind"": ""word"", ""ja"": ""試験"", ""reading"": ""しけん"", ""en"": ""exam"", ""kanji"": [""試"", ""験""], ""targets"": [235, 236]}, {""kind"": ""particle"", ""kana"": ""の""}, {""kind"": ""word"", ""ja"": ""開始"", ""reading"": ""かいし"", ""en"": ""start"", ""kanji"": [""開"", ""始""], ""targets"": [195, 180]}, {""kind"": ""particle"", ""kana"": ""は""}, {""kind"": ""word"", ""ja"": ""九時"", ""reading"": ""くじ"", ""en"": ""9 o'clock"", ""kanji"": [""九"", ""時""], ""targets"": [9, 22]}, {""kind"": ""particle"", ""kana"": ""です""}]"
s570,"[235, 236, 181]",[],"[{""kind"": ""word"", ""ja"": ""試験"", ""reading"": ""しけん"", ""en"": ""exam"", ""kanji"": [""試"", ""験""], ""targets"": [235, 236]}, {""kind"": ""particle"", ""kana"": ""が""}, {""kind"": ""word"", ""ja"": ""終わる"", ""reading"": ""おわる"", ""en"": ""to end"", ""kanji"": [""終""], ""targets"": [181]}]"
s571,"[181, 95, 179]",[],"[{""kind"": ""word"", ""ja"": ""終電"", ""reading"": ""しゅうでん"", ""en"": ""last train"", ""kanji"": [""終"", ""電""], ""targets"": [181, 95]}, {""kind"": ""particle"", ""kana"": ""で""}, {""kind"": ""word"", ""ja"": ""帰る"", ""reading"": ""かえる"", ""en"": ""to return home"", ""kanji"": [""帰""], ""targets"": [179]}]"
s572,"[181, 223, 234]",[],"[{""kind"": ""word"", ""ja"": ""終わり"", ""reading"": ""おわり"", ""en"": ""the end"", ""kanji"": [""終""], ""targets"": [181]}, {""kind"": ""particle"", ""kana"": ""に""}, {""kind"": ""word"", ""ja"": ""質問"", ""reading"": ""しつもん"", ""en"": ""question"", ""kanji"": [""質"", ""問""], ""targets"": [223, 234]}, {""kind"": ""particle"", ""kana"": ""を""}, {""kind"": ""word"", ""ja"": ""する"", ""reading"": ""する"", ""en"": ""to do"", ""kanji"": [], ""targets"": []}]"
s573,"[28, 162, 115, 116, 182]",[],"[{""kind"": ""word"", ""ja"": ""毎朝"", ""reading"": ""まいあさ"", ""en"": ""every morning"", ""kanji"": [""毎"", ""朝""], ""targets"": [28, 162]}, {""kind"": ""word"", ""ja"": ""公園"", ""reading"": ""こうえん"", ""en"": ""park"", ""kanji"": [""公"", ""園""], ""targets"": [115, 116]}, {""kind"": ""particle"", ""kana"": ""を""}, {""kind"": ""word"", ""ja"": ""走る"", ""reading"": ""はしる"", ""en"": ""to run"", ""kanji"": [""走""], ""targets"": [182]}]"
s574,"[183, 49, 112, 192]",[],"[{""kind"": ""word"", ""ja"": ""歩道橋"", ""reading"": ""ほどうきょう"", ""en"": ""footbridge"", ""kanji"": [""歩"", ""道"", ""橋""], ""targets"": [183, 49, 112]}, {""kind"": ""particle"", ""kana"": ""を""}, {""kind"": ""word"", ""ja"": ""通る"", ""reading"": ""とおる"", ""en"": ""to pass through"", ""kanji"": [""通""], ""targets"": [192]}]"
s575,"[156, 185]",[],"[{""kind"": ""word"", ""ja"": ""妹"", ""reading"": ""いもうと"", ""en"": ""younger sister"", ""kanji"": [""妹""], ""targets"": [156]}, {""kind"": ""particle"", ""kana"": ""を""}, {""kind"": ""word"", ""ja"": ""起こす"", ""reading"": ""おこす"", ""en"": ""to wake (someone)"", ""kanji"": [""起""], ""targets"": [185]}]"
s576,"[73, 22, 186]",[],"[{""kind"": ""word"", ""ja"": ""何時"", ""reading"": ""なんじ"", ""en"": ""what time"", ""kanji"": [""何"", ""時""], ""targets"": [73, 22]}, {""kind"": ""particle"", ""kana"": ""に""}, {""kind"": ""word"", ""ja"": ""着く"", ""reading"": ""つく"", ""en"": ""to arrive"", ""kanji"": [""着""], ""targets"": [186]}, {""kind"": ""particle"", ""kana"": ""か""}]"
s577,"[204, 51, 187]",[],"[{""kind"": ""word"", ""ja"": ""広い"", ""reading"": ""ひろい"", ""en"": ""wide; spacious"", ""kanji"": [""広""], ""targets"": [204]}, {""kind"": ""word"", ""ja"": ""家"", ""reading"": ""いえ"", ""en"": ""house"", ""kanji"": [""家""], ""targets"": [51]}, {""kind"": ""particle"", ""kana"": ""に""}, {""kind"": ""word"", ""ja"": ""住む"", ""reading"": ""すむ"", ""en"": ""to live; reside"", ""kanji"": [""住""], ""targets"": [187]}]"
s578,"[188, 117, 65]",[],"[{""kind"": ""word"", ""ja"": ""売り場"", ""reading"": ""うりば"", ""en"": ""sales floor"", ""kanji"": [""売"", ""場""], ""targets"": [188, 117]}, {""kind"": ""particle"", ""kana"": ""で""}, {""kind"": ""word"", ""ja"": ""聞く"", ""reading"": ""きく"", ""en"": ""to hear"", ""kanji"": [""聞""], ""targets"": [65]}]"
s579,"[19, 189]",[],"[{""kind"": ""word"", ""ja"": ""お金"", ""reading"": ""おかね"", ""en"": ""money"", ""kanji"": [""金""], ""targets"": [19]}, {""kind"": ""particle"", ""kana"": ""を""}, {""kind"": ""word"", ""ja"": ""借りる"", ""reading"": ""かりる"", ""en"": ""to borrow"", ""kanji"": [""借""], ""targets"": [189]}]"
s580,"[227, 64, 228, 71, 189]",[],"[{""kind"": ""word"", ""ja"": ""図書館"", ""reading"": ""としょかん"", ""en"": ""library"", ""kanji"": [""図"", ""書"", ""館""], ""targets"": [227, 64, 228]}, {""kind"": ""particle"", ""kana"": ""で""}, {""kind"": ""word"", ""ja"": ""本"", ""reading"": ""ほん"", ""en"": ""book"", ""kanji"": [""本""], ""targets"": [71]}, {""kind"": ""particle"", ""kana"": ""を""}, {""kind"": ""word"", ""ja"": ""借りる"", ""reading"": ""かりる"", ""en"": ""to borrow"", ""kanji"": [""借""], ""targets"": [189]}]"
s581,"[189, 19, 75]",[],"[{""kind"": ""word"", ""ja"": ""借金"", ""reading"": ""しゃっきん"", ""en"": ""debt"", ""kanji"": [""借"", ""金""], ""targets"": [189, 19]}, {""kind"": ""particle"", ""kana"": ""が""}, {""kind"": ""word"", ""ja"": ""多い"", ""reading"": ""おおい"", ""en"": ""many"", ""kanji"": [""多""], ""targets"": [75]}]"
s582,[190],[290],"[{""kind"": ""word"", ""ja"": ""ペン"", ""reading"": ""ペン"", ""en"": ""pen"", ""kanji"": [], ""targets"": [], ""kana_targets"": [290]}, {""kind"": ""particle"", ""kana"": ""を""}, {""kind"": ""word"", ""ja"": ""貸す"", ""reading"": ""かす"", ""en"": ""to lend"", ""kanji"": [""貸""], ""targets"": [190]}]"
s583,"[19, 190]",[],"[{""kind"": ""word"", ""ja"": ""お金"", ""reading"": ""おかね"", ""en"": ""money"", ""kanji"": [""金""], ""targets"": [19]}, {""kind"": ""particle"", ""kana"": ""を""}, {""kind"": ""word"", ""ja"": ""貸す"", ""reading"": ""かす"", ""en"": ""to lend"", ""kanji"": [""貸""], ""targets"": [190]}]"
s584,"[71, 190, 60, 180]",[],"[{""kind"": ""word"", ""ja"": ""本"", ""reading"": ""ほん"", ""en"": ""book"", ""kanji"": [""本""], ""targets"": [71]}, {""kind"": ""particle"", ""kana"": ""の""}, {""kind"": ""word"", ""ja"": ""貸し出し"", ""reading"": ""かしだし"", ""en"": ""lending; rental"", ""kanji"": [""貸"", ""出""], ""targets"": [190, 60]}, {""kind"": ""particle"", ""kana"": ""が""}, {""kind"": ""word"", ""ja"": ""始まる"", ""reading"": ""はじまる"", ""en"": ""to begin (intr.)"", ""kanji"": [""始""], ""targets"": [180]}]"
s585,"[206, 88, 193]",[],"[{""kind"": ""word"", ""ja"": ""重い"", ""reading"": ""おもい"", ""en"": ""heavy"", ""kanji"": [""重""], ""targets"": [206]}, {""kind"": ""word"", ""ja"": ""物"", ""reading"": ""もの"", ""en"": ""thing"", ""kanji"": [""物""], ""targets"": [88]}, {""kind"": ""particle"", ""kana"": ""を""}, {""kind"": ""word"", ""ja"": ""運ぶ"", ""reading"": ""はこぶ"", ""en"": ""to carry"", ""kanji"": [""運""], ""targets"": [193]}]"
s586,"[94, 193, 194]",[],"[{""kind"": ""word"", ""ja"": ""車"", ""reading"": ""くるま"", ""en"": ""car"", ""kanji"": [""車""], ""targets"": [94]}, {""kind"": ""particle"", ""kana"": ""を""}, {""kind"": ""word"", ""ja"": ""運転"", ""reading"": ""うんてん"", ""en"": ""driving"", ""kanji"": [""運"", ""転""], ""targets"": [193, 194]}, {""kind"": ""word"", ""ja"": ""する"", ""reading"": ""する"", ""en"": ""to do"", ""kanji"": [], ""targets"": []}]"
s587,"[94, 193, 194, 191]",[],"[{""kind"": ""word"", ""ja"": ""車"", ""reading"": ""くるま"", ""en"": ""car"", ""kanji"": [""車""], ""targets"": [94]}, {""kind"": ""particle"", ""kana"": ""の""}, {""kind"": ""word"", ""ja"": ""運転"", ""reading"": ""うんてん"", ""en"": ""driving"", ""kanji"": [""運"", ""転""], ""targets"": [193, 194]}, {""kind"": ""particle"", ""kana"": ""を""}, {""kind"": ""word"", ""ja"": ""習う"", ""reading"": ""ならう"", ""en"": ""to learn (from someone)"", ""kanji"": [""習""], ""targets"": [191]}]"
s588,"[37, 193, 194, 39, 100]",[],"[{""kind"": ""word"", ""ja"": ""父"", ""reading"": ""ちち"", ""en"": ""father"", ""kanji"": [""父""], ""targets"": [37]}, {""kind"": ""particle"", ""kana"": ""は""}, {""kind"": ""word"", ""ja"": ""運転"", ""reading"": ""うんてん"", ""en"": ""driving"", ""kanji"": [""運"", ""転""], ""targets"": [193, 194]}, {""kind"": ""particle"", ""kana"": ""が""}, {""kind"": ""word"", ""ja"": ""上手"", ""reading"": ""じょうず"", ""en"": ""skillful"", ""kanji"": [""上"", ""手""], ""targets"": [39, 100]}, {""kind"": ""particle"", ""kana"": ""です""}]"
s589,"[30, 204, 117, 196]",[],"[{""kind"": ""word"", ""ja"": ""人"", ""reading"": ""ひと"", ""en"": ""person"", ""kanji"": [""人""], ""targets"": [30]}, {""kind"": ""particle"", ""kana"": ""が""}, {""kind"": ""word"", ""ja"": ""広場"", ""reading"": ""ひろば"", ""en"": ""plaza"", ""kanji"": [""広"", ""場""], ""targets"": [204, 117]}, {""kind"": ""particle"", ""kana"": ""に""}, {""kind"": ""word"", ""ja"": ""集まる"", ""reading"": ""あつまる"", ""en"": ""to gather (intr.)"", ""kanji"": [""集""], ""targets"": [196]}]"
s590,"[171, 71, 196]",[],"[{""kind"": ""word"", ""ja"": ""古本"", ""reading"": ""ふるほん"", ""en"": ""used book"", ""kanji"": [""古"", ""本""], ""targets"": [171, 71]}, {""kind"": ""particle"", ""kana"": ""を""}, {""kind"": ""word"", ""ja"": ""集める"", ""reading"": ""あつめる"", ""en"": ""to collect"", ""kanji"": [""集""], ""targets"": [196]}]"
s591,"[197, 220, 56]",[],"[{""kind"": ""word"", ""ja"": ""写真"", ""reading"": ""しゃしん"", ""en"": ""photograph"", ""kanji"": [""写"", ""真""], ""targets"": [197, 220]}, {""kind"": ""particle"", ""kana"": ""を""}, {""kind"": ""word"", ""ja"": ""見る"", ""reading"": ""みる"", ""en"": ""to see"", ""kanji"": [""見""], ""targets"": [56]}]"
s592,"[36, 30, 197, 220]",[],"[{""kind"": ""word"", ""ja"": ""友人"", ""reading"": ""ゆうじん"", ""en"": ""friend"", ""kanji"": [""友"", ""人""], ""targets"": [36, 30]}, {""kind"": ""particle"", ""kana"": ""と""}, {""kind"": ""word"", ""ja"": ""写真"", ""reading"": ""しゃしん"", ""en"": ""photograph"", ""kanji"": [""写"", ""真""], ""targets"": [197, 220]}, {""kind"": ""particle"", ""kana"": ""を""}, {""kind"": ""word"", ""ja"": ""写す"", ""reading"": ""うつす"", ""en"": ""to copy; to photograph"", ""kanji"": [""写""], ""targets"": [197]}]"
s593,"[231, 197]",[],"[{""kind"": ""word"", ""ja"": ""字"", ""reading"": ""じ"", ""en"": ""character; handwriting"", ""kanji"": [""字""], ""targets"": [231]}, {""kind"": ""particle"", ""kana"": ""を""}, {""kind"": ""word"", ""ja"": ""写す"", ""reading"": ""うつす"", ""en"": ""to copy; to photograph"", ""kanji"": [""写""], ""targets"": [197]}]"
s594,"[199, 198]",[],"[{""kind"": ""word"", ""ja"": ""答え"", ""reading"": ""こたえ"", ""en"": ""answer"", ""kanji"": [""答""], ""targets"": [199]}, {""kind"": ""particle"", ""kana"": ""を""}, {""kind"": ""word"", ""ja"": ""考える"", ""reading"": ""かんがえる"", ""en"": ""to think; consider"", ""kanji"": [""考""], ""targets"": [198]}]"
s595,"[223, 234, 199]",[],"[{""kind"": ""word"", ""ja"": ""質問"", ""reading"": ""しつもん"", ""en"": ""question"", ""kanji"": [""質"", ""問""], ""targets"": [223, 234]}, {""kind"": ""particle"", ""kana"": ""に""}, {""kind"": ""word"", ""ja"": ""答える"", ""reading"": ""こたえる"", ""en"": ""to answer"", ""kanji"": [""答""], ""targets"": [199]}]"
s596,"[94, 200, 218]",[],"[{""kind"": ""word"", ""ja"": ""車"", ""reading"": ""くるま"", ""en"": ""car"", ""kanji"": [""車""], ""targets"": [94]}, {""kind"": ""particle"", ""kana"": ""に""}, {""kind"": ""word"", ""ja"": ""注意"", ""reading"": ""ちゅうい"", ""en"": ""caution; attention"", ""kanji"": [""注"", ""意""], ""targets"": [200, 218]}, {""kind"": ""word"", ""ja"": ""する"", ""reading"": ""する"", ""en"": ""to do"", ""kanji"": [], ""targets"": []}]"
s597,"[106, 80, 200, 230]",[],"[{""kind"": ""word"", ""ja"": ""焼肉"", ""reading"": ""やきにく"", ""en"": ""grilled meat"", ""kanji"": [""焼"", ""肉""], ""targets"": [106, 80]}, {""kind"": ""particle"", ""kana"": ""を""}, {""kind"": ""word"", ""ja"": ""注文"", ""reading"": ""ちゅうもん"", ""en"": ""order (e.g. food)"", ""kanji"": [""注"", ""文""], ""targets"": [200, 230]}, {""kind"": ""word"", ""ja"": ""する"", ""reading"": ""する"", ""en"": ""to do"", ""kanji"": [], ""targets"": []}]"
s598,"[19, 81, 201]",[],"[{""kind"": ""word"", ""ja"": ""金魚"", ""reading"": ""きんぎょ"", ""en"": ""goldfish"", ""kanji"": [""金"", ""魚""], ""targets"": [19, 81]}, {""kind"": ""particle"", ""kana"": ""が""}, {""kind"": ""word"", ""ja"": ""死ぬ"", ""reading"": ""しぬ"", ""en"": ""to die"", ""kanji"": [""死""], ""targets"": [201]}]"
s599,"[18, 201]",[],"[{""kind"": ""word"", ""ja"": ""木"", ""reading"": ""き"", ""en"": ""tree"", ""kanji"": [""木""], ""targets"": [18]}, {""kind"": ""particle"", ""kana"": ""が""}, {""kind"": ""word"", ""ja"": ""死ぬ"", ""reading"": ""しぬ"", ""en"": ""to die"", ""kanji"": [""死""], ""targets"": [201]}]"
s600,"[118, 148, 201, 30, 75]",[],"[{""kind"": ""word"", ""ja"": ""病気"", ""reading"": ""びょうき"", ""en"": ""illness"", ""kanji"": [""病"", ""気""], ""targets"": [118, 148]}, {""kind"": ""particle"", ""kana"": ""で""}, {""kind"": ""word"", ""ja"": ""死ぬ"", ""reading"": ""しぬ"", ""en"": ""to die"", ""kanji"": [""死""], ""targets"": [201]}, {""kind"": ""word"", ""ja"": ""人"", ""reading"": ""ひと"", ""en"": ""person"", ""kanji"": [""人""], ""targets"": [30]}, {""kind"": ""particle"", ""kana"": ""が""}, {""kind"": ""word"", ""ja"": ""多い"", ""reading"": ""おおい"", ""en"": ""many"", ""kanji"": [""多""], ""targets"": [75]}]"
s601,"[28, 14, 3, 22, 26, 202, 203]",[],"[{""kind"": ""word"", ""ja"": ""毎日"", ""reading"": ""まいにち"", ""en"": ""every day"", ""kanji"": [""毎"", ""日""], ""targets"": [28, 14]}, {""kind"": ""word"", ""ja"": ""三"", ""reading"": ""さん"", ""en"": ""three"", ""kanji"": [""三""], ""targets"": [3]}, {""kind"": ""word"", ""ja"": ""時間"", ""reading"": ""じかん"", ""en"": ""time/hour"", ""kanji"": [""時"", ""間""], ""targets"": [22, 26]}, {""kind"": ""word"", ""ja"": ""勉強"", ""reading"": ""べんきょう"", ""en"": ""study"", ""kanji"": [""勉"", ""強""], ""targets"": [202, 203]}, {""kind"": ""word"", ""ja"": ""する"", ""reading"": ""する"", ""en"": ""to do"", ""kanji"": [], ""targets"": []}]"
s602,"[235, 236, 144, 202, 203]",[],"[{""kind"": ""word"", ""ja"": ""試験"", ""reading"": ""しけん"", ""en"": ""exam"", ""kanji"": [""試"", ""験""], ""targets"": [235, 236]}, {""kind"": ""particle"", ""kana"": ""の""}, {""kind"": ""word"", ""ja"": ""前"", ""reading"": ""まえ"", ""en"": ""front; before"", ""kanji"": [""前""], ""targets"": [144]}, {""kind"": ""particle"", ""kana"": ""に""}, {""kind"": ""word"", ""ja"": ""勉強"", ""reading"": ""べんきょう"", ""en"": ""study"", ""kanji"": [""勉"", ""強""], ""targets"": [202, 203]}, {""kind"": ""word"", ""ja"": ""する"", ""reading"": ""する"", ""en"": ""to do"", ""kanji"": [], ""targets"": []}]"
s603,"[202, 203, 145, 151]",[],"[{""kind"": ""word"", ""ja"": ""勉強"", ""reading"": ""べんきょう"", ""en"": ""study"", ""kanji"": [""勉"", ""強""], ""targets"": [202, 203]}, {""kind"": ""particle"", ""kana"": ""の""}, {""kind"": ""word"", ""ja"": ""後"", ""reading"": ""あと"", ""en"": ""after; later"", ""kanji"": [""後""], ""targets"": [145]}, {""kind"": ""particle"", ""kana"": ""で""}, {""kind"": ""word"", ""ja"": ""休む"", ""reading"": ""やすむ"", ""en"": ""to rest"", ""kanji"": [""休""], ""targets"": [151]}]"
s604,"[153, 159, 203]",[],"[{""kind"": ""word"", ""ja"": ""兄"", ""reading"": ""あに"", ""en"": ""older brother (my)"", ""kanji"": [""兄""], ""targets"": [153]}, {""kind"": ""particle"", ""kana"": ""は""}, {""kind"": ""word"", ""ja"": ""体"", ""reading"": ""からだ"", ""en"": ""body"", ""kanji"": [""体""], ""targets"": [159]}, {""kind"": ""particle"", ""kana"": ""が""}, {""kind"": ""word"", ""ja"": ""強い"", ""reading"": ""つよい"", ""en"": ""strong"", ""kanji"": [""強""], ""targets"": [203]}]"
s605,"[245, 204]",[],"[{""kind"": ""word"", ""ja"": ""海"", ""reading"": ""うみ"", ""en"": ""sea"", ""kanji"": [""海""], ""targets"": [245]}, {""kind"": ""particle"", ""kana"": ""は""}, {""kind"": ""word"", ""ja"": ""広い"", ""reading"": ""ひろい"", ""en"": ""wide; spacious"", ""kanji"": [""広""], ""targets"": [204]}]"
s606,"[204, 117, 197, 220]",[],"[{""kind"": ""word"", ""ja"": ""広場"", ""reading"": ""ひろば"", ""en"": ""plaza"", ""kanji"": [""広"", ""場""], ""targets"": [204, 117]}, {""kind"": ""particle"", ""kana"": ""で""}, {""kind"": ""word"", ""ja"": ""写真"", ""reading"": ""しゃしん"", ""en"": ""photograph"", ""kanji"": [""写"", ""真""], ""targets"": [197, 220]}, {""kind"": ""particle"", ""kana"": ""を""}, {""kind"": ""word"", ""ja"": ""写す"", ""reading"": ""うつす"", ""en"": ""to copy; to photograph"", ""kanji"": [""写""], ""targets"": [197]}]"
s607,"[205, 157, 59]",[],"[{""kind"": ""word"", ""ja"": ""悪口"", ""reading"": ""わるぐち"", ""en"": ""speaking ill of someone"", ""kanji"": [""悪"", ""口""], ""targets"": [205, 157]}, {""kind"": ""particle"", ""kana"": ""を""}, {""kind"": ""word"", ""ja"": ""言う"", ""reading"": ""いう"", ""en"": ""to say"", ""kanji"": [""言""], ""targets"": [59]}]"
s608,"[148, 23, 205]",[],"[{""kind"": ""word"", ""ja"": ""気分"", ""reading"": ""きぶん"", ""en"": ""mood"", ""kanji"": [""気"", ""分""], ""targets"": [148, 23]}, {""kind"": ""particle"", ""kana"": ""が""}, {""kind"": ""word"", ""ja"": ""悪い"", ""reading"": ""わるい"", ""en"": ""bad"", ""kanji"": [""悪""], ""targets"": [205]}]"
s609,"[51, 245, 207]",[],"[{""kind"": ""word"", ""ja"": ""家"", ""reading"": ""いえ"", ""en"": ""house"", ""kanji"": [""家""], ""targets"": [51]}, {""kind"": ""particle"", ""kana"": ""は""}, {""kind"": ""word"", ""ja"": ""海"", ""reading"": ""うみ"", ""en"": ""sea"", ""kanji"": [""海""], ""targets"": [245]}, {""kind"": ""particle"", ""kana"": ""に""}, {""kind"": ""word"", ""ja"": ""近い"", ""reading"": ""ちかい"", ""en"": ""near"", ""kanji"": [""近""], ""targets"": [207]}]"
s610,"[208, 15, 51, 179]",[],"[{""kind"": ""word"", ""ja"": ""正月"", ""reading"": ""しょうがつ"", ""en"": ""New Year"", ""kanji"": [""正"", ""月""], ""targets"": [208, 15]}, {""kind"": ""particle"", ""kana"": ""に""}, {""kind"": ""word"", ""ja"": ""家"", ""reading"": ""いえ"", ""en"": ""house"", ""kanji"": [""家""], ""targets"": [51]}, {""kind"": ""particle"", ""kana"": ""へ""}, {""kind"": ""word"", ""ja"": ""帰る"", ""reading"": ""かえる"", ""en"": ""to return home"", ""kanji"": [""帰""], ""targets"": [179]}]"
s611,"[208, 199, 64]",[],"[{""kind"": ""word"", ""ja"": ""正しい"", ""reading"": ""ただしい"", ""en"": ""correct"", ""kanji"": [""正""], ""targets"": [208]}, {""kind"": ""word"", ""ja"": ""答え"", ""reading"": ""こたえ"", ""en"": ""answer"", ""kanji"": [""答""], ""targets"": [199]}, {""kind"": ""particle"", ""kana"": ""を""}, {""kind"": ""word"", ""ja"": ""書く"", ""reading"": ""かく"", ""en"": ""to write"", ""kanji"": [""書""], ""targets"": [64]}]"
s612,"[209, 14, 162, 170]",[],"[{""kind"": ""word"", ""ja"": ""明日"", ""reading"": ""あした"", ""en"": ""tomorrow"", ""kanji"": [""明"", ""日""], ""targets"": [209, 14]}, {""kind"": ""particle"", ""kana"": ""の""}, {""kind"": ""word"", ""ja"": ""朝"", ""reading"": ""あさ"", ""en"": ""morning"", ""kanji"": [""朝""], ""targets"": [162]}, {""kind"": ""particle"", ""kana"": ""は""}, {""kind"": ""word"", ""ja"": ""早い"", ""reading"": ""はやい"", ""en"": ""early"", ""kanji"": [""早""], ""targets"": [170]}]"
s613,"[199, 209]",[],"[{""kind"": ""word"", ""ja"": ""答え"", ""reading"": ""こたえ"", ""en"": ""answer"", ""kanji"": [""答""], ""targets"": [199]}, {""kind"": ""particle"", ""kana"": ""は""}, {""kind"": ""word"", ""ja"": ""明らか"", ""reading"": ""あきらか"", ""en"": ""clear; obvious"", ""kanji"": [""明""], ""targets"": [209]}, {""kind"": ""particle"", ""kana"": ""です""}]"
s614,"[210, 81, 78]",[],"[{""kind"": ""word"", ""ja"": ""特に"", ""reading"": ""とくに"", ""en"": ""especially"", ""kanji"": [""特""], ""targets"": [210]}, {""kind"": ""word"", ""ja"": ""魚"", ""reading"": ""さかな"", ""en"": ""fish"", ""kanji"": [""魚""], ""targets"": [81]}, {""kind"": ""particle"", ""kana"": ""が""}, {""kind"": ""word"", ""ja"": ""好き"", ""reading"": ""すき"", ""en"": ""like"", ""kanji"": [""好""], ""targets"": [78]}, {""kind"": ""particle"", ""kana"": ""です""}]"
s615,"[210, 130, 14]",[],"[{""kind"": ""word"", ""ja"": ""特別"", ""reading"": ""とくべつ"", ""en"": ""special"", ""kanji"": [""特"", ""別""], ""targets"": [210, 130]}, {""kind"": ""particle"", ""kana"": ""な""}, {""kind"": ""word"", ""ja"": ""日"", ""reading"": ""ひ"", ""en"": ""day/sun"", ""kanji"": [""日""], ""targets"": [14]}, {""kind"": ""particle"", ""kana"": ""です""}]"
s616,"[210, 211, 140, 239, 54]",[],"[{""kind"": ""word"", ""ja"": ""特急"", ""reading"": ""とっきゅう"", ""en"": ""limited express"", ""kanji"": [""特"", ""急""], ""targets"": [210, 211]}, {""kind"": ""particle"", ""kana"": ""で""}, {""kind"": ""word"", ""ja"": ""東京"", ""reading"": ""とうきょう"", ""en"": ""Tokyo"", ""kanji"": [""東"", ""京""], ""targets"": [140, 239]}, {""kind"": ""particle"", ""kana"": ""へ""}, {""kind"": ""word"", ""ja"": ""行く"", ""reading"": ""いく"", ""en"": ""to go"", ""kanji"": [""行""], ""targets"": [54]}]"
s617,"[211, 95, 94, 184]",[],"[{""kind"": ""word"", ""ja"": ""急に"", ""reading"": ""きゅうに"", ""en"": ""suddenly"", ""kanji"": [""急""], ""targets"": [211]}, {""kind"": ""word"", ""ja"": ""電車"", ""reading"": ""でんしゃ"", ""en"": ""train"", ""kanji"": [""電"", ""車""], ""targets"": [95, 94]}, {""kind"": ""particle"", ""kana"": ""が""}, {""kind"": ""word"", ""ja"": ""止まる"", ""reading"": ""とまる"", ""en"": ""to stop (intr.)"", ""kanji"": [""止""], ""targets"": [184]}]"
s618,"[212, 74]",[],"[{""kind"": ""word"", ""ja"": ""不安"", ""reading"": ""ふあん"", ""en"": ""anxiety"", ""kanji"": [""不"", ""安""], ""targets"": [212, 74]}, {""kind"": ""particle"", ""kana"": ""に""}, {""kind"": ""word"", ""ja"": ""なる"", ""reading"": ""なる"", ""en"": ""to become"", ""kanji"": [], ""targets"": []}]"
s619,"[235, 236, 144, 212, 74]",[],"[{""kind"": ""word"", ""ja"": ""試験"", ""reading"": ""しけん"", ""en"": ""exam"", ""kanji"": [""試"", ""験""], ""targets"": [235, 236]}, {""kind"": ""particle"", ""kana"": ""の""}, {""kind"": ""word"", ""ja"": ""前"", ""reading"": ""まえ"", ""en"": ""front; before"", ""kanji"": [""前""], ""targets"": [144]}, {""kind"": ""particle"", ""kana"": ""は""}, {""kind"": ""word"", ""ja"": ""不安"", ""reading"": ""ふあん"", ""en"": ""anxiety"", ""kanji"": [""不"", ""安""], ""targets"": [212, 74]}, {""kind"": ""particle"", ""kana"": ""です""}]"
s620,"[1, 30, 164, 212, 74]",[],"[{""kind"": ""word"", ""ja"": ""一人"", ""reading"": ""ひとり"", ""en"": ""one person"", ""kanji"": [""一"", ""人""], ""targets"": [1, 30]}, {""kind"": ""particle"", ""kana"": ""の""}, {""kind"": ""word"", ""ja"": ""夜"", ""reading"": ""よる"", ""en"": ""night"", ""kanji"": [""夜""], ""targets"": [164]}, {""kind"": ""particle"", ""kana"": ""は""}, {""kind"": ""word"", ""ja"": ""不安"", ""reading"": ""ふあん"", ""en"": ""anxiety"", ""kanji"": [""不"", ""安""], ""targets"": [212, 74]}, {""kind"": ""particle"", ""kana"": ""です""}]"
s621,"[213, 219, 159, 205]",[],"[{""kind"": ""word"", ""ja"": ""無理"", ""reading"": ""むり"", ""en"": ""impossible; unreasonable"", ""kanji"": [""無"", ""理""], ""targets"": [213, 219]}, {""kind"": ""particle"", ""kana"": ""は""}, {""kind"": ""word"", ""ja"": ""体"", ""reading"": ""からだ"", ""en"": ""body"", ""kanji"": [""体""], ""targets"": [159]}, {""kind"": ""particle"", ""kana"": ""に""}, {""kind"": ""word"", ""ja"": ""悪い"", ""reading"": ""わるい"", ""en"": ""bad"", ""kanji"": [""悪""], ""targets"": [205]}]"
s622,"[213, 122, 186]",[],"[{""kind"": ""word"", ""ja"": ""無事"", ""reading"": ""ぶじ"", ""en"": ""safe; without incident"", ""kanji"": [""無"", ""事""], ""targets"": [213, 122]}, {""kind"": ""particle"", ""kana"": ""に""}, {""kind"": ""word"", ""ja"": ""着く"", ""reading"": ""つく"", ""en"": ""to arrive"", ""kanji"": [""着""], ""targets"": [186]}]"
s623,"[213, 219, 66]",[],"[{""kind"": ""word"", ""ja"": ""無理"", ""reading"": ""むり"", ""en"": ""impossible; unreasonable"", ""kanji"": [""無"", ""理""], ""targets"": [213, 219]}, {""kind"": ""particle"", ""kana"": ""な""}, {""kind"": ""word"", ""ja"": ""話"", ""reading"": ""はなし"", ""en"": ""story"", ""kanji"": [""話""], ""targets"": [66]}, {""kind"": ""particle"", ""kana"": ""です""}]"
s624,"[1, 14, 63, 213, 219]",[],"[{""kind"": ""word"", ""ja"": ""一日"", ""reading"": ""ついたち"", ""en"": ""1st of month"", ""kanji"": [""一"", ""日""], ""targets"": [1, 14]}, {""kind"": ""particle"", ""kana"": ""で""}, {""kind"": ""word"", ""ja"": ""読む"", ""reading"": ""よむ"", ""en"": ""to read"", ""kanji"": [""読""], ""targets"": [63]}, {""kind"": ""particle"", ""kana"": ""のは""}, {""kind"": ""word"", ""ja"": ""無理"", ""reading"": ""むり"", ""en"": ""impossible; unreasonable"", ""kanji"": [""無"", ""理""], ""targets"": [213, 219]}, {""kind"": ""particle"", ""kana"": ""です""}]"
s625,"[214, 122]",[],"[{""kind"": ""word"", ""ja"": ""用事"", ""reading"": ""ようじ"", ""en"": ""errand"", ""kanji"": [""用"", ""事""], ""targets"": [214, 122]}, {""kind"": ""particle"", ""kana"": ""が""}, {""kind"": ""word"", ""ja"": ""ある"", ""reading"": ""ある"", ""en"": ""there is"", ""kanji"": [], ""targets"": []}]"
s626,"[165, 57, 214, 218]",[],"[{""kind"": ""word"", ""ja"": ""夕食"", ""reading"": ""ゆうしょく"", ""en"": ""dinner"", ""kanji"": [""夕"", ""食""], ""targets"": [165, 57]}, {""kind"": ""particle"", ""kana"": ""の""}, {""kind"": ""word"", ""ja"": ""用意"", ""reading"": ""ようい"", ""en"": ""preparation"", ""kanji"": [""用"", ""意""], ""targets"": [214, 218]}, {""kind"": ""particle"", ""kana"": ""を""}, {""kind"": ""word"", ""ja"": ""する"", ""reading"": ""する"", ""en"": ""to do"", ""kanji"": [], ""targets"": []}]"
s627,"[1, 215, 59]",[],"[{""kind"": ""word"", ""ja"": ""もう"", ""reading"": ""もう"", ""en"": ""already; more"", ""kanji"": [], ""targets"": []}, {""kind"": ""word"", ""ja"": ""一度"", ""reading"": ""いちど"", ""en"": ""once"", ""kanji"": [""一"", ""度""], ""targets"": [1, 215]}, {""kind"": ""word"", ""ja"": ""言う"", ""reading"": ""いう"", ""en"": ""to say"", ""kanji"": [""言""], ""targets"": [59]}]"
s628,"[24, 215, 151, 45, 54]",[],"[{""kind"": ""word"", ""ja"": ""今度"", ""reading"": ""こんど"", ""en"": ""next time; this time"", ""kanji"": [""今"", ""度""], ""targets"": [24, 215]}, {""kind"": ""particle"", ""kana"": ""の""}, {""kind"": ""word"", ""ja"": ""休み"", ""reading"": ""やすみ"", ""en"": ""break; holiday"", ""kanji"": [""休""], ""targets"": [151]}, {""kind"": ""particle"", ""kana"": ""に""}, {""kind"": ""word"", ""ja"": ""山"", ""reading"": ""やま"", ""en"": ""mountain"", ""kanji"": [""山""], ""targets"": [45]}, {""kind"": ""particle"", ""kana"": ""へ""}, {""kind"": ""word"", ""ja"": ""行く"", ""reading"": ""いく"", ""en"": ""to go"", ""kanji"": [""行""], ""targets"": [54]}]"
s629,"[73, 215, 63]",[],"[{""kind"": ""word"", ""ja"": ""何度"", ""reading"": ""なんど"", ""en"": ""how many times"", ""kanji"": [""何"", ""度""], ""targets"": [73, 215]}, {""kind"": ""particle"", ""kana"": ""も""}, {""kind"": ""word"", ""ja"": ""読む"", ""reading"": ""よむ"", ""en"": ""to read"", ""kanji"": [""読""], ""targets"": [63]}]"
s630,"[10, 23, 216, 53, 186]",[],"[{""kind"": ""word"", ""ja"": ""十分"", ""reading"": ""じゅっぷん"", ""en"": ""ten minutes"", ""kanji"": [""十"", ""分""], ""targets"": [10, 23]}, {""kind"": ""word"", ""ja"": ""以内"", ""reading"": ""いない"", ""en"": ""within"", ""kanji"": [""以"", ""内""], ""targets"": [216, 53]}, {""kind"": ""particle"", ""kana"": ""に""}, {""kind"": ""word"", ""ja"": ""着く"", ""reading"": ""つく"", ""en"": ""to arrive"", ""kanji"": [""着""], ""targets"": [186]}]"
s631,"[12, 72, 216, 39]",[],"[{""kind"": ""word"", ""ja"": ""千円"", ""reading"": ""せんえん"", ""en"": ""1000 yen"", ""kanji"": [""千"", ""円""], ""targets"": [12, 72]}, {""kind"": ""word"", ""ja"": ""以上"", ""reading"": ""いじょう"", ""en"": ""more than"", ""kanji"": [""以"", ""上""], ""targets"": [216, 39]}, {""kind"": ""particle"", ""kana"": ""です""}]"
s632,"[10, 30, 216, 40]",[],"[{""kind"": ""word"", ""ja"": ""十"", ""reading"": ""じゅう"", ""en"": ""ten"", ""kanji"": [""十""], ""targets"": [10]}, {""kind"": ""word"", ""ja"": ""人"", ""reading"": ""ひと"", ""en"": ""person"", ""kanji"": [""人""], ""targets"": [30]}, {""kind"": ""word"", ""ja"": ""以下"", ""reading"": ""いか"", ""en"": ""less than"", ""kanji"": [""以"", ""下""], ""targets"": [216, 40]}, {""kind"": ""particle"", ""kana"": ""です""}]"
s633,"[216, 52]",[],"[{""kind"": ""word"", ""ja"": ""それ"", ""reading"": ""それ"", ""en"": ""that one"", ""kanji"": [], ""targets"": []}, {""kind"": ""word"", ""ja"": ""以外"", ""reading"": ""いがい"", ""en"": ""except"", ""kanji"": [""以"", ""外""], ""targets"": [216, 52]}, {""kind"": ""particle"", ""kana"": ""は""}, {""kind"": ""word"", ""ja"": ""いい"", ""reading"": ""いい"", ""en"": ""good"", ""kanji"": [], ""targets"": []}]"
s634,"[216, 144, 66]",[],"[{""kind"": ""word"", ""ja"": ""以前"", ""reading"": ""いぜん"", ""en"": ""before; formerly"", ""kanji"": [""以"", ""前""], ""targets"": [216, 144]}, {""kind"": ""particle"", ""kana"": ""の""}, {""kind"": ""word"", ""ja"": ""話"", ""reading"": ""はなし"", ""en"": ""story"", ""kanji"": [""話""], ""targets"": [66]}, {""kind"": ""particle"", ""kana"": ""です""}]"
s635,"[96, 98, 22, 217, 36, 30, 172]",[],"[{""kind"": ""word"", ""ja"": ""学生"", ""reading"": ""がくせい"", ""en"": ""student"", ""kanji"": [""学"", ""生""], ""targets"": [96, 98]}, {""kind"": ""word"", ""ja"": ""時代"", ""reading"": ""じだい"", ""en"": ""era; period"", ""kanji"": [""時"", ""代""], ""targets"": [22, 217]}, {""kind"": ""particle"", ""kana"": ""の""}, {""kind"": ""word"", ""ja"": ""友人"", ""reading"": ""ゆうじん"", ""en"": ""friend"", ""kanji"": [""友"", ""人""], ""targets"": [36, 30]}, {""kind"": ""particle"", ""kana"": ""と""}, {""kind"": ""word"", ""ja"": ""会う"", ""reading"": ""あう"", ""en"": ""to meet"", ""kanji"": [""会""], ""targets"": [172]}]"
s636,"[95, 148, 217, 69]",[],"[{""kind"": ""word"", ""ja"": ""電気代"", ""reading"": ""でんきだい"", ""en"": ""electricity bill"", ""kanji"": [""電"", ""気"", ""代""], ""targets"": [95, 148, 217]}, {""kind"": ""particle"", ""kana"": ""が""}, {""kind"": ""word"", ""ja"": ""高い"", ""reading"": ""たかい"", ""en"": ""tall/expensive"", ""kanji"": [""高""], ""targets"": [69]}]"
s637,"[217, 154, 54]",[],"[{""kind"": ""word"", ""ja"": ""代わり"", ""reading"": ""かわり"", ""en"": ""substitute; replacement"", ""kanji"": [""代""], ""targets"": [217]}, {""kind"": ""particle"", ""kana"": ""に""}, {""kind"": ""word"", ""ja"": ""弟"", ""reading"": ""おとうと"", ""en"": ""younger brother"", ""kanji"": [""弟""], ""targets"": [154]}, {""kind"": ""particle"", ""kana"": ""が""}, {""kind"": ""word"", ""ja"": ""行く"", ""reading"": ""いく"", ""en"": ""to go"", ""kanji"": [""行""], ""targets"": [54]}]"
s638,"[10, 217, 34, 75]",[],"[{""kind"": ""word"", ""ja"": ""十代"", ""reading"": ""じゅうだい"", ""en"": ""teens"", ""kanji"": [""十"", ""代""], ""targets"": [10, 217]}, {""kind"": ""particle"", ""kana"": ""の""}, {""kind"": ""word"", ""ja"": ""子"", ""reading"": ""こ"", ""en"": ""child"", ""kanji"": [""子""], ""targets"": [34]}, {""kind"": ""particle"", ""kana"": ""が""}, {""kind"": ""word"", ""ja"": ""多い"", ""reading"": ""おおい"", ""en"": ""many"", ""kanji"": [""多""], ""targets"": [75]}]"
s639,"[218, 56, 59]",[],"[{""kind"": ""word"", ""ja"": ""意見"", ""reading"": ""いけん"", ""en"": ""opinion"", ""kanji"": [""意"", ""見""], ""targets"": [218, 56]}, {""kind"": ""particle"", ""kana"": ""を""}, {""kind"": ""word"", ""ja"": ""言う"", ""reading"": ""いう"", ""en"": ""to say"", ""kanji"": [""言""], ""targets"": [59]}]"
s640,"[218, 104, 234]",[],"[{""kind"": ""word"", ""ja"": ""意味"", ""reading"": ""いみ"", ""en"": ""meaning"", ""kanji"": [""意"", ""味""], ""targets"": [218, 104]}, {""kind"": ""particle"", ""kana"": ""を""}, {""kind"": ""word"", ""ja"": ""問う"", ""reading"": ""とう"", ""en"": ""to ask; to question"", ""kanji"": [""問""], ""targets"": [234]}]"
s641,"[220, 41, 67]",[],"[{""kind"": ""word"", ""ja"": ""真ん中"", ""reading"": ""まんなか"", ""en"": ""center"", ""kanji"": [""真"", ""中""], ""targets"": [220, 41]}, {""kind"": ""particle"", ""kana"": ""に""}, {""kind"": ""word"", ""ja"": ""立つ"", ""reading"": ""たつ"", ""en"": ""to stand"", ""kanji"": [""立""], ""targets"": [67]}]"
s642,"[221, 35, 50, 57]",[],"[{""kind"": ""word"", ""ja"": ""有名"", ""reading"": ""ゆうめい"", ""en"": ""famous"", ""kanji"": [""有"", ""名""], ""targets"": [221, 35]}, {""kind"": ""particle"", ""kana"": ""な""}, {""kind"": ""word"", ""ja"": ""店"", ""reading"": ""みせ"", ""en"": ""shop"", ""kanji"": [""店""], ""targets"": [50]}, {""kind"": ""particle"", ""kana"": ""で""}, {""kind"": ""word"", ""ja"": ""食べる"", ""reading"": ""たべる"", ""en"": ""to eat"", ""kanji"": [""食""], ""targets"": [57]}]"
s643,"[221, 35, 174, 51]",[],"[{""kind"": ""word"", ""ja"": ""有名"", ""reading"": ""ゆうめい"", ""en"": ""famous"", ""kanji"": [""有"", ""名""], ""targets"": [221, 35]}, {""kind"": ""particle"", ""kana"": ""な""}, {""kind"": ""word"", ""ja"": ""作家"", ""reading"": ""さっか"", ""en"": ""author"", ""kanji"": [""作"", ""家""], ""targets"": [174, 51]}, {""kind"": ""particle"", ""kana"": ""です""}]"
s644,"[112, 221, 35]",[],"[{""kind"": ""word"", ""ja"": ""この"", ""reading"": ""この"", ""en"": ""this"", ""kanji"": [], ""targets"": []}, {""kind"": ""word"", ""ja"": ""橋"", ""reading"": ""はし"", ""en"": ""bridge"", ""kanji"": [""橋""], ""targets"": [112]}, {""kind"": ""particle"", ""kana"": ""は""}, {""kind"": ""word"", ""ja"": ""有名"", ""reading"": ""ゆうめい"", ""en"": ""famous"", ""kanji"": [""有"", ""名""], ""targets"": [221, 35]}, {""kind"": ""particle"", ""kana"": ""です""}]"
s645,"[226, 222, 50, 78]",[],"[{""kind"": ""word"", ""ja"": ""地元"", ""reading"": ""じもと"", ""en"": ""local area; hometown"", ""kanji"": [""地"", ""元""], ""targets"": [226, 222]}, {""kind"": ""particle"", ""kana"": ""の""}, {""kind"": ""word"", ""ja"": ""店"", ""reading"": ""みせ"", ""en"": ""shop"", ""kanji"": [""店""], ""targets"": [50]}, {""kind"": ""particle"", ""kana"": ""が""}, {""kind"": ""word"", ""ja"": ""好き"", ""reading"": ""すき"", ""en"": ""like"", ""kanji"": [""好""], ""targets"": [78]}, {""kind"": ""particle"", ""kana"": ""です""}]"
s646,"[222, 117, 124, 184]",[],"[{""kind"": ""word"", ""ja"": ""元"", ""reading"": ""もと"", ""en"": ""origin; former"", ""kanji"": [""元""], ""targets"": [222]}, {""kind"": ""particle"", ""kana"": ""の""}, {""kind"": ""word"", ""ja"": ""場所"", ""reading"": ""ばしょ"", ""en"": ""place"", ""kanji"": [""場"", ""所""], ""targets"": [117, 124]}, {""kind"": ""particle"", ""kana"": ""に""}, {""kind"": ""word"", ""ja"": ""止める"", ""reading"": ""とめる"", ""en"": ""to stop (tr.)"", ""kanji"": [""止""], ""targets"": [184]}]"
s647,"[223, 234]",[],"[{""kind"": ""word"", ""ja"": ""質問"", ""reading"": ""しつもん"", ""en"": ""question"", ""kanji"": [""質"", ""問""], ""targets"": [223, 234]}, {""kind"": ""particle"", ""kana"": ""が""}, {""kind"": ""word"", ""ja"": ""ある"", ""reading"": ""ある"", ""en"": ""there is"", ""kanji"": [], ""targets"": []}]"
s648,"[224, 225, 204]",[],"[{""kind"": ""word"", ""ja"": ""世界"", ""reading"": ""せかい"", ""en"": ""world"", ""kanji"": [""世"", ""界""], ""targets"": [224, 225]}, {""kind"": ""particle"", ""kana"": ""は""}, {""kind"": ""word"", ""ja"": ""広い"", ""reading"": ""ひろい"", ""en"": ""wide; spacious"", ""kanji"": [""広""], ""targets"": [204]}]"
s649,"[224, 225, 30, 66]",[],"[{""kind"": ""word"", ""ja"": ""世界"", ""reading"": ""せかい"", ""en"": ""world"", ""kanji"": [""世"", ""界""], ""targets"": [224, 225]}, {""kind"": ""particle"", ""kana"": ""の""}, {""kind"": ""word"", ""ja"": ""人"", ""reading"": ""ひと"", ""en"": ""person"", ""kanji"": [""人""], ""targets"": [30]}, {""kind"": ""particle"", ""kana"": ""と""}, {""kind"": ""word"", ""ja"": ""話す"", ""reading"": ""はなす"", ""en"": ""to speak"", ""kanji"": [""話""], ""targets"": [66]}]"
s650,"[224, 66]",[],"[{""kind"": ""word"", ""ja"": ""世話"", ""reading"": ""せわ"", ""en"": ""care"", ""kanji"": [""世"", ""話""], ""targets"": [224, 66]}, {""kind"": ""particle"", ""kana"": ""に""}, {""kind"": ""word"", ""ja"": ""なる"", ""reading"": ""なる"", ""en"": ""to become"", ""kanji"": [], ""targets"": []}]"
s651,"[224, 41, 66, 65]",[],"[{""kind"": ""word"", ""ja"": ""世の中"", ""reading"": ""よのなか"", ""en"": ""society; the world"", ""kanji"": [""世"", ""中""], ""targets"": [224, 41]}, {""kind"": ""particle"", ""kana"": ""の""}, {""kind"": ""word"", ""ja"": ""話"", ""reading"": ""はなし"", ""en"": ""story"", ""kanji"": [""話""], ""targets"": [66]}, {""kind"": ""particle"", ""kana"": ""を""}, {""kind"": ""word"", ""ja"": ""聞く"", ""reading"": ""きく"", ""en"": ""to hear"", ""kanji"": [""聞""], ""targets"": [65]}]"
s652,"[250, 225, 70]",[],"[{""kind"": ""word"", ""ja"": ""この"", ""reading"": ""この"", ""en"": ""this"", ""kanji"": [], ""targets"": []}, {""kind"": ""word"", ""ja"": ""業界"", ""reading"": ""ぎょうかい"", ""en"": ""industry; business world"", ""kanji"": [""業"", ""界""], ""targets"": [250, 225]}, {""kind"": ""particle"", ""kana"": ""は""}, {""kind"": ""word"", ""ja"": ""新しい"", ""reading"": ""あたらしい"", ""en"": ""new"", ""kanji"": [""新""], ""targets"": [70]}]"
s653,"[250, 225, 66, 65]",[],"[{""kind"": ""word"", ""ja"": ""業界"", ""reading"": ""ぎょうかい"", ""en"": ""industry; business world"", ""kanji"": [""業"", ""界""], ""targets"": [250, 225]}, {""kind"": ""particle"", ""kana"": ""の""}, {""kind"": ""word"", ""ja"": ""話"", ""reading"": ""はなし"", ""en"": ""story"", ""kanji"": [""話""], ""targets"": [66]}, {""kind"": ""particle"", ""kana"": ""を""}, {""kind"": ""word"", ""ja"": ""聞く"", ""reading"": ""きく"", ""en"": ""to hear"", ""kanji"": [""聞""], ""targets"": [65]}]"
s654,"[226, 40, 108, 42, 96, 54]",[],"[{""kind"": ""word"", ""ja"": ""地下鉄"", ""reading"": ""ちかてつ"", ""en"": ""subway"", ""kanji"": [""地"", ""下"", ""鉄""], ""targets"": [226, 40, 108]}, {""kind"": ""particle"", ""kana"": ""で""}, {""kind"": ""word"", ""ja"": ""大学"", ""reading"": ""だいがく"", ""en"": ""university"", ""kanji"": [""大"", ""学""], ""targets"": [42, 96]}, {""kind"": ""particle"", ""kana"": ""へ""}, {""kind"": ""word"", ""ja"": ""行く"", ""reading"": ""いく"", ""en"": ""to go"", ""kanji"": [""行""], ""targets"": [54]}]"
s655,"[226, 227, 56]",[],"[{""kind"": ""word"", ""ja"": ""地図"", ""reading"": ""ちず"", ""en"": ""map"", ""kanji"": [""地"", ""図""], ""targets"": [226, 227]}, {""kind"": ""particle"", ""kana"": ""を""}, {""kind"": ""word"", ""ja"": ""見る"", ""reading"": ""みる"", ""en"": ""to see"", ""kanji"": [""見""], ""targets"": [56]}]"
s656,"[20, 226, 69]",[],"[{""kind"": ""word"", ""ja"": ""土地"", ""reading"": ""とち"", ""en"": ""land"", ""kanji"": [""土"", ""地""], ""targets"": [20, 226]}, {""kind"": ""particle"", ""kana"": ""が""}, {""kind"": ""word"", ""ja"": ""高い"", ""reading"": ""たかい"", ""en"": ""tall/expensive"", ""kanji"": [""高""], ""targets"": [69]}]"
s657,"[14, 71, 132, 226, 54]",[],"[{""kind"": ""word"", ""ja"": ""日本"", ""reading"": ""にほん"", ""en"": ""Japan"", ""kanji"": [""日"", ""本""], ""targets"": [14, 71]}, {""kind"": ""particle"", ""kana"": ""の""}, {""kind"": ""word"", ""ja"": ""各地"", ""reading"": ""かくち"", ""en"": ""various places"", ""kanji"": [""各"", ""地""], ""targets"": [132, 226]}, {""kind"": ""particle"", ""kana"": ""へ""}, {""kind"": ""word"", ""ja"": ""行く"", ""reading"": ""いく"", ""en"": ""to go"", ""kanji"": [""行""], ""targets"": [54]}]"
s658,"[226, 40, 188, 117, 74]",[],"[{""kind"": ""word"", ""ja"": ""地下"", ""reading"": ""ちか"", ""en"": ""underground"", ""kanji"": [""地"", ""下""], ""targets"": [226, 40]}, {""kind"": ""particle"", ""kana"": ""の""}, {""kind"": ""word"", ""ja"": ""売り場"", ""reading"": ""うりば"", ""en"": ""sales floor"", ""kanji"": [""売"", ""場""], ""targets"": [188, 117]}, {""kind"": ""particle"", ""kana"": ""は""}, {""kind"": ""word"", ""ja"": ""安い"", ""reading"": ""やすい"", ""en"": ""cheap"", ""kanji"": [""安""], ""targets"": [74]}]"
s659,"[227, 64]",[],"[{""kind"": ""word"", ""ja"": ""図"", ""reading"": ""ず"", ""en"": ""diagram; figure"", ""kanji"": [""図""], ""targets"": [227]}, {""kind"": ""particle"", ""kana"": ""を""}, {""kind"": ""word"", ""ja"": ""書く"", ""reading"": ""かく"", ""en"": ""to write"", ""kanji"": [""書""], ""targets"": [64]}]"
s660,"[227, 64, 228, 202, 203]",[],"[{""kind"": ""word"", ""ja"": ""図書館"", ""reading"": ""としょかん"", ""en"": ""library"", ""kanji"": [""図"", ""書"", ""館""], ""targets"": [227, 64, 228]}, {""kind"": ""particle"", ""kana"": ""で""}, {""kind"": ""word"", ""ja"": ""勉強"", ""reading"": ""べんきょう"", ""en"": ""study"", ""kanji"": [""勉"", ""強""], ""targets"": [202, 203]}, {""kind"": ""word"", ""ja"": ""する"", ""reading"": ""する"", ""en"": ""to do"", ""kanji"": [], ""targets"": []}]"
s661,"[227, 64, 228, 9, 22, 195]",[],"[{""kind"": ""word"", ""ja"": ""図書館"", ""reading"": ""としょかん"", ""en"": ""library"", ""kanji"": [""図"", ""書"", ""館""], ""targets"": [227, 64, 228]}, {""kind"": ""particle"", ""kana"": ""は""}, {""kind"": ""word"", ""ja"": ""九時"", ""reading"": ""くじ"", ""en"": ""9 o'clock"", ""kanji"": [""九"", ""時""], ""targets"": [9, 22]}, {""kind"": ""particle"", ""kana"": ""に""}, {""kind"": ""word"", ""ja"": ""開く"", ""reading"": ""あく"", ""en"": ""to open (intr.)"", ""kanji"": [""開""], ""targets"": [195]}]"
s662,"[232, 229, 68]",[],"[{""kind"": ""word"", ""ja"": ""教室"", ""reading"": ""きょうしつ"", ""en"": ""classroom"", ""kanji"": [""教"", ""室""], ""targets"": [232, 229]}, {""kind"": ""particle"", ""kana"": ""で""}, {""kind"": ""word"", ""ja"": ""待つ"", ""reading"": ""まつ"", ""en"": ""to wait"", ""kanji"": [""待""], ""targets"": [68]}]"
s663,"[229, 53, 209]",[],"[{""kind"": ""word"", ""ja"": ""室内"", ""reading"": ""しつない"", ""en"": ""indoors"", ""kanji"": [""室"", ""内""], ""targets"": [229, 53]}, {""kind"": ""particle"", ""kana"": ""は""}, {""kind"": ""word"", ""ja"": ""明るい"", ""reading"": ""あかるい"", ""en"": ""bright"", ""kanji"": [""明""], ""targets"": [209]}]"
s664,"[232, 229, 220, 41, 67]",[],"[{""kind"": ""word"", ""ja"": ""教室"", ""reading"": ""きょうしつ"", ""en"": ""classroom"", ""kanji"": [""教"", ""室""], ""targets"": [232, 229]}, {""kind"": ""particle"", ""kana"": ""の""}, {""kind"": ""word"", ""ja"": ""真ん中"", ""reading"": ""まんなか"", ""en"": ""center"", ""kanji"": [""真"", ""中""], ""targets"": [220, 41]}, {""kind"": ""particle"", ""kana"": ""に""}, {""kind"": ""word"", ""ja"": ""立つ"", ""reading"": ""たつ"", ""en"": ""to stand"", ""kanji"": [""立""], ""targets"": [67]}]"
s665,"[230, 63]",[],"[{""kind"": ""word"", ""ja"": ""文"", ""reading"": ""ぶん"", ""en"": ""sentence"", ""kanji"": [""文""], ""targets"": [230]}, {""kind"": ""particle"", ""kana"": ""を""}, {""kind"": ""word"", ""ja"": ""読む"", ""reading"": ""よむ"", ""en"": ""to read"", ""kanji"": [""読""], ""targets"": [63]}]"
s666,"[230, 96, 78]",[],"[{""kind"": ""word"", ""ja"": ""文学"", ""reading"": ""ぶんがく"", ""en"": ""literature"", ""kanji"": [""文"", ""学""], ""targets"": [230, 96]}, {""kind"": ""particle"", ""kana"": ""が""}, {""kind"": ""word"", ""ja"": ""好き"", ""reading"": ""すき"", ""en"": ""like"", ""kanji"": [""好""], ""targets"": [78]}, {""kind"": ""particle"", ""kana"": ""です""}]"
s667,"[230, 231, 64]",[],"[{""kind"": ""word"", ""ja"": ""文字"", ""reading"": ""もじ"", ""en"": ""letter; character"", ""kanji"": [""文"", ""字""], ""targets"": [230, 231]}, {""kind"": ""particle"", ""kana"": ""を""}, {""kind"": ""word"", ""ja"": ""書く"", ""reading"": ""かく"", ""en"": ""to write"", ""kanji"": [""書""], ""targets"": [64]}]"
s668,"[249, 231, 64]",[],"[{""kind"": ""word"", ""ja"": ""漢字"", ""reading"": ""かんじ"", ""en"": ""kanji"", ""kanji"": [""漢"", ""字""], ""targets"": [249, 231]}, {""kind"": ""particle"", ""kana"": ""を""}, {""kind"": ""word"", ""ja"": ""書く"", ""reading"": ""かく"", ""en"": ""to write"", ""kanji"": [""書""], ""targets"": [64]}]"
s669,[231],[],"[{""kind"": ""word"", ""ja"": ""字"", ""reading"": ""じ"", ""en"": ""character; handwriting"", ""kanji"": [""字""], ""targets"": [231]}, {""kind"": ""particle"", ""kana"": ""が""}, {""kind"": ""word"", ""ja"": ""きれい"", ""reading"": ""きれい"", ""en"": ""pretty; clean"", ""kanji"": [], ""targets"": []}, {""kind"": ""particle"", ""kana"": ""です""}]"
s670,"[134, 231, 63]",[],"[{""kind"": ""word"", ""ja"": ""数字"", ""reading"": ""すうじ"", ""en"": ""numeral"", ""kanji"": [""数"", ""字""], ""targets"": [134, 231]}, {""kind"": ""particle"", ""kana"": ""を""}, {""kind"": ""word"", ""ja"": ""読む"", ""reading"": ""よむ"", ""en"": ""to read"", ""kanji"": [""読""], ""targets"": [63]}]"
s671,"[66, 233, 71, 63]",[],"[{""kind"": ""word"", ""ja"": ""話題"", ""reading"": ""わだい"", ""en"": ""topic"", ""kanji"": [""話"", ""題""], ""targets"": [66, 233]}, {""kind"": ""particle"", ""kana"": ""の""}, {""kind"": ""word"", ""ja"": ""本"", ""reading"": ""ほん"", ""en"": ""book"", ""kanji"": [""本""], ""targets"": [71]}, {""kind"": ""particle"", ""kana"": ""を""}, {""kind"": ""word"", ""ja"": ""読む"", ""reading"": ""よむ"", ""en"": ""to read"", ""kanji"": [""読""], ""targets"": [63]}]"
s672,"[233, 35, 198]",[],"[{""kind"": ""word"", ""ja"": ""題名"", ""reading"": ""だいめい"", ""en"": ""title"", ""kanji"": [""題"", ""名""], ""targets"": [233, 35]}, {""kind"": ""particle"", ""kana"": ""を""}, {""kind"": ""word"", ""ja"": ""考える"", ""reading"": ""かんがえる"", ""en"": ""to think; consider"", ""kanji"": [""考""], ""targets"": [198]}]"
s673,"[70, 235]",[290],"[{""kind"": ""word"", ""ja"": ""新しい"", ""reading"": ""あたらしい"", ""en"": ""new"", ""kanji"": [""新""], ""targets"": [70]}, {""kind"": ""word"", ""ja"": ""ペン"", ""reading"": ""ペン"", ""en"": ""pen"", ""kanji"": [], ""targets"": [], ""kana_targets"": [290]}, {""kind"": ""particle"", ""kana"": ""を""}, {""kind"": ""word"", ""ja"": ""試す"", ""reading"": ""ためす"", ""en"": ""to try; to test"", ""kanji"": [""試""], ""targets"": [235]}]"
s674,"[42, 96, 237, 238]",[],"[{""kind"": ""word"", ""ja"": ""大学"", ""reading"": ""だいがく"", ""en"": ""university"", ""kanji"": [""大"", ""学""], ""targets"": [42, 96]}, {""kind"": ""particle"", ""kana"": ""で""}, {""kind"": ""word"", ""ja"": ""研究"", ""reading"": ""けんきゅう"", ""en"": ""research"", ""kanji"": [""研"", ""究""], ""targets"": [237, 238]}, {""kind"": ""word"", ""ja"": ""する"", ""reading"": ""する"", ""en"": ""to do"", ""kanji"": [], ""targets"": []}]"
s675,"[247, 96, 237, 238]",[],"[{""kind"": ""word"", ""ja"": ""医学"", ""reading"": ""いがく"", ""en"": ""medicine (field)"", ""kanji"": [""医"", ""学""], ""targets"": [247, 96]}, {""kind"": ""particle"", ""kana"": ""の""}, {""kind"": ""word"", ""ja"": ""研究"", ""reading"": ""けんきゅう"", ""en"": ""research"", ""kanji"": [""研"", ""究""], ""targets"": [237, 238]}, {""kind"": ""particle"", ""kana"": ""を""}, {""kind"": ""word"", ""ja"": ""する"", ""reading"": ""する"", ""en"": ""to do"", ""kanji"": [], ""targets"": []}]"
s676,"[59, 152, 237, 238, 180]",[],"[{""kind"": ""word"", ""ja"": ""言語"", ""reading"": ""げんご"", ""en"": ""language"", ""kanji"": [""言"", ""語""], ""targets"": [59, 152]}, {""kind"": ""particle"", ""kana"": ""の""}, {""kind"": ""word"", ""ja"": ""研究"", ""reading"": ""けんきゅう"", ""en"": ""research"", ""kanji"": [""研"", ""究""], ""targets"": [237, 238]}, {""kind"": ""particle"", ""kana"": ""を""}, {""kind"": ""word"", ""ja"": ""始める"", ""reading"": ""はじめる"", ""en"": ""to begin (tr.)"", ""kanji"": [""始""], ""targets"": [180]}]"
s677,"[140, 239, 47, 68]",[],"[{""kind"": ""word"", ""ja"": ""東京駅"", ""reading"": ""とうきょうえき"", ""en"": ""Tokyo Station"", ""kanji"": [""東"", ""京"", ""駅""], ""targets"": [140, 239, 47]}, {""kind"": ""particle"", ""kana"": ""で""}, {""kind"": ""word"", ""ja"": ""待つ"", ""reading"": ""まつ"", ""en"": ""to wait"", ""kanji"": [""待""], ""targets"": [68]}]"
s678,"[153, 39, 239]",[],"[{""kind"": ""word"", ""ja"": ""兄"", ""reading"": ""あに"", ""en"": ""older brother (my)"", ""kanji"": [""兄""], ""targets"": [153]}, {""kind"": ""particle"", ""kana"": ""が""}, {""kind"": ""word"", ""ja"": ""上京"", ""reading"": ""じょうきょう"", ""en"": ""moving to Tokyo"", ""kanji"": [""上"", ""京""], ""targets"": [39, 239]}, {""kind"": ""word"", ""ja"": ""する"", ""reading"": ""する"", ""en"": ""to do"", ""kanji"": [], ""targets"": []}]"
s679,"[240, 41, 49, 183]",[],"[{""kind"": ""word"", ""ja"": ""田んぼ"", ""reading"": ""たんぼ"", ""en"": ""rice paddy"", ""kanji"": [""田""], ""targets"": [240]}, {""kind"": ""particle"", ""kana"": ""の""}, {""kind"": ""word"", ""ja"": ""中"", ""reading"": ""なか"", ""en"": ""inside"", ""kanji"": [""中""], ""targets"": [41]}, {""kind"": ""particle"", ""kana"": ""の""}, {""kind"": ""word"", ""ja"": ""道"", ""reading"": ""みち"", ""en"": ""road"", ""kanji"": [""道""], ""targets"": [49]}, {""kind"": ""particle"", ""kana"": ""を""}, {""kind"": ""word"", ""ja"": ""歩く"", ""reading"": ""あるく"", ""en"": ""to walk"", ""kanji"": [""歩""], ""targets"": [183]}]"
s680,"[98, 146, 172]",[],"[{""kind"": ""word"", ""ja"": ""先生"", ""reading"": ""せんせい"", ""en"": ""teacher"", ""kanji"": [""先"", ""生""], ""targets"": [146, 98]}, {""kind"": ""particle"", ""kana"": ""と""}, {""kind"": ""word"", ""ja"": ""会う"", ""reading"": ""あう"", ""en"": ""to meet"", ""kanji"": [""会""], ""targets"": [172]}]"
s681,"[91, 240]",[],"[{""kind"": ""word"", ""ja"": ""油田"", ""reading"": ""ゆでん"", ""en"": ""oil field"", ""kanji"": [""油"", ""田""], ""targets"": [91, 240]}, {""kind"": ""particle"", ""kana"": ""が""}, {""kind"": ""word"", ""ja"": ""ある"", ""reading"": ""ある"", ""en"": ""there is"", ""kanji"": [], ""targets"": []}]"
s682,"[57, 241, 163, 89]",[],"[{""kind"": ""word"", ""ja"": ""食堂"", ""reading"": ""しょくどう"", ""en"": ""cafeteria"", ""kanji"": [""食"", ""堂""], ""targets"": [57, 241]}, {""kind"": ""particle"", ""kana"": ""で""}, {""kind"": ""word"", ""ja"": ""昼ご飯"", ""reading"": ""ひるごはん"", ""en"": ""lunch"", ""kanji"": [""昼"", ""飯""], ""targets"": [163, 89]}, {""kind"": ""particle"", ""kana"": ""を""}, {""kind"": ""word"", ""ja"": ""食べる"", ""reading"": ""たべる"", ""en"": ""to eat"", ""kanji"": [""食""], ""targets"": [57]}]"
s683,"[96, 97, 57, 241, 74]",[],"[{""kind"": ""word"", ""ja"": ""学校"", ""reading"": ""がっこう"", ""en"": ""school"", ""kanji"": [""学"", ""校""], ""targets"": [96, 97]}, {""kind"": ""particle"", ""kana"": ""の""}, {""kind"": ""word"", ""ja"": ""食堂"", ""reading"": ""しょくどう"", ""en"": ""cafeteria"", ""kanji"": [""食"", ""堂""], ""targets"": [57, 241]}, {""kind"": ""particle"", ""kana"": ""は""}, {""kind"": ""word"", ""ja"": ""安い"", ""reading"": ""やすい"", ""en"": ""cheap"", ""kanji"": [""安""], ""targets"": [74]}]"
s684,"[47, 207, 57, 241, 54]",[],"[{""kind"": ""word"", ""ja"": ""駅"", ""reading"": ""えき"", ""en"": ""station"", ""kanji"": [""駅""], ""targets"": [47]}, {""kind"": ""particle"", ""kana"": ""の""}, {""kind"": ""word"", ""ja"": ""近く"", ""reading"": ""ちかく"", ""en"": ""vicinity"", ""kanji"": [""近""], ""targets"": [207]}, {""kind"": ""particle"", ""kana"": ""の""}, {""kind"": ""word"", ""ja"": ""食堂"", ""reading"": ""しょくどう"", ""en"": ""cafeteria"", ""kanji"": [""食"", ""堂""], ""targets"": [57, 241]}, {""kind"": ""particle"", ""kana"": ""へ""}, {""kind"": ""word"", ""ja"": ""行く"", ""reading"": ""いく"", ""en"": ""to go"", ""kanji"": [""行""], ""targets"": [54]}]"
s685,"[242, 117, 88, 174]",[],"[{""kind"": ""word"", ""ja"": ""工場"", ""reading"": ""こうじょう"", ""en"": ""factory"", ""kanji"": [""工"", ""場""], ""targets"": [242, 117]}, {""kind"": ""particle"", ""kana"": ""で""}, {""kind"": ""word"", ""ja"": ""物"", ""reading"": ""もの"", ""en"": ""thing"", ""kanji"": [""物""], ""targets"": [88]}, {""kind"": ""particle"", ""kana"": ""を""}, {""kind"": ""word"", ""ja"": ""作る"", ""reading"": ""つくる"", ""en"": ""to make"", ""kanji"": [""作""], ""targets"": [174]}]"
s686,"[207, 124, 242, 122, 180]",[],"[{""kind"": ""word"", ""ja"": ""近所"", ""reading"": ""きんじょ"", ""en"": ""neighborhood"", ""kanji"": [""近"", ""所""], ""targets"": [207, 124]}, {""kind"": ""particle"", ""kana"": ""で""}, {""kind"": ""word"", ""ja"": ""工事"", ""reading"": ""こうじ"", ""en"": ""construction work"", ""kanji"": [""工"", ""事""], ""targets"": [242, 122]}, {""kind"": ""particle"", ""kana"": ""が""}, {""kind"": ""word"", ""ja"": ""始まる"", ""reading"": ""はじまる"", ""en"": ""to begin (intr.)"", ""kanji"": [""始""], ""targets"": [180]}]"
s687,"[42, 242]",[],"[{""kind"": ""word"", ""ja"": ""大工"", ""reading"": ""だいく"", ""en"": ""carpenter"", ""kanji"": [""大"", ""工""], ""targets"": [42, 242]}, {""kind"": ""particle"", ""kana"": ""に""}, {""kind"": ""word"", ""ja"": ""なる"", ""reading"": ""なる"", ""en"": ""to become"", ""kanji"": [], ""targets"": []}]"
s688,"[242, 250, 203, 44]",[],"[{""kind"": ""word"", ""ja"": ""工業"", ""reading"": ""こうぎょう"", ""en"": ""industry"", ""kanji"": [""工"", ""業""], ""targets"": [242, 250]}, {""kind"": ""particle"", ""kana"": ""が""}, {""kind"": ""word"", ""ja"": ""強い"", ""reading"": ""つよい"", ""en"": ""strong"", ""kanji"": [""強""], ""targets"": [203]}, {""kind"": ""word"", ""ja"": ""国"", ""reading"": ""くに"", ""en"": ""country"", ""kanji"": [""国""], ""targets"": [44]}, {""kind"": ""particle"", ""kana"": ""です""}]"
s689,"[69, 243, 88, 75]",[],"[{""kind"": ""word"", ""ja"": ""高い"", ""reading"": ""たかい"", ""en"": ""tall/expensive"", ""kanji"": [""高""], ""targets"": [69]}, {""kind"": ""word"", ""ja"": ""建物"", ""reading"": ""たてもの"", ""en"": ""building"", ""kanji"": [""建"", ""物""], ""targets"": [243, 88]}, {""kind"": ""particle"", ""kana"": ""が""}, {""kind"": ""word"", ""ja"": ""多い"", ""reading"": ""おおい"", ""en"": ""many"", ""kanji"": [""多""], ""targets"": [75]}]"
s690,"[51, 243]",[],"[{""kind"": ""word"", ""ja"": ""家"", ""reading"": ""いえ"", ""en"": ""house"", ""kanji"": [""家""], ""targets"": [51]}, {""kind"": ""particle"", ""kana"": ""を""}, {""kind"": ""word"", ""ja"": ""建てる"", ""reading"": ""たてる"", ""en"": ""to build"", ""kanji"": [""建""], ""targets"": [243]}]"
s691,"[70, 227, 64, 228, 243]",[],"[{""kind"": ""word"", ""ja"": ""新しい"", ""reading"": ""あたらしい"", ""en"": ""new"", ""kanji"": [""新""], ""targets"": [70]}, {""kind"": ""word"", ""ja"": ""図書館"", ""reading"": ""としょかん"", ""en"": ""library"", ""kanji"": [""図"", ""書"", ""館""], ""targets"": [227, 64, 228]}, {""kind"": ""particle"", ""kana"": ""を""}, {""kind"": ""word"", ""ja"": ""建てる"", ""reading"": ""たてる"", ""en"": ""to build"", ""kanji"": [""建""], ""targets"": [243]}]"
s692,"[244, 209]",[],"[{""kind"": ""word"", ""ja"": ""空"", ""reading"": ""そら"", ""en"": ""sky"", ""kanji"": [""空""], ""targets"": [244]}, {""kind"": ""particle"", ""kana"": ""が""}, {""kind"": ""word"", ""ja"": ""明るい"", ""reading"": ""あかるい"", ""en"": ""bright"", ""kanji"": [""明""], ""targets"": [209]}]"
s693,"[103, 244, 110]",[],"[{""kind"": ""word"", ""ja"": ""鳥"", ""reading"": ""とり"", ""en"": ""bird"", ""kanji"": [""鳥""], ""targets"": [103]}, {""kind"": ""particle"", ""kana"": ""が""}, {""kind"": ""word"", ""ja"": ""空"", ""reading"": ""そら"", ""en"": ""sky"", ""kanji"": [""空""], ""targets"": [244]}, {""kind"": ""particle"", ""kana"": ""を""}, {""kind"": ""word"", ""ja"": ""飛ぶ"", ""reading"": ""とぶ"", ""en"": ""to fly"", ""kanji"": [""飛""], ""targets"": [110]}]"
s694,"[49, 244]",[],"[{""kind"": ""word"", ""ja"": ""道"", ""reading"": ""みち"", ""en"": ""road"", ""kanji"": [""道""], ""targets"": [49]}, {""kind"": ""particle"", ""kana"": ""が""}, {""kind"": ""word"", ""ja"": ""空く"", ""reading"": ""あく"", ""en"": ""to become empty"", ""kanji"": [""空""], ""targets"": [244]}]"
s695,"[245, 52, 187]",[],"[{""kind"": ""word"", ""ja"": ""海外"", ""reading"": ""かいがい"", ""en"": ""overseas"", ""kanji"": [""海"", ""外""], ""targets"": [245, 52]}, {""kind"": ""particle"", ""kana"": ""に""}, {""kind"": ""word"", ""ja"": ""住む"", ""reading"": ""すむ"", ""en"": ""to live; reside"", ""kanji"": [""住""], ""targets"": [187]}]"
s696,"[245, 52, 54, 111, 172]",[],"[{""kind"": ""word"", ""ja"": ""海外"", ""reading"": ""かいがい"", ""en"": ""overseas"", ""kanji"": [""海"", ""外""], ""targets"": [245, 52]}, {""kind"": ""particle"", ""kana"": ""へ""}, {""kind"": ""word"", ""ja"": ""行く"", ""reading"": ""いく"", ""en"": ""to go"", ""kanji"": [""行""], ""targets"": [54]}, {""kind"": ""word"", ""ja"": ""機会"", ""reading"": ""きかい"", ""en"": ""opportunity"", ""kanji"": [""機"", ""会""], ""targets"": [111, 172]}, {""kind"": ""particle"", ""kana"": ""が""}, {""kind"": ""word"", ""ja"": ""ある"", ""reading"": ""ある"", ""en"": ""there is"", ""kanji"": [], ""targets"": []}]"
s697,"[246, 57, 50]",[],"[{""kind"": ""word"", ""ja"": ""洋食"", ""reading"": ""ようしょく"", ""en"": ""Western food"", ""kanji"": [""洋"", ""食""], ""targets"": [246, 57]}, {""kind"": ""particle"", ""kana"": ""の""}, {""kind"": ""word"", ""ja"": ""店"", ""reading"": ""みせ"", ""en"": ""shop"", ""kanji"": [""店""], ""targets"": [50]}, {""kind"": ""particle"", ""kana"": ""で""}, {""kind"": ""word"", ""ja"": ""食べる"", ""reading"": ""たべる"", ""en"": ""to eat"", ""kanji"": [""食""], ""targets"": [57]}]"
s698,"[42, 96, 247]",[],"[{""kind"": ""word"", ""ja"": ""大学"", ""reading"": ""だいがく"", ""en"": ""university"", ""kanji"": [""大"", ""学""], ""targets"": [42, 96]}, {""kind"": ""particle"", ""kana"": ""で""}, {""kind"": ""word"", ""ja"": ""医学"", ""reading"": ""いがく"", ""en"": ""medicine (field)"", ""kanji"": [""医"", ""学""], ""targets"": [247, 96]}, {""kind"": ""particle"", ""kana"": ""を""}, {""kind"": ""word"", ""ja"": ""学ぶ"", ""reading"": ""まなぶ"", ""en"": ""to learn"", ""kanji"": [""学""], ""targets"": [96]}]"
s699,"[247, 96, 71, 69]",[],"[{""kind"": ""word"", ""ja"": ""医学"", ""reading"": ""いがく"", ""en"": ""medicine (field)"", ""kanji"": [""医"", ""学""], ""targets"": [247, 96]}, {""kind"": ""particle"", ""kana"": ""の""}, {""kind"": ""word"", ""ja"": ""本"", ""reading"": ""ほん"", ""en"": ""book"", ""kanji"": [""本""], ""targets"": [71]}, {""kind"": ""particle"", ""kana"": ""は""}, {""kind"": ""word"", ""ja"": ""高い"", ""reading"": ""たかい"", ""en"": ""tall/expensive"", ""kanji"": [""高""], ""targets"": [69]}]"
s700,"[248, 44, 54]",[],"[{""kind"": ""word"", ""ja"": ""英国"", ""reading"": ""えいこく"", ""en"": ""Britain"", ""kanji"": [""英"", ""国""], ""targets"": [248, 44]}, {""kind"": ""particle"", ""kana"": ""へ""}, {""kind"": ""word"", ""ja"": ""行く"", ""reading"": ""いく"", ""en"": ""to go"", ""kanji"": [""行""], ""targets"": [54]}]"
s701,"[249, 231, 63, 123, 191]",[],"[{""kind"": ""word"", ""ja"": ""漢字"", ""reading"": ""かんじ"", ""en"": ""kanji"", ""kanji"": [""漢"", ""字""], ""targets"": [249, 231]}, {""kind"": ""particle"", ""kana"": ""の""}, {""kind"": ""word"", ""ja"": ""読み方"", ""reading"": ""よみかた"", ""en"": ""how to read"", ""kanji"": [""読"", ""方""], ""targets"": [63, 123]}, {""kind"": ""particle"", ""kana"": ""を""}, {""kind"": ""word"", ""ja"": ""習う"", ""reading"": ""ならう"", ""en"": ""to learn (from someone)"", ""kanji"": [""習""], ""targets"": [191]}]"
s702,"[249, 123, 82, 58]",[],"[{""kind"": ""word"", ""ja"": ""漢方"", ""reading"": ""かんぽう"", ""en"": ""Chinese medicine"", ""kanji"": [""漢"", ""方""], ""targets"": [249, 123]}, {""kind"": ""particle"", ""kana"": ""の""}, {""kind"": ""word"", ""ja"": ""お茶"", ""reading"": ""おちゃ"", ""en"": ""tea"", ""kanji"": [""茶""], ""targets"": [82]}, {""kind"": ""particle"", ""kana"": ""を""}, {""kind"": ""word"", ""ja"": ""飲む"", ""reading"": ""のむ"", ""en"": ""to drink"", ""kanji"": [""飲""], ""targets"": [58]}]"
s703,"[60, 251, 150, 144, 6, 22]",[],"[{""kind"": ""word"", ""ja"": ""出発"", ""reading"": ""しゅっぱつ"", ""en"": ""departure"", ""kanji"": [""出"", ""発""], ""targets"": [60, 251]}, {""kind"": ""particle"", ""kana"": ""は""}, {""kind"": ""word"", ""ja"": ""午前"", ""reading"": ""ごぜん"", ""en"": ""a.m."", ""kanji"": [""午"", ""前""], ""targets"": [150, 144]}, {""kind"": ""word"", ""ja"": ""六時"", ""reading"": ""ろくじ"", ""en"": ""6 o'clock"", ""kanji"": [""六"", ""時""], ""targets"": [6, 22]}, {""kind"": ""particle"", ""kana"": ""です""}]"
s704,"[70, 91, 240, 251, 56]",[],"[{""kind"": ""word"", ""ja"": ""新しい"", ""reading"": ""あたらしい"", ""en"": ""new"", ""kanji"": [""新""], ""targets"": [70]}, {""kind"": ""word"", ""ja"": ""油田"", ""reading"": ""ゆでん"", ""en"": ""oil field"", ""kanji"": [""油"", ""田""], ""targets"": [91, 240]}, {""kind"": ""particle"", ""kana"": ""を""}, {""kind"": ""word"", ""ja"": ""発見"", ""reading"": ""はっけん"", ""en"": ""discovery"", ""kanji"": [""発"", ""見""], ""targets"": [251, 56]}, {""kind"": ""word"", ""ja"": ""する"", ""reading"": ""する"", ""en"": ""to do"", ""kanji"": [], ""targets"": []}]"
s705,"[110, 54, 111, 60, 251]",[],"[{""kind"": ""word"", ""ja"": ""飛行機"", ""reading"": ""ひこうき"", ""en"": ""airplane"", ""kanji"": [""飛"", ""行"", ""機""], ""targets"": [110, 54, 111]}, {""kind"": ""particle"", ""kana"": ""が""}, {""kind"": ""word"", ""ja"": ""出発"", ""reading"": ""しゅっぱつ"", ""en"": ""departure"", ""kanji"": [""出"", ""発""], ""targets"": [60, 251]}, {""kind"": ""word"", ""ja"": ""する"", ""reading"": ""する"", ""en"": ""to do"", ""kanji"": [], ""targets"": []}]"
s706,"[28, 27, 20, 29, 14, 227, 64, 228, 54]",[],"[{""kind"": ""word"", ""ja"": ""毎週"", ""reading"": ""まいしゅう"", ""en"": ""every week"", ""kanji"": [""毎"", ""週""], ""targets"": [28, 27]}, {""kind"": ""word"", ""ja"": ""土曜日"", ""reading"": ""どようび"", ""en"": ""Saturday"", ""kanji"": [""土"", ""曜"", ""日""], ""targets"": [20, 29, 14]}, {""kind"": ""particle"", ""kana"": ""に""}, {""kind"": ""word"", ""ja"": ""図書館"", ""reading"": ""としょかん"", ""en"": ""library"", ""kanji"": [""図"", ""書"", ""館""], ""targets"": [227, 64, 228]}, {""kind"": ""particle"", ""kana"": ""へ""}, {""kind"": ""word"", ""ja"": ""行く"", ""reading"": ""いく"", ""en"": ""to go"", ""kanji"": [""行""], ""targets"": [54]}]"
s707,"[120, 54, 150, 144, 9, 22, 195]",[],"[{""kind"": ""word"", ""ja"": ""銀行"", ""reading"": ""ぎんこう"", ""en"": ""bank"", ""kanji"": [""銀"", ""行""], ""targets"": [120, 54]}, {""kind"": ""particle"", ""kana"": ""は""}, {""kind"": ""word"", ""ja"": ""午前"", ""reading"": ""ごぜん"", ""en"": ""a.m."", ""kanji"": [""午"", ""前""], ""targets"": [150, 144]}, {""kind"": ""word"", ""ja"": ""九時"", ""reading"": ""くじ"", ""en"": ""9 o'clock"", ""kanji"": [""九"", ""時""], ""targets"": [9, 22]}, {""kind"": ""particle"", ""kana"": ""に""}, {""kind"": ""word"", ""ja"": ""開く"", ""reading"": ""あく"", ""en"": ""to open (intr.)"", ""kanji"": [""開""], ""targets"": [195]}]"
s708,"[118, 119, 47, 143, 157, 207]",[],"[{""kind"": ""word"", ""ja"": ""病院"", ""reading"": ""びょういん"", ""en"": ""hospital"", ""kanji"": [""病"", ""院""], ""targets"": [118, 119]}, {""kind"": ""particle"", ""kana"": ""は""}, {""kind"": ""word"", ""ja"": ""駅"", ""reading"": ""えき"", ""en"": ""station"", ""kanji"": [""駅""], ""targets"": [47]}, {""kind"": ""particle"", ""kana"": ""の""}, {""kind"": ""word"", ""ja"": ""北口"", ""reading"": ""きたぐち"", ""en"": ""north exit"", ""kanji"": [""北"", ""口""], ""targets"": [143, 157]}, {""kind"": ""particle"", ""kana"": ""の""}, {""kind"": ""word"", ""ja"": ""近く"", ""reading"": ""ちかく"", ""en"": ""vicinity"", ""kanji"": [""近""], ""targets"": [207]}, {""kind"": ""particle"", ""kana"": ""です""}]"
s709,"[106, 103, 83, 200, 230]",[],"[{""kind"": ""word"", ""ja"": ""焼き鳥"", ""reading"": ""やきとり"", ""en"": ""grilled chicken"", ""kanji"": [""焼"", ""鳥""], ""targets"": [106, 103]}, {""kind"": ""particle"", ""kana"": ""と""}, {""kind"": ""word"", ""ja"": ""お酒"", ""reading"": ""おさけ"", ""en"": ""alcohol"", ""kanji"": [""酒""], ""targets"": [83]}, {""kind"": ""particle"", ""kana"": ""を""}, {""kind"": ""word"", ""ja"": ""注文"", ""reading"": ""ちゅうもん"", ""en"": ""order (e.g. food)"", ""kanji"": [""注"", ""文""], ""targets"": [200, 230]}, {""kind"": ""word"", ""ja"": ""する"", ""reading"": ""する"", ""en"": ""to do"", ""kanji"": [], ""targets"": []}]"
s710,"[99, 103, 46, 220, 41]",[],"[{""kind"": ""word"", ""ja"": ""白鳥"", ""reading"": ""はくちょう"", ""en"": ""swan"", ""kanji"": [""白"", ""鳥""], ""targets"": [99, 103]}, {""kind"": ""particle"", ""kana"": ""が""}, {""kind"": ""word"", ""ja"": ""川"", ""reading"": ""かわ"", ""en"": ""river"", ""kanji"": [""川""], ""targets"": [46]}, {""kind"": ""particle"", ""kana"": ""の""}, {""kind"": ""word"", ""ja"": ""真ん中"", ""reading"": ""まんなか"", ""en"": ""center"", ""kanji"": [""真"", ""中""], ""targets"": [220, 41]}, {""kind"": ""particle"", ""kana"": ""に""}, {""kind"": ""word"", ""ja"": ""いる"", ""reading"": ""いる"", ""en"": ""to be (animate)"", ""kanji"": [], ""targets"": []}]"
s711,"[109, 245, 52, 54]",[],"[{""kind"": ""word"", ""ja"": ""船"", ""reading"": ""ふね"", ""en"": ""ship"", ""kanji"": [""船""], ""targets"": [109]}, {""kind"": ""particle"", ""kana"": ""で""}, {""kind"": ""word"", ""ja"": ""海外"", ""reading"": ""かいがい"", ""en"": ""overseas"", ""kanji"": [""海"", ""外""], ""targets"": [245, 52]}, {""kind"": ""particle"", ""kana"": ""へ""}, {""kind"": ""word"", ""ja"": ""行く"", ""reading"": ""いく"", ""en"": ""to go"", ""kanji"": [""行""], ""targets"": [54]}]"
s712,"[112, 39, 165, 14, 56]",[],"[{""kind"": ""word"", ""ja"": ""橋"", ""reading"": ""はし"", ""en"": ""bridge"", ""kanji"": [""橋""], ""targets"": [112]}, {""kind"": ""particle"", ""kana"": ""の""}, {""kind"": ""word"", ""ja"": ""上"", ""reading"": ""うえ"", ""en"": ""up/above"", ""kanji"": [""上""], ""targets"": [39]}, {""kind"": ""particle"", ""kana"": ""から""}, {""kind"": ""word"", ""ja"": ""夕日"", ""reading"": ""ゆうひ"", ""en"": ""setting sun"", ""kanji"": [""夕"", ""日""], ""targets"": [165, 14]}, {""kind"": ""particle"", ""kana"": ""を""}, {""kind"": ""word"", ""ja"": ""見る"", ""reading"": ""みる"", ""en"": ""to see"", ""kanji"": [""見""], ""targets"": [56]}]"
s713,"[115, 116, 41, 161, 204, 117]",[],"[{""kind"": ""word"", ""ja"": ""公園"", ""reading"": ""こうえん"", ""en"": ""park"", ""kanji"": [""公"", ""園""], ""targets"": [115, 116]}, {""kind"": ""particle"", ""kana"": ""の""}, {""kind"": ""word"", ""ja"": ""中心"", ""reading"": ""ちゅうしん"", ""en"": ""center"", ""kanji"": [""中"", ""心""], ""targets"": [41, 161]}, {""kind"": ""particle"", ""kana"": ""に""}, {""kind"": ""word"", ""ja"": ""広場"", ""reading"": ""ひろば"", ""en"": ""plaza"", ""kanji"": [""広"", ""場""], ""targets"": [204, 117]}, {""kind"": ""particle"", ""kana"": ""が""}, {""kind"": ""word"", ""ja"": ""ある"", ""reading"": ""ある"", ""en"": ""there is"", ""kanji"": [], ""targets"": []}]"
s714,"[118, 30, 224, 66]",[],"[{""kind"": ""word"", ""ja"": ""病人"", ""reading"": ""びょうにん"", ""en"": ""sick person"", ""kanji"": [""病"", ""人""], ""targets"": [118, 30]}, {""kind"": ""particle"", ""kana"": ""の""}, {""kind"": ""word"", ""ja"": ""世話"", ""reading"": ""せわ"", ""en"": ""care"", ""kanji"": [""世"", ""話""], ""targets"": [224, 66]}, {""kind"": ""particle"", ""kana"": ""を""}, {""kind"": ""word"", ""ja"": ""する"", ""reading"": ""する"", ""en"": ""to do"", ""kanji"": [], ""targets"": []}]"
s715,"[127, 44, 30, 196]",[],"[{""kind"": ""word"", ""ja"": ""全国"", ""reading"": ""ぜんこく"", ""en"": ""nationwide"", ""kanji"": [""全"", ""国""], ""targets"": [127, 44]}, {""kind"": ""particle"", ""kana"": ""から""}, {""kind"": ""word"", ""ja"": ""人"", ""reading"": ""ひと"", ""en"": ""person"", ""kanji"": [""人""], ""targets"": [30]}, {""kind"": ""particle"", ""kana"": ""が""}, {""kind"": ""word"", ""ja"": ""集まる"", ""reading"": ""あつまる"", ""en"": ""to gather (intr.)"", ""kanji"": [""集""], ""targets"": [196]}]"
s716,"[130, 179]",[],"[{""kind"": ""word"", ""ja"": ""別々"", ""reading"": ""べつべつ"", ""en"": ""separately"", ""kanji"": [""別""], ""targets"": [130]}, {""kind"": ""particle"", ""kana"": ""に""}, {""kind"": ""word"", ""ja"": ""帰る"", ""reading"": ""かえる"", ""en"": ""to return home"", ""kanji"": [""帰""], ""targets"": [179]}]"
s717,"[132, 44, 57, 88, 235]",[],"[{""kind"": ""word"", ""ja"": ""各国"", ""reading"": ""かっこく"", ""en"": ""each country"", ""kanji"": [""各"", ""国""], ""targets"": [132, 44]}, {""kind"": ""particle"", ""kana"": ""の""}, {""kind"": ""word"", ""ja"": ""食べ物"", ""reading"": ""たべもの"", ""en"": ""food"", ""kanji"": [""食"", ""物""], ""targets"": [57, 88]}, {""kind"": ""particle"", ""kana"": ""を""}, {""kind"": ""word"", ""ja"": ""試す"", ""reading"": ""ためす"", ""en"": ""to try; to test"", ""kanji"": [""試""], ""targets"": [235]}]"
s718,"[133, 100, 175]",[],"[{""kind"": ""word"", ""ja"": ""両手"", ""reading"": ""りょうて"", ""en"": ""both hands"", ""kanji"": [""両"", ""手""], ""targets"": [133, 100]}, {""kind"": ""particle"", ""kana"": ""で""}, {""kind"": ""word"", ""ja"": ""持つ"", ""reading"": ""もつ"", ""en"": ""to hold; to have"", ""kanji"": [""持""], ""targets"": [175]}]"
s719,"[134, 96, 234, 233, 198]",[],"[{""kind"": ""word"", ""ja"": ""数学"", ""reading"": ""すうがく"", ""en"": ""math"", ""kanji"": [""数"", ""学""], ""targets"": [134, 96]}, {""kind"": ""particle"", ""kana"": ""の""}, {""kind"": ""word"", ""ja"": ""問題"", ""reading"": ""もんだい"", ""en"": ""problem; question"", ""kanji"": [""問"", ""題""], ""targets"": [234, 233]}, {""kind"": ""particle"", ""kana"": ""を""}, {""kind"": ""word"", ""ja"": ""考える"", ""reading"": ""かんがえる"", ""en"": ""to think; consider"", ""kanji"": [""考""], ""targets"": [198]}]"
s720,"[126, 215, 234, 233]",[],"[{""kind"": ""word"", ""ja"": ""程度"", ""reading"": ""ていど"", ""en"": ""degree"", ""kanji"": [""程"", ""度""], ""targets"": [126, 215]}, {""kind"": ""particle"", ""kana"": ""の""}, {""kind"": ""word"", ""ja"": ""問題"", ""reading"": ""もんだい"", ""en"": ""problem; question"", ""kanji"": [""問"", ""題""], ""targets"": [234, 233]}, {""kind"": ""particle"", ""kana"": ""です""}]"
s721,"[137, 215, 235]",[],"[{""kind"": ""word"", ""ja"": ""幾度"", ""reading"": ""いくど"", ""en"": ""how many times"", ""kanji"": [""幾"", ""度""], ""targets"": [137, 215]}, {""kind"": ""particle"", ""kana"": ""も""}, {""kind"": ""word"", ""ja"": ""試す"", ""reading"": ""ためす"", ""en"": ""to try; to test"", ""kanji"": [""試""], ""targets"": [235]}]"
s722,"[128, 223, 234]",[],"[{""kind"": ""word"", ""ja"": ""皆さん"", ""reading"": ""みなさん"", ""en"": ""everyone (polite)"", ""kanji"": [""皆""], ""targets"": [128]}, {""kind"": ""particle"", ""kana"": ""に""}, {""kind"": ""word"", ""ja"": ""質問"", ""reading"": ""しつもん"", ""en"": ""question"", ""kanji"": [""質"", ""問""], ""targets"": [223, 234]}, {""kind"": ""particle"", ""kana"": ""が""}, {""kind"": ""word"", ""ja"": ""ある"", ""reading"": ""ある"", ""en"": ""there is"", ""kanji"": [], ""targets"": []}]"
s723,"[129, 30, 218, 56, 65]",[],"[{""kind"": ""word"", ""ja"": ""他人"", ""reading"": ""たにん"", ""en"": ""stranger"", ""kanji"": [""他"", ""人""], ""targets"": [129, 30]}, {""kind"": ""particle"", ""kana"": ""の""}, {""kind"": ""word"", ""ja"": ""意見"", ""reading"": ""いけん"", ""en"": ""opinion"", ""kanji"": [""意"", ""見""], ""targets"": [218, 56]}, {""kind"": ""particle"", ""kana"": ""も""}, {""kind"": ""word"", ""ja"": ""聞く"", ""reading"": ""きく"", ""en"": ""to hear"", ""kanji"": [""聞""], ""targets"": [65]}]"
s724,"[35, 124, 197, 220]",[],"[{""kind"": ""word"", ""ja"": ""名所"", ""reading"": ""めいしょ"", ""en"": ""famous spot"", ""kanji"": [""名"", ""所""], ""targets"": [35, 124]}, {""kind"": ""particle"", ""kana"": ""の""}, {""kind"": ""word"", ""ja"": ""写真"", ""reading"": ""しゃしん"", ""en"": ""photograph"", ""kanji"": [""写"", ""真""], ""targets"": [197, 220]}, {""kind"": ""particle"", ""kana"": ""を""}, {""kind"": ""word"", ""ja"": ""写す"", ""reading"": ""うつす"", ""en"": ""to copy; to photograph"", ""kanji"": [""写""], ""targets"": [197]}]"
s725,"[92, 23, 200, 218]",[],"[{""kind"": ""word"", ""ja"": ""塩分"", ""reading"": ""えんぶん"", ""en"": ""salt content"", ""kanji"": [""塩"", ""分""], ""targets"": [92, 23]}, {""kind"": ""particle"", ""kana"": ""に""}, {""kind"": ""word"", ""ja"": ""注意"", ""reading"": ""ちゅうい"", ""en"": ""caution; attention"", ""kanji"": [""注"", ""意""], ""targets"": [200, 218]}, {""kind"": ""word"", ""ja"": ""する"", ""reading"": ""する"", ""en"": ""to do"", ""kanji"": [], ""targets"": []}]"
s726,"[84, 106, 174]",[],"[{""kind"": ""word"", ""ja"": ""卵焼き"", ""reading"": ""たまごやき"", ""en"": ""rolled omelet"", ""kanji"": [""卵"", ""焼""], ""targets"": [84, 106]}, {""kind"": ""particle"", ""kana"": ""を""}, {""kind"": ""word"", ""ja"": ""作る"", ""reading"": ""つくる"", ""en"": ""to make"", ""kanji"": [""作""], ""targets"": [174]}]"
s727,"[42, 107, 159]",[],"[{""kind"": ""word"", ""ja"": ""大豆"", ""reading"": ""だいず"", ""en"": ""soybean"", ""kanji"": [""大"", ""豆""], ""targets"": [42, 107]}, {""kind"": ""particle"", ""kana"": ""は""}, {""kind"": ""word"", ""ja"": ""体"", ""reading"": ""からだ"", ""en"": ""body"", ""kanji"": [""体""], ""targets"": [159]}, {""kind"": ""particle"", ""kana"": ""に""}, {""kind"": ""word"", ""ja"": ""いい"", ""reading"": ""いい"", ""en"": ""good"", ""kanji"": [], ""targets"": []}]"
s728,"[90, 200, 230]",[],"[{""kind"": ""word"", ""ja"": ""麺"", ""reading"": ""めん"", ""en"": ""noodles"", ""kanji"": [""麺""], ""targets"": [90]}, {""kind"": ""particle"", ""kana"": ""を""}, {""kind"": ""word"", ""ja"": ""注文"", ""reading"": ""ちゅうもん"", ""en"": ""order (e.g. food)"", ""kanji"": [""注"", ""文""], ""targets"": [200, 230]}, {""kind"": ""word"", ""ja"": ""する"", ""reading"": ""する"", ""en"": ""to do"", ""kanji"": [], ""targets"": []}]"
s729,"[79, 44, 60, 251]",[],"[{""kind"": ""word"", ""ja"": ""米国"", ""reading"": ""べいこく"", ""en"": ""USA"", ""kanji"": [""米"", ""国""], ""targets"": [79, 44]}, {""kind"": ""particle"", ""kana"": ""へ""}, {""kind"": ""word"", ""ja"": ""出発"", ""reading"": ""しゅっぱつ"", ""en"": ""departure"", ""kanji"": [""出"", ""発""], ""targets"": [60, 251]}, {""kind"": ""word"", ""ja"": ""する"", ""reading"": ""する"", ""en"": ""to do"", ""kanji"": [], ""targets"": []}]"
s730,"[63, 64, 22, 26, 174]",[],"[{""kind"": ""word"", ""ja"": ""読書"", ""reading"": ""どくしょ"", ""en"": ""reading"", ""kanji"": [""読"", ""書""], ""targets"": [63, 64]}, {""kind"": ""particle"", ""kana"": ""の""}, {""kind"": ""word"", ""ja"": ""時間"", ""reading"": ""じかん"", ""en"": ""time/hour"", ""kanji"": [""時"", ""間""], ""targets"": [22, 26]}, {""kind"": ""particle"", ""kana"": ""を""}, {""kind"": ""word"", ""ja"": ""作る"", ""reading"": ""つくる"", ""en"": ""to make"", ""kanji"": [""作""], ""targets"": [174]}]"
s731,"[64, 50, 66, 233, 71, 62]",[],"[{""kind"": ""word"", ""ja"": ""書店"", ""reading"": ""しょてん"", ""en"": ""bookstore"", ""kanji"": [""書"", ""店""], ""targets"": [64, 50]}, {""kind"": ""particle"", ""kana"": ""で""}, {""kind"": ""word"", ""ja"": ""話題"", ""reading"": ""わだい"", ""en"": ""topic"", ""kanji"": [""話"", ""題""], ""targets"": [66, 233]}, {""kind"": ""particle"", ""kana"": ""の""}, {""kind"": ""word"", ""ja"": ""本"", ""reading"": ""ほん"", ""en"": ""book"", ""kanji"": [""本""], ""targets"": [71]}, {""kind"": ""particle"", ""kana"": ""を""}, {""kind"": ""word"", ""ja"": ""買う"", ""reading"": ""かう"", ""en"": ""to buy"", ""kanji"": [""買""], ""targets"": [62]}]"
s732,"[48, 77, 172]",[],"[{""kind"": ""word"", ""ja"": ""町長"", ""reading"": ""ちょうちょう"", ""en"": ""town mayor"", ""kanji"": [""町"", ""長""], ""targets"": [48, 77]}, {""kind"": ""particle"", ""kana"": ""と""}, {""kind"": ""word"", ""ja"": ""会う"", ""reading"": ""あう"", ""en"": ""to meet"", ""kanji"": [""会""], ""targets"": [172]}]"
s733,"[76, 21, 182]",[],"[{""kind"": ""word"", ""ja"": ""少年"", ""reading"": ""しょうねん"", ""en"": ""boy"", ""kanji"": [""少"", ""年""], ""targets"": [76, 21]}, {""kind"": ""particle"", ""kana"": ""が""}, {""kind"": ""word"", ""ja"": ""走る"", ""reading"": ""はしる"", ""en"": ""to run"", ""kanji"": [""走""], ""targets"": [182]}]"
s734,"[76, 33, 21, 183]",[],"[{""kind"": ""word"", ""ja"": ""少女"", ""reading"": ""しょうじょ"", ""en"": ""young girl"", ""kanji"": [""少"", ""女""], ""targets"": [76, 33]}, {""kind"": ""particle"", ""kana"": ""と""}, {""kind"": ""word"", ""ja"": ""少年"", ""reading"": ""しょうねん"", ""en"": ""boy"", ""kanji"": [""少"", ""年""], ""targets"": [76, 21]}, {""kind"": ""particle"", ""kana"": ""が""}, {""kind"": ""word"", ""ja"": ""歩く"", ""reading"": ""あるく"", ""en"": ""to walk"", ""kanji"": [""歩""], ""targets"": [183]}]"
s735,"[75, 23, 209, 14, 149]",[],"[{""kind"": ""word"", ""ja"": ""多分"", ""reading"": ""たぶん"", ""en"": ""probably"", ""kanji"": [""多"", ""分""], ""targets"": [75, 23]}, {""kind"": ""word"", ""ja"": ""明日"", ""reading"": ""あした"", ""en"": ""tomorrow"", ""kanji"": [""明"", ""日""], ""targets"": [209, 14]}, {""kind"": ""particle"", ""kana"": ""は""}, {""kind"": ""word"", ""ja"": ""雨"", ""reading"": ""あめ"", ""en"": ""rain"", ""kanji"": [""雨""], ""targets"": [149]}, {""kind"": ""particle"", ""kana"": ""です""}]"
s736,"[25, 21, 181]",[],"[{""kind"": ""word"", ""ja"": ""半年"", ""reading"": ""はんとし"", ""en"": ""half year"", ""kanji"": [""半"", ""年""], ""targets"": [25, 21]}, {""kind"": ""particle"", ""kana"": ""で""}, {""kind"": ""word"", ""ja"": ""終わる"", ""reading"": ""おわる"", ""en"": ""to end"", ""kanji"": [""終""], ""targets"": [181]}]"
s737,"[16, 122, 200, 218]",[],"[{""kind"": ""word"", ""ja"": ""火事"", ""reading"": ""かじ"", ""en"": ""fire/blaze"", ""kanji"": [""火"", ""事""], ""targets"": [16, 122]}, {""kind"": ""particle"", ""kana"": ""に""}, {""kind"": ""word"", ""ja"": ""注意"", ""reading"": ""ちゅうい"", ""en"": ""caution; attention"", ""kanji"": [""注"", ""意""], ""targets"": [200, 218]}, {""kind"": ""word"", ""ja"": ""する"", ""reading"": ""する"", ""en"": ""to do"", ""kanji"": [], ""targets"": []}]"
s738,"[16, 45, 197, 220, 56]",[],"[{""kind"": ""word"", ""ja"": ""火山"", ""reading"": ""かざん"", ""en"": ""volcano"", ""kanji"": [""火"", ""山""], ""targets"": [16, 45]}, {""kind"": ""particle"", ""kana"": ""の""}, {""kind"": ""word"", ""ja"": ""写真"", ""reading"": ""しゃしん"", ""en"": ""photograph"", ""kanji"": [""写"", ""真""], ""targets"": [197, 220]}, {""kind"": ""particle"", ""kana"": ""を""}, {""kind"": ""word"", ""ja"": ""見る"", ""reading"": ""みる"", ""en"": ""to see"", ""kanji"": [""見""], ""targets"": [56]}]"
s739,"[17, 41, 158, 195]",[],"[{""kind"": ""word"", ""ja"": ""水中"", ""reading"": ""すいちゅう"", ""en"": ""underwater"", ""kanji"": [""水"", ""中""], ""targets"": [17, 41]}, {""kind"": ""particle"", ""kana"": ""で""}, {""kind"": ""word"", ""ja"": ""目"", ""reading"": ""め"", ""en"": ""eye"", ""kanji"": [""目""], ""targets"": [158]}, {""kind"": ""particle"", ""kana"": ""を""}, {""kind"": ""word"", ""ja"": ""開ける"", ""reading"": ""あける"", ""en"": ""to open (tr.)"", ""kanji"": [""開""], ""targets"": [195]}]"
s740,"[14, 126, 198]",[],"[{""kind"": ""word"", ""ja"": ""日程"", ""reading"": ""にってい"", ""en"": ""schedule"", ""kanji"": [""日"", ""程""], ""targets"": [14, 126]}, {""kind"": ""particle"", ""kana"": ""を""}, {""kind"": ""word"", ""ja"": ""考える"", ""reading"": ""かんがえる"", ""en"": ""to think; consider"", ""kanji"": [""考""], ""targets"": [198]}]"
s741,"[115, 67, 227, 64, 228]",[],"[{""kind"": ""word"", ""ja"": ""公立"", ""reading"": ""こうりつ"", ""en"": ""public"", ""kanji"": [""公"", ""立""], ""targets"": [115, 67]}, {""kind"": ""particle"", ""kana"": ""の""}, {""kind"": ""word"", ""ja"": ""図書館"", ""reading"": ""としょかん"", ""en"": ""library"", ""kanji"": [""図"", ""書"", ""館""], ""targets"": [227, 64, 228]}, {""kind"": ""particle"", ""kana"": ""が""}, {""kind"": ""word"", ""ja"": ""できる"", ""reading"": ""できる"", ""en"": ""to be able; be completed"", ""kanji"": [], ""targets"": []}]"
s742,"[31, 108, 192]",[],"[{""kind"": ""word"", ""ja"": ""私鉄"", ""reading"": ""してつ"", ""en"": ""private railway"", ""kanji"": [""私"", ""鉄""], ""targets"": [31, 108]}, {""kind"": ""particle"", ""kana"": ""で""}, {""kind"": ""word"", ""ja"": ""通う"", ""reading"": ""かよう"", ""en"": ""to commute"", ""kanji"": [""通""], ""targets"": [192]}]"
s743,"[40, 48, 57, 241, 74]",[],"[{""kind"": ""word"", ""ja"": ""下町"", ""reading"": ""したまち"", ""en"": ""downtown"", ""kanji"": [""下"", ""町""], ""targets"": [40, 48]}, {""kind"": ""particle"", ""kana"": ""の""}, {""kind"": ""word"", ""ja"": ""食堂"", ""reading"": ""しょくどう"", ""en"": ""cafeteria"", ""kanji"": [""食"", ""堂""], ""targets"": [57, 241]}, {""kind"": ""particle"", ""kana"": ""は""}, {""kind"": ""word"", ""ja"": ""安い"", ""reading"": ""やすい"", ""en"": ""cheap"", ""kanji"": [""安""], ""targets"": [74]}]"
s744,"[38, 97, 179]",[],"[{""kind"": ""word"", ""ja"": ""母校"", ""reading"": ""ぼこう"", ""en"": ""alma mater"", ""kanji"": [""母"", ""校""], ""targets"": [38, 97]}, {""kind"": ""particle"", ""kana"": ""へ""}, {""kind"": ""word"", ""ja"": ""帰る"", ""reading"": ""かえる"", ""en"": ""to return home"", ""kanji"": [""帰""], ""targets"": [179]}]"
s745,"[96, 36, 202, 203]",[],"[{""kind"": ""word"", ""ja"": ""学友"", ""reading"": ""がくゆう"", ""en"": ""schoolmate"", ""kanji"": [""学"", ""友""], ""targets"": [96, 36]}, {""kind"": ""particle"", ""kana"": ""と""}, {""kind"": ""word"", ""ja"": ""勉強"", ""reading"": ""べんきょう"", ""en"": ""study"", ""kanji"": [""勉"", ""強""], ""targets"": [202, 203]}, {""kind"": ""word"", ""ja"": ""する"", ""reading"": ""する"", ""en"": ""to do"", ""kanji"": [], ""targets"": []}]"
s746,"[35, 30, 198, 65]",[],"[{""kind"": ""word"", ""ja"": ""名人"", ""reading"": ""めいじん"", ""en"": ""master/expert"", ""kanji"": [""名"", ""人""], ""targets"": [35, 30]}, {""kind"": ""particle"", ""kana"": ""の""}, {""kind"": ""word"", ""ja"": ""考え"", ""reading"": ""かんがえ"", ""en"": ""idea; thought"", ""kanji"": [""考""], ""targets"": [198]}, {""kind"": ""particle"", ""kana"": ""を""}, {""kind"": ""word"", ""ja"": ""聞く"", ""reading"": ""きく"", ""en"": ""to hear"", ""kanji"": [""聞""], ""targets"": [65]}]"
s747,"[39, 100, 231, 64]",[],"[{""kind"": ""word"", ""ja"": ""上手"", ""reading"": ""じょうず"", ""en"": ""skillful"", ""kanji"": [""上"", ""手""], ""targets"": [39, 100]}, {""kind"": ""particle"", ""kana"": ""に""}, {""kind"": ""word"", ""ja"": ""字"", ""reading"": ""じ"", ""en"": ""character; handwriting"", ""kanji"": [""字""], ""targets"": [231]}, {""kind"": ""particle"", ""kana"": ""を""}, {""kind"": ""word"", ""ja"": ""書く"", ""reading"": ""かく"", ""en"": ""to write"", ""kanji"": [""書""], ""targets"": [64]}]"
s748,"[197, 220, 36, 30, 56]",[],"[{""kind"": ""word"", ""ja"": ""写真"", ""reading"": ""しゃしん"", ""en"": ""photograph"", ""kanji"": [""写"", ""真""], ""targets"": [197, 220]}, {""kind"": ""particle"", ""kana"": ""を""}, {""kind"": ""word"", ""ja"": ""友人"", ""reading"": ""ゆうじん"", ""en"": ""friend"", ""kanji"": [""友"", ""人""], ""targets"": [36, 30]}, {""kind"": ""particle"", ""kana"": ""に""}, {""kind"": ""word"", ""ja"": ""見せる"", ""reading"": ""みせる"", ""en"": ""to show"", ""kanji"": [""見""], ""targets"": [56]}]"
s749,"[226, 227, 61]",[],"[{""kind"": ""word"", ""ja"": ""かばん"", ""reading"": ""かばん"", ""en"": ""bag"", ""kanji"": [], ""targets"": []}, {""kind"": ""particle"", ""kana"": ""に""}, {""kind"": ""word"", ""ja"": ""地図"", ""reading"": ""ちず"", ""en"": ""map"", ""kanji"": [""地"", ""図""], ""targets"": [226, 227]}, {""kind"": ""particle"", ""kana"": ""を""}, {""kind"": ""word"", ""ja"": ""入れる"", ""reading"": ""いれる"", ""en"": ""to put in"", ""kanji"": [""入""], ""targets"": [61]}]"
s750,"[235, 236, 54]",[],"[{""kind"": ""word"", ""ja"": ""試験"", ""reading"": ""しけん"", ""en"": ""exam"", ""kanji"": [""試"", ""験""], ""targets"": [235, 236]}, {""kind"": ""particle"", ""kana"": ""を""}, {""kind"": ""word"", ""ja"": ""行う"", ""reading"": ""おこなう"", ""en"": ""to carry out"", ""kanji"": [""行""], ""targets"": [54]}]"
s751,"[137, 73, 234, 233, 198]",[],"[{""kind"": ""word"", ""ja"": ""幾何"", ""reading"": ""きか"", ""en"": ""geometry"", ""kanji"": [""幾"", ""何""], ""targets"": [137, 73]}, {""kind"": ""particle"", ""kana"": ""の""}, {""kind"": ""word"", ""ja"": ""問題"", ""reading"": ""もんだい"", ""en"": ""problem; question"", ""kanji"": [""問"", ""題""], ""targets"": [234, 233]}, {""kind"": ""particle"", ""kana"": ""を""}, {""kind"": ""word"", ""ja"": ""考える"", ""reading"": ""かんがえる"", ""en"": ""to think; consider"", ""kanji"": [""考""], ""targets"": [198]}]"
s752,"[30, 26, 161, 237, 238]",[],"[{""kind"": ""word"", ""ja"": ""人間"", ""reading"": ""にんげん"", ""en"": ""human"", ""kanji"": [""人"", ""間""], ""targets"": [30, 26]}, {""kind"": ""particle"", ""kana"": ""の""}, {""kind"": ""word"", ""ja"": ""心"", ""reading"": ""こころ"", ""en"": ""heart; mind"", ""kanji"": [""心""], ""targets"": [161]}, {""kind"": ""particle"", ""kana"": ""を""}, {""kind"": ""word"", ""ja"": ""研究"", ""reading"": ""けんきゅう"", ""en"": ""research"", ""kanji"": [""研"", ""究""], ""targets"": [237, 238]}, {""kind"": ""word"", ""ja"": ""する"", ""reading"": ""する"", ""en"": ""to do"", ""kanji"": [], ""targets"": []}]"
s753,"[132, 198]",[],"[{""kind"": ""word"", ""ja"": ""各々"", ""reading"": ""おのおの"", ""en"": ""each"", ""kanji"": [""各""], ""targets"": [132]}, {""kind"": ""particle"", ""kana"": ""の""}, {""kind"": ""word"", ""ja"": ""考え"", ""reading"": ""かんがえ"", ""en"": ""idea; thought"", ""kanji"": [""考""], ""targets"": [198]}, {""kind"": ""particle"", ""kana"": ""が""}, {""kind"": ""word"", ""ja"": ""ある"", ""reading"": ""ある"", ""en"": ""there is"", ""kanji"": [], ""targets"": []}]"
s754,"[136, 195]",[],"[{""kind"": ""word"", ""ja"": ""誰か"", ""reading"": ""だれか"", ""en"": ""someone"", ""kanji"": [""誰""], ""targets"": [136]}, {""kind"": ""particle"", ""kana"": ""が""}, {""kind"": ""word"", ""ja"": ""ドア"", ""reading"": ""ドア"", ""en"": ""door"", ""kanji"": [], ""targets"": []}, {""kind"": ""particle"", ""kana"": ""を""}, {""kind"": ""word"", ""ja"": ""開ける"", ""reading"": ""あける"", ""en"": ""to open (tr.)"", ""kanji"": [""開""], ""targets"": [195]}]"
s755,"[154, 69, 97, 98]",[],"[{""kind"": ""word"", ""ja"": ""弟"", ""reading"": ""おとうと"", ""en"": ""younger brother"", ""kanji"": [""弟""], ""targets"": [154]}, {""kind"": ""particle"", ""kana"": ""は""}, {""kind"": ""word"", ""ja"": ""高校生"", ""reading"": ""こうこうせい"", ""en"": ""high schooler"", ""kanji"": [""高"", ""校"", ""生""], ""targets"": [69, 97, 98]}, {""kind"": ""particle"", ""kana"": ""です""}]"
s756,"[156, 43, 96, 98]",[],"[{""kind"": ""word"", ""ja"": ""妹"", ""reading"": ""いもうと"", ""en"": ""younger sister"", ""kanji"": [""妹""], ""targets"": [156]}, {""kind"": ""particle"", ""kana"": ""は""}, {""kind"": ""word"", ""ja"": ""小学生"", ""reading"": ""しょうがくせい"", ""en"": ""elem. student"", ""kanji"": [""小"", ""学"", ""生""], ""targets"": [43, 96, 98]}, {""kind"": ""particle"", ""kana"": ""です""}]"
s757,"[41, 96, 146, 98, 172]",[],"[{""kind"": ""word"", ""ja"": ""中学"", ""reading"": ""ちゅうがく"", ""en"": ""middle school"", ""kanji"": [""中"", ""学""], ""targets"": [41, 96]}, {""kind"": ""particle"", ""kana"": ""の""}, {""kind"": ""word"", ""ja"": ""先生"", ""reading"": ""せんせい"", ""en"": ""teacher"", ""kanji"": [""先"", ""生""], ""targets"": [146, 98]}, {""kind"": ""particle"", ""kana"": ""に""}, {""kind"": ""word"", ""ja"": ""会う"", ""reading"": ""あう"", ""en"": ""to meet"", ""kanji"": [""会""], ""targets"": [172]}]"
s758,"[155, 42, 96, 119, 98]",[],"[{""kind"": ""word"", ""ja"": ""姉"", ""reading"": ""あね"", ""en"": ""older sister (my)"", ""kanji"": [""姉""], ""targets"": [155]}, {""kind"": ""particle"", ""kana"": ""は""}, {""kind"": ""word"", ""ja"": ""大学院"", ""reading"": ""だいがくいん"", ""en"": ""grad school"", ""kanji"": [""大"", ""学"", ""院""], ""targets"": [42, 96, 119]}, {""kind"": ""particle"", ""kana"": ""の""}, {""kind"": ""word"", ""ja"": ""学生"", ""reading"": ""がくせい"", ""en"": ""student"", ""kanji"": [""学"", ""生""], ""targets"": [96, 98]}, {""kind"": ""particle"", ""kana"": ""です""}]"
s759,"[118, 148]",[],"[{""kind"": ""word"", ""ja"": ""病気"", ""reading"": ""びょうき"", ""en"": ""illness"", ""kanji"": [""病"", ""気""], ""targets"": [118, 148]}, {""kind"": ""particle"", ""kana"": ""に""}, {""kind"": ""word"", ""ja"": ""なる"", ""reading"": ""なる"", ""en"": ""to become"", ""kanji"": [], ""targets"": []}]"
s760,"[3, 30, 57, 241, 54]",[],"[{""kind"": ""word"", ""ja"": ""三人"", ""reading"": ""さんにん"", ""en"": ""three people"", ""kanji"": [""三"", ""人""], ""targets"": [3, 30]}, {""kind"": ""particle"", ""kana"": ""で""}, {""kind"": ""word"", ""ja"": ""食堂"", ""reading"": ""しょくどう"", ""en"": ""cafeteria"", ""kanji"": [""食"", ""堂""], ""targets"": [57, 241]}, {""kind"": ""particle"", ""kana"": ""へ""}, {""kind"": ""word"", ""ja"": ""行く"", ""reading"": ""いく"", ""en"": ""to go"", ""kanji"": [""行""], ""targets"": [54]}]"
s761,"[73, 22, 60, 251]",[],"[{""kind"": ""word"", ""ja"": ""何時"", ""reading"": ""なんじ"", ""en"": ""what time"", ""kanji"": [""何"", ""時""], ""targets"": [73, 22]}, {""kind"": ""particle"", ""kana"": ""に""}, {""kind"": ""word"", ""ja"": ""出発"", ""reading"": ""しゅっぱつ"", ""en"": ""departure"", ""kanji"": [""出"", ""発""], ""targets"": [60, 251]}, {""kind"": ""word"", ""ja"": ""する"", ""reading"": ""する"", ""en"": ""to do"", ""kanji"": [], ""targets"": []}, {""kind"": ""particle"", ""kana"": ""か""}]"
s762,"[12, 72, 171, 71, 62]",[],"[{""kind"": ""word"", ""ja"": ""千円"", ""reading"": ""せんえん"", ""en"": ""1000 yen"", ""kanji"": [""千"", ""円""], ""targets"": [12, 72]}, {""kind"": ""particle"", ""kana"": ""で""}, {""kind"": ""word"", ""ja"": ""古本"", ""reading"": ""ふるほん"", ""en"": ""used book"", ""kanji"": [""古"", ""本""], ""targets"": [171, 71]}, {""kind"": ""particle"", ""kana"": ""を""}, {""kind"": ""word"", ""ja"": ""買う"", ""reading"": ""かう"", ""en"": ""to buy"", ""kanji"": [""買""], ""targets"": [62]}]"
s763,"[11, 30, 216, 39, 196]",[],"[{""kind"": ""word"", ""ja"": ""百人"", ""reading"": ""ひゃくにん"", ""en"": ""100 people"", ""kanji"": [""百"", ""人""], ""targets"": [11, 30]}, {""kind"": ""word"", ""ja"": ""以上"", ""reading"": ""いじょう"", ""en"": ""more than"", ""kanji"": [""以"", ""上""], ""targets"": [216, 39]}, {""kind"": ""particle"", ""kana"": ""が""}, {""kind"": ""word"", ""ja"": ""集まる"", ""reading"": ""あつまる"", ""en"": ""to gather (intr.)"", ""kanji"": [""集""], ""targets"": [196]}]"
s764,"[10, 23, 151]",[],"[{""kind"": ""word"", ""ja"": ""十分"", ""reading"": ""じゅっぷん"", ""en"": ""ten minutes"", ""kanji"": [""十"", ""分""], ""targets"": [10, 23]}, {""kind"": ""word"", ""ja"": ""休む"", ""reading"": ""やすむ"", ""en"": ""to rest"", ""kanji"": [""休""], ""targets"": [151]}]"
s765,"[5, 22, 181]",[],"[{""kind"": ""word"", ""ja"": ""五時"", ""reading"": ""ごじ"", ""en"": ""5 o'clock"", ""kanji"": [""五"", ""時""], ""targets"": [5, 22]}, {""kind"": ""particle"", ""kana"": ""に""}, {""kind"": ""word"", ""ja"": ""終わる"", ""reading"": ""おわる"", ""en"": ""to end"", ""kanji"": [""終""], ""targets"": [181]}]"
s766,"[7, 15, 245, 30, 75]",[],"[{""kind"": ""word"", ""ja"": ""七月"", ""reading"": ""しちがつ"", ""en"": ""July"", ""kanji"": [""七"", ""月""], ""targets"": [7, 15]}, {""kind"": ""particle"", ""kana"": ""の""}, {""kind"": ""word"", ""ja"": ""海"", ""reading"": ""うみ"", ""en"": ""sea"", ""kanji"": [""海""], ""targets"": [245]}, {""kind"": ""particle"", ""kana"": ""は""}, {""kind"": ""word"", ""ja"": ""人"", ""reading"": ""ひと"", ""en"": ""person"", ""kanji"": [""人""], ""targets"": [30]}, {""kind"": ""particle"", ""kana"": ""が""}, {""kind"": ""word"", ""ja"": ""多い"", ""reading"": ""おおい"", ""en"": ""many"", ""kanji"": [""多""], ""targets"": [75]}]"
s767,"[2, 15, 164, 77]",[],"[{""kind"": ""word"", ""ja"": ""二月"", ""reading"": ""にがつ"", ""en"": ""February"", ""kanji"": [""二"", ""月""], ""targets"": [2, 15]}, {""kind"": ""particle"", ""kana"": ""の""}, {""kind"": ""word"", ""ja"": ""夜"", ""reading"": ""よる"", ""en"": ""night"", ""kanji"": [""夜""], ""targets"": [164]}, {""kind"": ""particle"", ""kana"": ""は""}, {""kind"": ""word"", ""ja"": ""長い"", ""reading"": ""ながい"", ""en"": ""long"", ""kanji"": [""長""], ""targets"": [77]}]"
s768,"[96, 97, 4, 15, 180]",[],"[{""kind"": ""word"", ""ja"": ""学校"", ""reading"": ""がっこう"", ""en"": ""school"", ""kanji"": [""学"", ""校""], ""targets"": [96, 97]}, {""kind"": ""particle"", ""kana"": ""は""}, {""kind"": ""word"", ""ja"": ""四月"", ""reading"": ""しがつ"", ""en"": ""April"", ""kanji"": [""四"", ""月""], ""targets"": [4, 15]}, {""kind"": ""particle"", ""kana"": ""に""}, {""kind"": ""word"", ""ja"": ""始まる"", ""reading"": ""はじまる"", ""en"": ""to begin (intr.)"", ""kanji"": [""始""], ""targets"": [180]}]"
s769,"[6, 15, 149, 75]",[],"[{""kind"": ""word"", ""ja"": ""六月"", ""reading"": ""ろくがつ"", ""en"": ""June"", ""kanji"": [""六"", ""月""], ""targets"": [6, 15]}, {""kind"": ""particle"", ""kana"": ""は""}, {""kind"": ""word"", ""ja"": ""雨"", ""reading"": ""あめ"", ""en"": ""rain"", ""kanji"": [""雨""], ""targets"": [149]}, {""kind"": ""particle"", ""kana"": ""が""}, {""kind"": ""word"", ""ja"": ""多い"", ""reading"": ""おおい"", ""en"": ""many"", ""kanji"": [""多""], ""targets"": [75]}]"
s770,"[9, 15, 235, 236]",[],"[{""kind"": ""word"", ""ja"": ""九月"", ""reading"": ""くがつ"", ""en"": ""September"", ""kanji"": [""九"", ""月""], ""targets"": [9, 15]}, {""kind"": ""particle"", ""kana"": ""に""}, {""kind"": ""word"", ""ja"": ""試験"", ""reading"": ""しけん"", ""en"": ""exam"", ""kanji"": [""試"", ""験""], ""targets"": [235, 236]}, {""kind"": ""particle"", ""kana"": ""が""}, {""kind"": ""word"", ""ja"": ""ある"", ""reading"": ""ある"", ""en"": ""there is"", ""kanji"": [], ""targets"": []}]"
s771,"[14, 71, 83, 200, 230]",[],"[{""kind"": ""word"", ""ja"": ""日本酒"", ""reading"": ""にほんしゅ"", ""en"": ""sake"", ""kanji"": [""日"", ""本"", ""酒""], ""targets"": [14, 71, 83]}, {""kind"": ""particle"", ""kana"": ""を""}, {""kind"": ""word"", ""ja"": ""注文"", ""reading"": ""ちゅうもん"", ""en"": ""order (e.g. food)"", ""kanji"": [""注"", ""文""], ""targets"": [200, 230]}, {""kind"": ""word"", ""ja"": ""する"", ""reading"": ""する"", ""en"": ""to do"", ""kanji"": [], ""targets"": []}]"
s772,"[108, 49, 132, 226, 54]",[],"[{""kind"": ""word"", ""ja"": ""鉄道"", ""reading"": ""てつどう"", ""en"": ""railway"", ""kanji"": [""鉄"", ""道""], ""targets"": [108, 49]}, {""kind"": ""particle"", ""kana"": ""で""}, {""kind"": ""word"", ""ja"": ""各地"", ""reading"": ""かくち"", ""en"": ""various places"", ""kanji"": [""各"", ""地""], ""targets"": [132, 226]}, {""kind"": ""particle"", ""kana"": ""へ""}, {""kind"": ""word"", ""ja"": ""行く"", ""reading"": ""いく"", ""en"": ""to go"", ""kanji"": [""行""], ""targets"": [54]}]"
s773,"[70, 65, 224, 225, 66, 63]",[],"[{""kind"": ""word"", ""ja"": ""新聞"", ""reading"": ""しんぶん"", ""en"": ""newspaper"", ""kanji"": [""新"", ""聞""], ""targets"": [70, 65]}, {""kind"": ""particle"", ""kana"": ""で""}, {""kind"": ""word"", ""ja"": ""世界"", ""reading"": ""せかい"", ""en"": ""world"", ""kanji"": [""世"", ""界""], ""targets"": [224, 225]}, {""kind"": ""particle"", ""kana"": ""の""}, {""kind"": ""word"", ""ja"": ""話"", ""reading"": ""はなし"", ""en"": ""story"", ""kanji"": [""話""], ""targets"": [66]}, {""kind"": ""particle"", ""kana"": ""を""}, {""kind"": ""word"", ""ja"": ""読む"", ""reading"": ""よむ"", ""en"": ""to read"", ""kanji"": [""読""], ""targets"": [63]}]"
s774,"[3, 15, 262, 54]",[],"[{""kind"": ""word"", ""ja"": ""三月"", ""reading"": ""さんがつ"", ""en"": ""March"", ""kanji"": [""三"", ""月""], ""targets"": [3, 15]}, {""kind"": ""particle"", ""kana"": ""に""}, {""kind"": ""word"", ""ja"": ""旅行"", ""reading"": ""りょこう"", ""en"": ""travel"", ""kanji"": [""旅"", ""行""], ""targets"": [262, 54]}, {""kind"": ""word"", ""ja"": ""します"", ""reading"": ""します"", ""en"": ""will do"", ""kanji"": [], ""targets"": []}]"
s775,"[4, 15, 61, 96]",[],"[{""kind"": ""word"", ""ja"": ""四月"", ""reading"": ""しがつ"", ""en"": ""April"", ""kanji"": [""四"", ""月""], ""targets"": [4, 15]}, {""kind"": ""particle"", ""kana"": ""に""}, {""kind"": ""word"", ""ja"": ""入学"", ""reading"": ""にゅうがく"", ""en"": ""entering school"", ""kanji"": [""入"", ""学""], ""targets"": [61, 96]}, {""kind"": ""word"", ""ja"": ""します"", ""reading"": ""します"", ""en"": ""will do"", ""kanji"": [], ""targets"": []}]"
s776,"[235, 236, 10, 22]",[],"[{""kind"": ""word"", ""ja"": ""試験"", ""reading"": ""しけん"", ""en"": ""exam"", ""kanji"": [""試"", ""験""], ""targets"": [235, 236]}, {""kind"": ""particle"", ""kana"": ""は""}, {""kind"": ""word"", ""ja"": ""十時"", ""reading"": ""じゅうじ"", ""en"": ""10 o'clock"", ""kanji"": [""十"", ""時""], ""targets"": [10, 22]}, {""kind"": ""particle"", ""kana"": ""から""}, {""kind"": ""particle"", ""kana"": ""です""}]"
s777,"[202, 203, 42, 113]",[],"[{""kind"": ""word"", ""ja"": ""勉強"", ""reading"": ""べんきょう"", ""en"": ""studying"", ""kanji"": [""勉"", ""強""], ""targets"": [202, 203]}, {""kind"": ""particle"", ""kana"": ""は""}, {""kind"": ""word"", ""ja"": ""とても"", ""reading"": ""とても"", ""en"": ""very"", ""kanji"": [], ""targets"": []}, {""kind"": ""word"", ""ja"": ""大切"", ""reading"": ""たいせつ"", ""en"": ""important"", ""kanji"": [""大"", ""切""], ""targets"": [42, 113]}, {""kind"": ""particle"", ""kana"": ""です""}]"
s778,"[22, 14, 71, 152, 289, 63]",[],"[{""kind"": ""word"", ""ja"": ""時々"", ""reading"": ""ときどき"", ""en"": ""sometimes"", ""kanji"": [""時""], ""targets"": [22]}, {""kind"": ""word"", ""ja"": ""日本語"", ""reading"": ""にほんご"", ""en"": ""Japanese"", ""kanji"": [""日"", ""本"", ""語""], ""targets"": [14, 71, 152]}, {""kind"": ""particle"", ""kana"": ""の""}, {""kind"": ""word"", ""ja"": ""本"", ""reading"": ""ほん"", ""en"": ""book"", ""kanji"": [""本""], ""targets"": [71]}, {""kind"": ""particle"", ""kana"": ""を""}, {""kind"": ""word"", ""ja"": ""音読"", ""reading"": ""おんどく"", ""en"": ""read aloud"", ""kanji"": [""音"", ""読""], ""targets"": [289, 63]}, {""kind"": ""particle"", ""kana"": ""します""}]"
s779,"[96, 97, 8, 22]",[],"[{""kind"": ""word"", ""ja"": ""学校"", ""reading"": ""がっこう"", ""en"": ""school"", ""kanji"": [""学"", ""校""], ""targets"": [96, 97]}, {""kind"": ""particle"", ""kana"": ""は""}, {""kind"": ""word"", ""ja"": ""八時"", ""reading"": ""はちじ"", ""en"": ""8 o'clock"", ""kanji"": [""八"", ""時""], ""targets"": [8, 22]}, {""kind"": ""particle"", ""kana"": ""から""}, {""kind"": ""particle"", ""kana"": ""です""}]"
s780,"[301, 233, 75]",[],"[{""kind"": ""word"", ""ja"": ""宿題"", ""reading"": ""しゅくだい"", ""en"": ""homework"", ""kanji"": [""宿"", ""題""], ""targets"": [301, 233]}, {""kind"": ""particle"", ""kana"": ""が""}, {""kind"": ""word"", ""ja"": ""多い"", ""reading"": ""おおい"", ""en"": ""many"", ""kanji"": [""多""], ""targets"": [75]}, {""kind"": ""particle"", ""kana"": ""です""}]"
s781,"[209, 14, 235, 259]",[],"[{""kind"": ""word"", ""ja"": ""明日"", ""reading"": ""あした"", ""en"": ""tomorrow"", ""kanji"": [""明"", ""日""], ""targets"": [209, 14]}, {""kind"": ""word"", ""ja"": ""試合"", ""reading"": ""しあい"", ""en"": ""match"", ""kanji"": [""試"", ""合""], ""targets"": [235, 259]}, {""kind"": ""particle"", ""kana"": ""が""}, {""kind"": ""word"", ""ja"": ""あります"", ""reading"": ""あります"", ""en"": ""there is"", ""kanji"": [], ""targets"": []}]"
s782,"[281, 37, 183]",[],"[{""kind"": ""word"", ""ja"": ""祖父"", ""reading"": ""そふ"", ""en"": ""grandfather"", ""kanji"": [""祖"", ""父""], ""targets"": [281, 37]}, {""kind"": ""particle"", ""kana"": ""と""}, {""kind"": ""word"", ""ja"": ""歩きます"", ""reading"": ""あるきます"", ""en"": ""walk"", ""kanji"": [""歩""], ""targets"": [183], ""lemma"": ""歩く""}]"
s783,"[165, 89, 107, 57]",[],"[{""kind"": ""word"", ""ja"": ""夕飯"", ""reading"": ""ゆうはん"", ""en"": ""dinner"", ""kanji"": [""夕"", ""飯""], ""targets"": [165, 89]}, {""kind"": ""particle"", ""kana"": ""に""}, {""kind"": ""word"", ""ja"": ""豆"", ""reading"": ""まめ"", ""en"": ""beans"", ""kanji"": [""豆""], ""targets"": [107]}, {""kind"": ""particle"", ""kana"": ""を""}, {""kind"": ""word"", ""ja"": ""食べました"", ""reading"": ""たべました"", ""en"": ""ate"", ""kanji"": [""食""], ""targets"": [57], ""lemma"": ""食べる""}]"
s784,[78],[78],"[{""kind"": ""word"", ""ja"": ""こんにゃく"", ""reading"": ""こんにゃく"", ""en"": ""konjac"", ""kanji"": [], ""targets"": [], ""kana_targets"": [78]}, {""kind"": ""particle"", ""kana"": ""が""}, {""kind"": ""word"", ""ja"": ""好き"", ""reading"": ""すき"", ""en"": ""liked"", ""kanji"": [""好""], ""targets"": [78]}, {""kind"": ""particle"", ""kana"": ""ですか""}]"
s785,"[254, 219, 173]",[269],"[{""kind"": ""word"", ""ja"": ""料理"", ""reading"": ""りょうり"", ""en"": ""cooking"", ""kanji"": [""料"", ""理""], ""targets"": [254, 219]}, {""kind"": ""particle"", ""kana"": ""に""}, {""kind"": ""word"", ""ja"": ""しょうゆ"", ""reading"": ""しょうゆ"", ""en"": ""soy sauce"", ""kanji"": [], ""targets"": [], ""kana_targets"": [269]}, {""kind"": ""particle"", ""kana"": ""を""}, {""kind"": ""word"", ""ja"": ""使います"", ""reading"": ""つかいます"", ""en"": ""use"", ""kanji"": [""使""], ""targets"": [173], ""lemma"": ""使う""}]"
s786,"[82, 58]",[227],"[{""kind"": ""word"", ""ja"": ""カフェ"", ""reading"": ""かふぇ"", ""en"": ""cafe"", ""kanji"": [], ""targets"": [], ""kana_targets"": [227]}, {""kind"": ""particle"", ""kana"": ""で""}, {""kind"": ""word"", ""ja"": ""お茶"", ""reading"": ""おちゃ"", ""en"": ""tea"", ""kanji"": [""茶""], ""targets"": [82]}, {""kind"": ""particle"", ""kana"": ""を""}, {""kind"": ""word"", ""ja"": ""飲みました"", ""reading"": ""のみました"", ""en"": ""drank"", ""kanji"": [""飲""], ""targets"": [58], ""lemma"": ""飲む""}]"
s787,"[82, 200]",[],"[{""kind"": ""word"", ""ja"": ""お茶"", ""reading"": ""おちゃ"", ""en"": ""tea"", ""kanji"": [""茶""], ""targets"": [82]}, {""kind"": ""particle"", ""kana"": ""を""}, {""kind"": ""word"", ""ja"": ""注ぎました"", ""reading"": ""そそぎました"", ""en"": ""poured"", ""kanji"": [""注""], ""targets"": [200], ""lemma"": ""注ぐ""}]"
s788,"[103, 80, 57]",[228],"[{""kind"": ""word"", ""ja"": ""ファミレス"", ""reading"": ""ふぁみれす"", ""en"": ""family restaurant"", ""kanji"": [], ""targets"": [], ""kana_targets"": [228]}, {""kind"": ""particle"", ""kana"": ""で""}, {""kind"": ""word"", ""ja"": ""鳥"", ""reading"": ""とり"", ""en"": ""chicken"", ""kanji"": [""鳥""], ""targets"": [103]}, {""kind"": ""word"", ""ja"": ""肉"", ""reading"": ""にく"", ""en"": ""meat"", ""kanji"": [""肉""], ""targets"": [80]}, {""kind"": ""particle"", ""kana"": ""を""}, {""kind"": ""word"", ""ja"": ""食べました"", ""reading"": ""たべました"", ""en"": ""ate"", ""kanji"": [""食""], ""targets"": [57], ""lemma"": ""食べる""}]"
s789,"[244, 280, 264, 258, 94, 54]",[],"[{""kind"": ""word"", ""ja"": ""空港"", ""reading"": ""くうこう"", ""en"": ""airport"", ""kanji"": [""空"", ""港""], ""targets"": [244, 280]}, {""kind"": ""particle"", ""kana"": ""まで""}, {""kind"": ""word"", ""ja"": ""自動車"", ""reading"": ""じどうしゃ"", ""en"": ""automobile"", ""kanji"": [""自"", ""動"", ""車""], ""targets"": [264, 258, 94]}, {""kind"": ""particle"", ""kana"": ""で""}, {""kind"": ""word"", ""ja"": ""行きます"", ""reading"": ""いきます"", ""en"": ""go"", ""kanji"": [""行""], ""targets"": [54], ""lemma"": ""行く""}]"
s790,"[264, 194, 94, 47, 144, 54]",[],"[{""kind"": ""word"", ""ja"": ""自転車"", ""reading"": ""じてんしゃ"", ""en"": ""bicycle"", ""kanji"": [""自"", ""転"", ""車""], ""targets"": [264, 194, 94]}, {""kind"": ""particle"", ""kana"": ""で""}, {""kind"": ""word"", ""ja"": ""駅前"", ""reading"": ""えきまえ"", ""en"": ""front of station"", ""kanji"": [""駅"", ""前""], ""targets"": [47, 144]}, {""kind"": ""particle"", ""kana"": ""まで""}, {""kind"": ""word"", ""ja"": ""行きます"", ""reading"": ""いきます"", ""en"": ""go"", ""kanji"": [""行""], ""targets"": [54], ""lemma"": ""行く""}]"
s791,"[95, 148]",[],"[{""kind"": ""word"", ""ja"": ""電気"", ""reading"": ""でんき"", ""en"": ""electricity"", ""kanji"": [""電"", ""気""], ""targets"": [95, 148]}, {""kind"": ""particle"", ""kana"": ""が""}, {""kind"": ""particle"", ""kana"": ""ありません""}]"
s792,"[164, 16, 122]",[],"[{""kind"": ""word"", ""ja"": ""夜"", ""reading"": ""よる"", ""en"": ""night"", ""kanji"": [""夜""], ""targets"": [164]}, {""kind"": ""word"", ""ja"": ""火事"", ""reading"": ""かじ"", ""en"": ""fire"", ""kanji"": [""火"", ""事""], ""targets"": [16, 122]}, {""kind"": ""particle"", ""kana"": ""が""}, {""kind"": ""word"", ""ja"": ""ありました"", ""reading"": ""ありました"", ""en"": ""there was"", ""kanji"": [], ""targets"": []}]"
s793,"[111, 277, 171]",[],"[{""kind"": ""word"", ""ja"": ""この"", ""reading"": ""この"", ""en"": ""this"", ""kanji"": [], ""targets"": []}, {""kind"": ""word"", ""ja"": ""機械"", ""reading"": ""きかい"", ""en"": ""machine"", ""kanji"": [""機"", ""械""], ""targets"": [111, 277]}, {""kind"": ""particle"", ""kana"": ""は""}, {""kind"": ""word"", ""ja"": ""古い"", ""reading"": ""ふるい"", ""en"": ""old"", ""kanji"": [""古""], ""targets"": [171]}, {""kind"": ""particle"", ""kana"": ""です""}]"
s794,"[34, 267, 295, 109, 42, 78]",[],"[{""kind"": ""word"", ""ja"": ""子供"", ""reading"": ""こども"", ""en"": ""child"", ""kanji"": [""子"", ""供""], ""targets"": [34, 267]}, {""kind"": ""particle"", ""kana"": ""は""}, {""kind"": ""word"", ""ja"": ""風船"", ""reading"": ""ふうせん"", ""en"": ""balloon"", ""kanji"": [""風"", ""船""], ""targets"": [295, 109]}, {""kind"": ""particle"", ""kana"": ""が""}, {""kind"": ""word"", ""ja"": ""大好き"", ""reading"": ""だいすき"", ""en"": ""loved"", ""kanji"": [""大"", ""好""], ""targets"": [42, 78]}, {""kind"": ""particle"", ""kana"": ""です""}]"
s795,"[28, 14, 173]",[220],"[{""kind"": ""word"", ""ja"": ""この"", ""reading"": ""この"", ""en"": ""this"", ""kanji"": [], ""targets"": []}, {""kind"": ""word"", ""ja"": ""ノート"", ""reading"": ""のーと"", ""en"": ""notebook"", ""kanji"": [], ""targets"": [], ""kana_targets"": [220]}, {""kind"": ""particle"", ""kana"": ""を""}, {""kind"": ""word"", ""ja"": ""毎日"", ""reading"": ""まいにち"", ""en"": ""every day"", ""kanji"": [""毎"", ""日""], ""targets"": [28, 14]}, {""kind"": ""word"", ""ja"": ""使います"", ""reading"": ""つかいます"", ""en"": ""use"", ""kanji"": [""使""], ""targets"": [173], ""lemma"": ""使う""}]"
s796,"[71, 63]",[],"[{""kind"": ""word"", ""ja"": ""本"", ""reading"": ""ほん"", ""en"": ""book"", ""kanji"": [""本""], ""targets"": [71]}, {""kind"": ""particle"", ""kana"": ""を""}, {""kind"": ""word"", ""ja"": ""読んで"", ""reading"": ""よんで"", ""en"": ""read"", ""kanji"": [""読""], ""targets"": [63], ""lemma"": ""読む""}, {""kind"": ""word"", ""ja"": ""ください"", ""reading"": ""ください"", ""en"": ""please"", ""kanji"": [], ""targets"": []}]"
s797,"[43, 287, 288, 99]",[],"[{""kind"": ""word"", ""ja"": ""この"", ""reading"": ""この"", ""en"": ""this"", ""kanji"": [], ""targets"": []}, {""kind"": ""word"", ""ja"": ""小説"", ""reading"": ""しょうせつ"", ""en"": ""novel"", ""kanji"": [""小"", ""説""], ""targets"": [43, 287]}, {""kind"": ""particle"", ""kana"": ""は""}, {""kind"": ""word"", ""ja"": ""面白い"", ""reading"": ""おもしろい"", ""en"": ""interesting"", ""kanji"": [""面"", ""白""], ""targets"": [288, 99]}, {""kind"": ""particle"", ""kana"": ""です""}]"
s798,"[77, 88, 152, 63]",[],"[{""kind"": ""word"", ""ja"": ""長い"", ""reading"": ""ながい"", ""en"": ""long"", ""kanji"": [""長""], ""targets"": [77]}, {""kind"": ""word"", ""ja"": ""物語"", ""reading"": ""ものがたり"", ""en"": ""tale"", ""kanji"": [""物"", ""語""], ""targets"": [88, 152]}, {""kind"": ""particle"", ""kana"": ""を""}, {""kind"": ""word"", ""ja"": ""読みました"", ""reading"": ""よみました"", ""en"": ""read"", ""kanji"": [""読""], ""targets"": [63], ""lemma"": ""読む""}]"
s799,"[42, 30, 12, 72]",[],"[{""kind"": ""word"", ""ja"": ""大人"", ""reading"": ""おとな"", ""en"": ""adult"", ""kanji"": [""大"", ""人""], ""targets"": [42, 30]}, {""kind"": ""particle"", ""kana"": ""は""}, {""kind"": ""word"", ""ja"": ""千円"", ""reading"": ""せんえん"", ""en"": ""1000 yen"", ""kanji"": [""千"", ""円""], ""targets"": [12, 72]}, {""kind"": ""particle"", ""kana"": ""です""}]"
s800,"[31, 36, 256]",[],"[{""kind"": ""word"", ""ja"": ""私たち"", ""reading"": ""わたしたち"", ""en"": ""we"", ""kanji"": [""私""], ""targets"": [31]}, {""kind"": ""particle"", ""kana"": ""は""}, {""kind"": ""word"", ""ja"": ""友達"", ""reading"": ""ともだち"", ""en"": ""friends"", ""kanji"": [""友"", ""達""], ""targets"": [36, 256]}, {""kind"": ""particle"", ""kana"": ""です""}]"
s801,"[133, 270, 240, 283, 187]",[],"[{""kind"": ""word"", ""ja"": ""両親"", ""reading"": ""りょうしん"", ""en"": ""parents"", ""kanji"": [""両"", ""親""], ""targets"": [133, 270]}, {""kind"": ""particle"", ""kana"": ""は""}, {""kind"": ""word"", ""ja"": ""田舎"", ""reading"": ""いなか"", ""en"": ""countryside"", ""kanji"": [""田"", ""舎""], ""targets"": [240, 283]}, {""kind"": ""particle"", ""kana"": ""に""}, {""kind"": ""word"", ""ja"": ""住んで"", ""reading"": ""すんで"", ""en"": ""live"", ""kanji"": [""住""], ""targets"": [187], ""lemma"": ""住む""}, {""kind"": ""word"", ""ja"": ""います"", ""reading"": ""います"", ""en"": ""is"", ""kanji"": [], ""targets"": []}]"
s802,"[37, 247, 269]",[],"[{""kind"": ""word"", ""ja"": ""父"", ""reading"": ""ちち"", ""en"": ""father"", ""kanji"": [""父""], ""targets"": [37]}, {""kind"": ""particle"", ""kana"": ""は""}, {""kind"": ""word"", ""ja"": ""医者"", ""reading"": ""いしゃ"", ""en"": ""doctor"", ""kanji"": [""医"", ""者""], ""targets"": [247, 269]}, {""kind"": ""particle"", ""kana"": ""です""}]"
s803,"[38, 247, 269]",[],"[{""kind"": ""word"", ""ja"": ""母"", ""reading"": ""はは"", ""en"": ""mother"", ""kanji"": [""母""], ""targets"": [38]}, {""kind"": ""particle"", ""kana"": ""は""}, {""kind"": ""word"", ""ja"": ""医者"", ""reading"": ""いしゃ"", ""en"": ""doctor"", ""kanji"": [""医"", ""者""], ""targets"": [247, 269]}, {""kind"": ""particle"", ""kana"": ""です""}]"
s804,"[281, 38, 222, 148]",[],"[{""kind"": ""word"", ""ja"": ""祖母"", ""reading"": ""そぼ"", ""en"": ""grandmother"", ""kanji"": [""祖"", ""母""], ""targets"": [281, 38]}, {""kind"": ""particle"", ""kana"": ""は""}, {""kind"": ""word"", ""ja"": ""元気"", ""reading"": ""げんき"", ""en"": ""well"", ""kanji"": [""元"", ""気""], ""targets"": [222, 148]}, {""kind"": ""particle"", ""kana"": ""です""}]"
s805,"[270, 36, 262, 54]",[],"[{""kind"": ""word"", ""ja"": ""親友"", ""reading"": ""しんゆう"", ""en"": ""best friend"", ""kanji"": [""親"", ""友""], ""targets"": [270, 36]}, {""kind"": ""particle"", ""kana"": ""と""}, {""kind"": ""word"", ""ja"": ""旅行"", ""reading"": ""りょこう"", ""en"": ""travel"", ""kanji"": [""旅"", ""行""], ""targets"": [262, 54]}, {""kind"": ""word"", ""ja"": ""します"", ""reading"": ""します"", ""en"": ""will do"", ""kanji"": [], ""targets"": []}]"
s806,"[273, 33, 220, 288, 158, 96, 98]",[],"[{""kind"": ""word"", ""ja"": ""彼女"", ""reading"": ""かのじょ"", ""en"": ""she"", ""kanji"": [""彼"", ""女""], ""targets"": [273, 33]}, {""kind"": ""particle"", ""kana"": ""は""}, {""kind"": ""word"", ""ja"": ""真面目"", ""reading"": ""まじめ"", ""en"": ""serious"", ""kanji"": [""真"", ""面"", ""目""], ""targets"": [220, 288, 158]}, {""kind"": ""particle"", ""kana"": ""な""}, {""kind"": ""word"", ""ja"": ""学生"", ""reading"": ""がくせい"", ""en"": ""student"", ""kanji"": [""学"", ""生""], ""targets"": [96, 98]}, {""kind"": ""particle"", ""kana"": ""です""}]"
s807,"[268, 77, 172]",[],"[{""kind"": ""word"", ""ja"": ""社長"", ""reading"": ""しゃちょう"", ""en"": ""company president"", ""kanji"": [""社"", ""長""], ""targets"": [268, 77]}, {""kind"": ""particle"", ""kana"": ""に""}, {""kind"": ""word"", ""ja"": ""会いました"", ""reading"": ""あいました"", ""en"": ""met"", ""kanji"": [""会""], ""targets"": [172], ""lemma"": ""会う""}]"
s808,"[50, 77, 66]",[],"[{""kind"": ""word"", ""ja"": ""店長"", ""reading"": ""てんちょう"", ""en"": ""store manager"", ""kanji"": [""店"", ""長""], ""targets"": [50, 77]}, {""kind"": ""particle"", ""kana"": ""と""}, {""kind"": ""word"", ""ja"": ""話しました"", ""reading"": ""はなしました"", ""en"": ""talked"", ""kanji"": [""話""], ""targets"": [66], ""lemma"": ""話す""}]"
s809,"[50, 260, 65]",[],"[{""kind"": ""word"", ""ja"": ""店員"", ""reading"": ""てんいん"", ""en"": ""clerk"", ""kanji"": [""店"", ""員""], ""targets"": [50, 260]}, {""kind"": ""particle"", ""kana"": ""に""}, {""kind"": ""word"", ""ja"": ""聞きました"", ""reading"": ""ききました"", ""en"": ""asked"", ""kanji"": [""聞""], ""targets"": [65], ""lemma"": ""聞く""}]"
s810,"[47, 260, 49, 65]",[],"[{""kind"": ""word"", ""ja"": ""駅員"", ""reading"": ""えきいん"", ""en"": ""station staff"", ""kanji"": [""駅"", ""員""], ""targets"": [47, 260]}, {""kind"": ""particle"", ""kana"": ""に""}, {""kind"": ""word"", ""ja"": ""道"", ""reading"": ""みち"", ""en"": ""way"", ""kanji"": [""道""], ""targets"": [49]}, {""kind"": ""particle"", ""kana"": ""を""}, {""kind"": ""word"", ""ja"": ""聞きました"", ""reading"": ""ききました"", ""en"": ""asked"", ""kanji"": [""聞""], ""targets"": [65], ""lemma"": ""聞く""}]"
s811,"[50, 144, 68, 259]",[],"[{""kind"": ""word"", ""ja"": ""お店"", ""reading"": ""おみせ"", ""en"": ""store"", ""kanji"": [""店""], ""targets"": [50]}, {""kind"": ""particle"", ""kana"": ""の""}, {""kind"": ""word"", ""ja"": ""前"", ""reading"": ""まえ"", ""en"": ""front"", ""kanji"": [""前""], ""targets"": [144]}, {""kind"": ""particle"", ""kana"": ""で""}, {""kind"": ""word"", ""ja"": ""待ち合わせ"", ""reading"": ""まちあわせ"", ""en"": ""meeting up"", ""kanji"": [""待"", ""合""], ""targets"": [68, 259]}, {""kind"": ""word"", ""ja"": ""します"", ""reading"": ""します"", ""en"": ""do"", ""kanji"": [], ""targets"": []}]"
s812,"[140, 239, 62]",[65],"[{""kind"": ""word"", ""ja"": ""東京"", ""reading"": ""とうきょう"", ""en"": ""Tokyo"", ""kanji"": [""東"", ""京""], ""targets"": [140, 239]}, {""kind"": ""particle"", ""kana"": ""で""}, {""kind"": ""word"", ""ja"": ""かばん"", ""reading"": ""かばん"", ""en"": ""bag"", ""kanji"": [], ""targets"": [], ""kana_targets"": [65]}, {""kind"": ""particle"", ""kana"": ""を""}, {""kind"": ""word"", ""ja"": ""買いました"", ""reading"": ""かいました"", ""en"": ""bought"", ""kanji"": [""買""], ""targets"": [62], ""lemma"": ""買う""}]"
s813,"[167, 284, 16, 56]",[],"[{""kind"": ""word"", ""ja"": ""夏"", ""reading"": ""なつ"", ""en"": ""summer"", ""kanji"": [""夏""], ""targets"": [167]}, {""kind"": ""particle"", ""kana"": ""に""}, {""kind"": ""word"", ""ja"": ""花火"", ""reading"": ""はなび"", ""en"": ""fireworks"", ""kanji"": [""花"", ""火""], ""targets"": [284, 16]}, {""kind"": ""particle"", ""kana"": ""を""}, {""kind"": ""word"", ""ja"": ""見ました"", ""reading"": ""みました"", ""en"": ""saw"", ""kanji"": [""見""], ""targets"": [56], ""lemma"": ""見る""}]"
s814,"[166, 284, 56]",[],"[{""kind"": ""word"", ""ja"": ""春"", ""reading"": ""はる"", ""en"": ""spring"", ""kanji"": [""春""], ""targets"": [166]}, {""kind"": ""particle"", ""kana"": ""に""}, {""kind"": ""word"", ""ja"": ""花見"", ""reading"": ""はなみ"", ""en"": ""flower viewing"", ""kanji"": [""花"", ""見""], ""targets"": [284, 56]}, {""kind"": ""particle"", ""kana"": ""を""}, {""kind"": ""word"", ""ja"": ""します"", ""reading"": ""します"", ""en"": ""do"", ""kanji"": [], ""targets"": []}]"
s815,"[168, 15, 56]",[],"[{""kind"": ""word"", ""ja"": ""秋"", ""reading"": ""あき"", ""en"": ""autumn"", ""kanji"": [""秋""], ""targets"": [168]}, {""kind"": ""particle"", ""kana"": ""に""}, {""kind"": ""word"", ""ja"": ""月見"", ""reading"": ""つきみ"", ""en"": ""moon viewing"", ""kanji"": [""月"", ""見""], ""targets"": [15, 56]}, {""kind"": ""particle"", ""kana"": ""を""}, {""kind"": ""word"", ""ja"": ""します"", ""reading"": ""します"", ""en"": ""do"", ""kanji"": [], ""targets"": []}]"
s816,"[254, 219, 191]",[],"[{""kind"": ""word"", ""ja"": ""料理"", ""reading"": ""りょうり"", ""en"": ""cooking"", ""kanji"": [""料"", ""理""], ""targets"": [254, 219]}, {""kind"": ""particle"", ""kana"": ""を""}, {""kind"": ""word"", ""ja"": ""習って"", ""reading"": ""ならって"", ""en"": ""learn"", ""kanji"": [""習""], ""targets"": [191], ""lemma"": ""習う""}, {""kind"": ""word"", ""ja"": ""います"", ""reading"": ""います"", ""en"": ""is"", ""kanji"": [], ""targets"": []}]"
s817,"[36, 256, 262, 54]",[],"[{""kind"": ""word"", ""ja"": ""友達"", ""reading"": ""ともだち"", ""en"": ""friend"", ""kanji"": [""友"", ""達""], ""targets"": [36, 256]}, {""kind"": ""particle"", ""kana"": ""と""}, {""kind"": ""word"", ""ja"": ""旅行"", ""reading"": ""りょこう"", ""en"": ""travel"", ""kanji"": [""旅"", ""行""], ""targets"": [262, 54]}, {""kind"": ""word"", ""ja"": ""します"", ""reading"": ""します"", ""en"": ""will do"", ""kanji"": [], ""targets"": []}]"
s818,"[45, 69]",[],"[{""kind"": ""particle"", ""kana"": ""あの""}, {""kind"": ""word"", ""ja"": ""山"", ""reading"": ""やま"", ""en"": ""mountain"", ""kanji"": [""山""], ""targets"": [45]}, {""kind"": ""particle"", ""kana"": ""は""}, {""kind"": ""word"", ""ja"": ""高い"", ""reading"": ""たかい"", ""en"": ""tall"", ""kanji"": [""高""], ""targets"": [69]}, {""kind"": ""particle"", ""kana"": ""です""}]"
s819,"[183, 49]",[],"[{""kind"": ""word"", ""ja"": ""歩道"", ""reading"": ""ほどう"", ""en"": ""sidewalk"", ""kanji"": [""歩"", ""道""], ""targets"": [183, 49]}, {""kind"": ""particle"", ""kana"": ""を""}, {""kind"": ""word"", ""ja"": ""歩きましょう"", ""reading"": ""あるきましょう"", ""en"": ""let's walk"", ""kanji"": [""歩""], ""targets"": [183], ""lemma"": ""歩く""}]"
s820,"[47, 183, 54]",[],"[{""kind"": ""word"", ""ja"": ""駅"", ""reading"": ""えき"", ""en"": ""station"", ""kanji"": [""駅""], ""targets"": [47]}, {""kind"": ""particle"", ""kana"": ""まで""}, {""kind"": ""word"", ""ja"": ""歩いて"", ""reading"": ""あるいて"", ""en"": ""on foot"", ""kanji"": [""歩""], ""targets"": [183], ""lemma"": ""歩く""}, {""kind"": ""word"", ""ja"": ""行きます"", ""reading"": ""いきます"", ""en"": ""go"", ""kanji"": [""行""], ""targets"": [54], ""lemma"": ""行く""}]"
s821,"[192, 94, 75]",[],"[{""kind"": ""word"", ""ja"": ""この"", ""reading"": ""この"", ""en"": ""this"", ""kanji"": [], ""targets"": []}, {""kind"": ""word"", ""ja"": ""通り"", ""reading"": ""とおり"", ""en"": ""street"", ""kanji"": [""通""], ""targets"": [192]}, {""kind"": ""particle"", ""kana"": ""は""}, {""kind"": ""word"", ""ja"": ""車"", ""reading"": ""くるま"", ""en"": ""cars"", ""kanji"": [""車""], ""targets"": [94]}, {""kind"": ""particle"", ""kana"": ""が""}, {""kind"": ""word"", ""ja"": ""多い"", ""reading"": ""おおい"", ""en"": ""heavy"", ""kanji"": [""多""], ""targets"": [75]}, {""kind"": ""particle"", ""kana"": ""です""}]"
s822,"[32, 30, 14, 71]",[],"[{""kind"": ""word"", ""ja"": ""その"", ""reading"": ""その"", ""en"": ""that"", ""kanji"": [], ""targets"": []}, {""kind"": ""word"", ""ja"": ""男"", ""reading"": ""おとこ"", ""en"": ""man"", ""kanji"": [""男""], ""targets"": [32]}, {""kind"": ""particle"", ""kana"": ""の""}, {""kind"": ""word"", ""ja"": ""人"", ""reading"": ""ひと"", ""en"": ""person"", ""kanji"": [""人""], ""targets"": [30]}, {""kind"": ""particle"", ""kana"": ""は""}, {""kind"": ""word"", ""ja"": ""日本人"", ""reading"": ""にほんじん"", ""en"": ""Japanese person"", ""kanji"": [""日"", ""本"", ""人""], ""targets"": [14, 71, 30]}, {""kind"": ""particle"", ""kana"": ""です""}]"
s823,"[187, 124, 64]",[],"[{""kind"": ""word"", ""ja"": ""ここ"", ""reading"": ""ここ"", ""en"": ""here"", ""kanji"": [], ""targets"": []}, {""kind"": ""particle"", ""kana"": ""に""}, {""kind"": ""word"", ""ja"": ""住所"", ""reading"": ""じゅうしょ"", ""en"": ""address"", ""kanji"": [""住"", ""所""], ""targets"": [187, 124]}, {""kind"": ""particle"", ""kana"": ""を""}, {""kind"": ""word"", ""ja"": ""書いて"", ""reading"": ""かいて"", ""en"": ""write"", ""kanji"": [""書""], ""targets"": [64], ""lemma"": ""書く""}, {""kind"": ""word"", ""ja"": ""ください"", ""reading"": ""ください"", ""en"": ""please"", ""kanji"": [], ""targets"": []}]"
s824,"[48, 187, 278, 75]",[],"[{""kind"": ""word"", ""ja"": ""この"", ""reading"": ""この"", ""en"": ""this"", ""kanji"": [], ""targets"": []}, {""kind"": ""word"", ""ja"": ""町"", ""reading"": ""まち"", ""en"": ""town"", ""kanji"": [""町""], ""targets"": [48]}, {""kind"": ""particle"", ""kana"": ""は""}, {""kind"": ""word"", ""ja"": ""住民"", ""reading"": ""じゅうみん"", ""en"": ""residents"", ""kanji"": [""住"", ""民""], ""targets"": [187, 278]}, {""kind"": ""particle"", ""kana"": ""が""}, {""kind"": ""word"", ""ja"": ""多い"", ""reading"": ""おおい"", ""en"": ""many"", ""kanji"": [""多""], ""targets"": [75]}, {""kind"": ""particle"", ""kana"": ""です""}]"
s825,"[248, 152, 172, 66, 202, 203]",[],"[{""kind"": ""word"", ""ja"": ""英語"", ""reading"": ""えいご"", ""en"": ""English"", ""kanji"": [""英"", ""語""], ""targets"": [248, 152]}, {""kind"": ""particle"", ""kana"": ""で""}, {""kind"": ""word"", ""ja"": ""会話"", ""reading"": ""かいわ"", ""en"": ""conversation"", ""kanji"": [""会"", ""話""], ""targets"": [172, 66]}, {""kind"": ""particle"", ""kana"": ""を""}, {""kind"": ""word"", ""ja"": ""勉強"", ""reading"": ""べんきょう"", ""en"": ""study"", ""kanji"": [""勉"", ""強""], ""targets"": [202, 203]}, {""kind"": ""word"", ""ja"": ""します"", ""reading"": ""します"", ""en"": ""will do"", ""kanji"": [], ""targets"": []}]"
s826,"[192, 125, 253, 122]",[],"[{""kind"": ""word"", ""ja"": ""通訳"", ""reading"": ""つうやく"", ""en"": ""interpreting"", ""kanji"": [""通"", ""訳""], ""targets"": [192, 125]}, {""kind"": ""particle"", ""kana"": ""の""}, {""kind"": ""word"", ""ja"": ""仕事"", ""reading"": ""しごと"", ""en"": ""job"", ""kanji"": [""仕"", ""事""], ""targets"": [253, 122]}, {""kind"": ""particle"", ""kana"": ""を""}, {""kind"": ""word"", ""ja"": ""しています"", ""reading"": ""しています"", ""en"": ""is doing"", ""kanji"": [], ""targets"": []}]"
s827,"[146, 98, 88, 177]",[],"[{""kind"": ""word"", ""ja"": ""先生"", ""reading"": ""せんせい"", ""en"": ""teacher"", ""kanji"": [""先"", ""生""], ""targets"": [146, 98]}, {""kind"": ""particle"", ""kana"": ""は""}, {""kind"": ""word"", ""ja"": ""物知り"", ""reading"": ""ものしり"", ""en"": ""knowledgeable person"", ""kanji"": [""物"", ""知""], ""targets"": [88, 177]}, {""kind"": ""particle"", ""kana"": ""です""}]"
s828,"[202, 203]",[],"[{""kind"": ""word"", ""ja"": ""いい"", ""reading"": ""いい"", ""en"": ""good"", ""kanji"": [], ""targets"": []}, {""kind"": ""word"", ""ja"": ""勉強"", ""reading"": ""べんきょう"", ""en"": ""a good lesson"", ""kanji"": [""勉"", ""強""], ""targets"": [202, 203]}, {""kind"": ""particle"", ""kana"": ""に""}, {""kind"": ""word"", ""ja"": ""なりました"", ""reading"": ""なりました"", ""en"": ""became"", ""kanji"": [], ""targets"": []}]"
s829,"[235, 236, 199, 56]",[],"[{""kind"": ""word"", ""ja"": ""試験"", ""reading"": ""しけん"", ""en"": ""exam"", ""kanji"": [""試"", ""験""], ""targets"": [235, 236]}, {""kind"": ""particle"", ""kana"": ""の""}, {""kind"": ""word"", ""ja"": ""答え"", ""reading"": ""こたえ"", ""en"": ""answers"", ""kanji"": [""答""], ""targets"": [199]}, {""kind"": ""particle"", ""kana"": ""を""}, {""kind"": ""word"", ""ja"": ""見ました"", ""reading"": ""みました"", ""en"": ""saw"", ""kanji"": [""見""], ""targets"": [56], ""lemma"": ""見る""}]"
s830,"[153, 237, 238, 269]",[],"[{""kind"": ""word"", ""ja"": ""兄"", ""reading"": ""あに"", ""en"": ""older brother"", ""kanji"": [""兄""], ""targets"": [153]}, {""kind"": ""particle"", ""kana"": ""は""}, {""kind"": ""word"", ""ja"": ""研究者"", ""reading"": ""けんきゅうしゃ"", ""en"": ""researcher"", ""kanji"": [""研"", ""究"", ""者""], ""targets"": [237, 238, 269]}, {""kind"": ""particle"", ""kana"": ""です""}]"
s831,"[14, 71, 59, 265, 254, 219, 96]",[],"[{""kind"": ""word"", ""ja"": ""日本"", ""reading"": ""にほん"", ""en"": ""Japan"", ""kanji"": [""日"", ""本""], ""targets"": [14, 71]}, {""kind"": ""particle"", ""kana"": ""の""}, {""kind"": ""word"", ""ja"": ""言葉"", ""reading"": ""ことば"", ""en"": ""language"", ""kanji"": [""言"", ""葉""], ""targets"": [59, 265]}, {""kind"": ""particle"", ""kana"": ""と""}, {""kind"": ""word"", ""ja"": ""料理"", ""reading"": ""りょうり"", ""en"": ""cooking"", ""kanji"": [""料"", ""理""], ""targets"": [254, 219]}, {""kind"": ""particle"", ""kana"": ""を""}, {""kind"": ""word"", ""ja"": ""学びます"", ""reading"": ""まなびます"", ""en"": ""learn"", ""kanji"": [""学""], ""targets"": [96], ""lemma"": ""学ぶ""}]"
s832,"[51, 274, 42, 113]",[],"[{""kind"": ""word"", ""ja"": ""家族"", ""reading"": ""かぞく"", ""en"": ""family"", ""kanji"": [""家"", ""族""], ""targets"": [51, 274]}, {""kind"": ""particle"", ""kana"": ""は""}, {""kind"": ""word"", ""ja"": ""大切"", ""reading"": ""たいせつ"", ""en"": ""important"", ""kanji"": [""大"", ""切""], ""targets"": [42, 113]}, {""kind"": ""particle"", ""kana"": ""です""}]"
s833,"[146, 14, 292, 295]",[],"[{""kind"": ""word"", ""ja"": ""先日"", ""reading"": ""せんじつ"", ""en"": ""the other day"", ""kanji"": [""先"", ""日""], ""targets"": [146, 14]}, {""kind"": ""word"", ""ja"": ""台風"", ""reading"": ""たいふう"", ""en"": ""typhoon"", ""kanji"": [""台"", ""風""], ""targets"": [292, 295]}, {""kind"": ""particle"", ""kana"": ""が""}, {""kind"": ""word"", ""ja"": ""ありました"", ""reading"": ""ありました"", ""en"": ""there was"", ""kanji"": [], ""targets"": []}]"
s834,"[149, 95, 94, 184]",[],"[{""kind"": ""word"", ""ja"": ""雨"", ""reading"": ""あめ"", ""en"": ""rain"", ""kanji"": [""雨""], ""targets"": [149]}, {""kind"": ""particle"", ""kana"": ""で""}, {""kind"": ""word"", ""ja"": ""電車"", ""reading"": ""でんしゃ"", ""en"": ""train"", ""kanji"": [""電"", ""車""], ""targets"": [95, 94]}, {""kind"": ""particle"", ""kana"": ""が""}, {""kind"": ""word"", ""ja"": ""止まりました"", ""reading"": ""とまりました"", ""en"": ""stopped"", ""kanji"": [""止""], ""targets"": [184], ""lemma"": ""止まる""}]"
s835,[199],[],"[{""kind"": ""word"", ""ja"": ""まだ"", ""reading"": ""まだ"", ""en"": ""still"", ""kanji"": [], ""targets"": []}, {""kind"": ""word"", ""ja"": ""答え"", ""reading"": ""こたえ"", ""en"": ""answer"", ""kanji"": [""答""], ""targets"": [199]}, {""kind"": ""particle"", ""kana"": ""が""}, {""kind"": ""particle"", ""kana"": ""ありません""}]"
s836,"[47, 226, 227, 56]",[],"[{""kind"": ""word"", ""ja"": ""駅"", ""reading"": ""えき"", ""en"": ""station"", ""kanji"": [""駅""], ""targets"": [47]}, {""kind"": ""particle"", ""kana"": ""で""}, {""kind"": ""word"", ""ja"": ""地図"", ""reading"": ""ちず"", ""en"": ""map"", ""kanji"": [""地"", ""図""], ""targets"": [226, 227]}, {""kind"": ""particle"", ""kana"": ""を""}, {""kind"": ""word"", ""ja"": ""見ました"", ""reading"": ""みました"", ""en"": ""saw"", ""kanji"": [""見""], ""targets"": [56], ""lemma"": ""見る""}]"
s837,"[273, 33, 270, 113]",[],"[{""kind"": ""word"", ""ja"": ""彼女"", ""reading"": ""かのじょ"", ""en"": ""she"", ""kanji"": [""彼"", ""女""], ""targets"": [273, 33]}, {""kind"": ""particle"", ""kana"": ""は""}, {""kind"": ""word"", ""ja"": ""親切"", ""reading"": ""しんせつ"", ""en"": ""kind"", ""kanji"": [""親"", ""切""], ""targets"": [270, 113]}, {""kind"": ""particle"", ""kana"": ""です""}]"
s838,"[262, 54, 291, 294, 73]",[],"[{""kind"": ""word"", ""ja"": ""旅行"", ""reading"": ""りょこう"", ""en"": ""trip"", ""kanji"": [""旅"", ""行""], ""targets"": [262, 54]}, {""kind"": ""particle"", ""kana"": ""の""}, {""kind"": ""word"", ""ja"": ""計画"", ""reading"": ""けいかく"", ""en"": ""plan"", ""kanji"": [""計"", ""画""], ""targets"": [291, 294]}, {""kind"": ""particle"", ""kana"": ""は""}, {""kind"": ""word"", ""ja"": ""何"", ""reading"": ""なん"", ""en"": ""what"", ""kanji"": [""何""], ""targets"": [73]}, {""kind"": ""particle"", ""kana"": ""ですか""}]"
s839,"[37, 159, 290]",[],"[{""kind"": ""word"", ""ja"": ""父"", ""reading"": ""ちち"", ""en"": ""father"", ""kanji"": [""父""], ""targets"": [37]}, {""kind"": ""particle"", ""kana"": ""は""}, {""kind"": ""word"", ""ja"": ""体力"", ""reading"": ""たいりょく"", ""en"": ""physical strength"", ""kanji"": [""体"", ""力""], ""targets"": [159, 290]}, {""kind"": ""particle"", ""kana"": ""が""}, {""kind"": ""word"", ""ja"": ""あります"", ""reading"": ""あります"", ""en"": ""has"", ""kanji"": [], ""targets"": []}]"
s840,"[213, 219]",[],"[{""kind"": ""word"", ""ja"": ""無理"", ""reading"": ""むり"", ""en"": ""overdoing it"", ""kanji"": [""無"", ""理""], ""targets"": [213, 219]}, {""kind"": ""word"", ""ja"": ""しないで"", ""reading"": ""しないで"", ""en"": ""don't do"", ""kanji"": [], ""targets"": []}, {""kind"": ""word"", ""ja"": ""ください"", ""reading"": ""ください"", ""en"": ""please"", ""kanji"": [], ""targets"": []}]"
s841,"[74, 161]",[],"[{""kind"": ""word"", ""ja"": ""これ"", ""reading"": ""これ"", ""en"": ""this"", ""kanji"": [], ""targets"": []}, {""kind"": ""particle"", ""kana"": ""で""}, {""kind"": ""word"", ""ja"": ""安心"", ""reading"": ""あんしん"", ""en"": ""relief"", ""kanji"": [""安"", ""心""], ""targets"": [74, 161]}, {""kind"": ""word"", ""ja"": ""しました"", ""reading"": ""しました"", ""en"": ""did"", ""kanji"": [], ""targets"": []}]"
s842,"[74, 127, 71, 272, 42, 113]",[],"[{""kind"": ""word"", ""ja"": ""安全"", ""reading"": ""あんぜん"", ""en"": ""safety"", ""kanji"": [""安"", ""全""], ""targets"": [74, 127]}, {""kind"": ""particle"", ""kana"": ""は""}, {""kind"": ""word"", ""ja"": ""本当"", ""reading"": ""ほんとう"", ""en"": ""truly"", ""kanji"": [""本"", ""当""], ""targets"": [71, 272]}, {""kind"": ""particle"", ""kana"": ""に""}, {""kind"": ""word"", ""ja"": ""大切"", ""reading"": ""たいせつ"", ""en"": ""important"", ""kanji"": [""大"", ""切""], ""targets"": [42, 113]}, {""kind"": ""particle"", ""kana"": ""です""}]"
s843,"[17, 49, 58]",[],"[{""kind"": ""word"", ""ja"": ""水道"", ""reading"": ""すいどう"", ""en"": ""water supply"", ""kanji"": [""水"", ""道""], ""targets"": [17, 49]}, {""kind"": ""particle"", ""kana"": ""の""}, {""kind"": ""word"", ""ja"": ""水"", ""reading"": ""みず"", ""en"": ""water"", ""kanji"": [""水""], ""targets"": [17]}, {""kind"": ""particle"", ""kana"": ""を""}, {""kind"": ""word"", ""ja"": ""飲みます"", ""reading"": ""のみます"", ""en"": ""drink"", ""kanji"": [""飲""], ""targets"": [58], ""lemma"": ""飲む""}]"
s844,"[221, 254]",[],"[{""kind"": ""word"", ""ja"": ""ここ"", ""reading"": ""ここ"", ""en"": ""here"", ""kanji"": [], ""targets"": []}, {""kind"": ""particle"", ""kana"": ""は""}, {""kind"": ""word"", ""ja"": ""有料"", ""reading"": ""ゆうりょう"", ""en"": ""paid"", ""kanji"": [""有"", ""料""], ""targets"": [221, 254]}, {""kind"": ""particle"", ""kana"": ""です""}]"
s845,"[263, 207, 149, 75]",[],"[{""kind"": ""word"", ""ja"": ""最近"", ""reading"": ""さいきん"", ""en"": ""recently"", ""kanji"": [""最"", ""近""], ""targets"": [263, 207]}, {""kind"": ""word"", ""ja"": ""雨"", ""reading"": ""あめ"", ""en"": ""rain"", ""kanji"": [""雨""], ""targets"": [149]}, {""kind"": ""particle"", ""kana"": ""が""}, {""kind"": ""word"", ""ja"": ""多い"", ""reading"": ""おおい"", ""en"": ""frequent"", ""kanji"": [""多""], ""targets"": [75]}, {""kind"": ""particle"", ""kana"": ""です""}]"
s846,"[24, 14, 263, 69, 147, 148]",[],"[{""kind"": ""word"", ""ja"": ""今日"", ""reading"": ""きょう"", ""en"": ""today"", ""kanji"": [""今"", ""日""], ""targets"": [24, 14]}, {""kind"": ""particle"", ""kana"": ""は""}, {""kind"": ""word"", ""ja"": ""最高"", ""reading"": ""さいこう"", ""en"": ""the best"", ""kanji"": [""最"", ""高""], ""targets"": [263, 69]}, {""kind"": ""particle"", ""kana"": ""の""}, {""kind"": ""word"", ""ja"": ""天気"", ""reading"": ""てんき"", ""en"": ""weather"", ""kanji"": [""天"", ""気""], ""targets"": [147, 148]}, {""kind"": ""particle"", ""kana"": ""です""}]"
s847,"[263, 145, 234, 233]",[],"[{""kind"": ""word"", ""ja"": ""これ"", ""reading"": ""これ"", ""en"": ""this"", ""kanji"": [], ""targets"": []}, {""kind"": ""particle"", ""kana"": ""が""}, {""kind"": ""word"", ""ja"": ""最後"", ""reading"": ""さいご"", ""en"": ""last"", ""kanji"": [""最"", ""後""], ""targets"": [263, 145]}, {""kind"": ""particle"", ""kana"": ""の""}, {""kind"": ""word"", ""ja"": ""問題"", ""reading"": ""もんだい"", ""en"": ""question"", ""kanji"": [""問"", ""題""], ""targets"": [234, 233]}, {""kind"": ""particle"", ""kana"": ""です""}]"
s848,"[263, 181, 95, 94, 26, 259]",[],"[{""kind"": ""word"", ""ja"": ""最終"", ""reading"": ""さいしゅう"", ""en"": ""last"", ""kanji"": [""最"", ""終""], ""targets"": [263, 181]}, {""kind"": ""particle"", ""kana"": ""の""}, {""kind"": ""word"", ""ja"": ""電車"", ""reading"": ""でんしゃ"", ""en"": ""train"", ""kanji"": [""電"", ""車""], ""targets"": [95, 94]}, {""kind"": ""particle"", ""kana"": ""に""}, {""kind"": ""word"", ""ja"": ""間に合いました"", ""reading"": ""まにあいました"", ""en"": ""was in time"", ""kanji"": [""間"", ""合""], ""targets"": [26, 259], ""lemma"": ""間に合う""}]"
s849,"[287, 209, 65]",[],"[{""kind"": ""word"", ""ja"": ""説明"", ""reading"": ""せつめい"", ""en"": ""explanation"", ""kanji"": [""説"", ""明""], ""targets"": [287, 209]}, {""kind"": ""particle"", ""kana"": ""を""}, {""kind"": ""word"", ""ja"": ""よく"", ""reading"": ""よく"", ""en"": ""well"", ""kanji"": [], ""targets"": []}, {""kind"": ""word"", ""ja"": ""聞いて"", ""reading"": ""きいて"", ""en"": ""listen"", ""kanji"": [""聞""], ""targets"": [65], ""lemma"": ""聞く""}, {""kind"": ""word"", ""ja"": ""ください"", ""reading"": ""ください"", ""en"": ""please"", ""kanji"": [], ""targets"": []}]"
s850,"[125, 232]",[],"[{""kind"": ""word"", ""ja"": ""訳"", ""reading"": ""わけ"", ""en"": ""reason"", ""kanji"": [""訳""], ""targets"": [125]}, {""kind"": ""particle"", ""kana"": ""を""}, {""kind"": ""word"", ""ja"": ""教えて"", ""reading"": ""おしえて"", ""en"": ""tell"", ""kanji"": [""教""], ""targets"": [232], ""lemma"": ""教える""}, {""kind"": ""word"", ""ja"": ""ください"", ""reading"": ""ください"", ""en"": ""please"", ""kanji"": [], ""targets"": []}]"
s851,"[218, 104, 219, 286]",[],"[{""kind"": ""word"", ""ja"": ""意味"", ""reading"": ""いみ"", ""en"": ""meaning"", ""kanji"": [""意"", ""味""], ""targets"": [218, 104]}, {""kind"": ""particle"", ""kana"": ""を""}, {""kind"": ""word"", ""ja"": ""理解"", ""reading"": ""りかい"", ""en"": ""understood"", ""kanji"": [""理"", ""解""], ""targets"": [219, 286]}, {""kind"": ""particle"", ""kana"": ""しました""}]"
s852,"[252, 121]",[173],"[{""kind"": ""word"", ""ja"": ""部屋"", ""reading"": ""へや"", ""en"": ""room"", ""kanji"": [""部"", ""屋""], ""targets"": [252, 121]}, {""kind"": ""particle"", ""kana"": ""に""}, {""kind"": ""word"", ""ja"": ""ベッド"", ""reading"": ""べっど"", ""en"": ""bed"", ""kanji"": [], ""targets"": [], ""kana_targets"": [173]}, {""kind"": ""particle"", ""kana"": ""が""}, {""kind"": ""particle"", ""kana"": ""ありません""}]"
s853,"[227, 64, 228, 173, 214, 213, 254]",[],"[{""kind"": ""word"", ""ja"": ""図書館"", ""reading"": ""としょかん"", ""en"": ""library"", ""kanji"": [""図"", ""書"", ""館""], ""targets"": [227, 64, 228]}, {""kind"": ""particle"", ""kana"": ""の""}, {""kind"": ""word"", ""ja"": ""使用"", ""reading"": ""しよう"", ""en"": ""use"", ""kanji"": [""使"", ""用""], ""targets"": [173, 214]}, {""kind"": ""particle"", ""kana"": ""は""}, {""kind"": ""word"", ""ja"": ""無料"", ""reading"": ""むりょう"", ""en"": ""free"", ""kanji"": [""無"", ""料""], ""targets"": [213, 254]}, {""kind"": ""particle"", ""kana"": ""です""}]"
s854,"[56, 62]",[154],"[{""kind"": ""word"", ""ja"": ""カタログ"", ""reading"": ""かたろぐ"", ""en"": ""catalog"", ""kanji"": [], ""targets"": [], ""kana_targets"": [154]}, {""kind"": ""particle"", ""kana"": ""を""}, {""kind"": ""word"", ""ja"": ""見て"", ""reading"": ""みて"", ""en"": ""see"", ""kanji"": [""見""], ""targets"": [56], ""lemma"": ""見る""}, {""kind"": ""word"", ""ja"": ""買いました"", ""reading"": ""かいました"", ""en"": ""bought"", ""kanji"": [""買""], ""targets"": [62], ""lemma"": ""買う""}]"
s855,"[17, 42, 113]",[],"[{""kind"": ""word"", ""ja"": ""水"", ""reading"": ""みず"", ""en"": ""water"", ""kanji"": [""水""], ""targets"": [17]}, {""kind"": ""particle"", ""kana"": ""を""}, {""kind"": ""word"", ""ja"": ""大切"", ""reading"": ""たいせつ"", ""en"": ""precious"", ""kanji"": [""大"", ""切""], ""targets"": [42, 113]}, {""kind"": ""particle"", ""kana"": ""に""}, {""kind"": ""particle"", ""kana"": ""しましょう""}]"
s856,"[208, 286]",[],"[{""kind"": ""word"", ""ja"": ""それ"", ""reading"": ""それ"", ""en"": ""that"", ""kanji"": [], ""targets"": []}, {""kind"": ""particle"", ""kana"": ""が""}, {""kind"": ""word"", ""ja"": ""正解"", ""reading"": ""せいかい"", ""en"": ""correct answer"", ""kanji"": [""正"", ""解""], ""targets"": [208, 286]}, {""kind"": ""particle"", ""kana"": ""です""}]"
s857,"[251, 289, 66]",[],"[{""kind"": ""word"", ""ja"": ""きれい"", ""reading"": ""きれい"", ""en"": ""pretty"", ""kanji"": [], ""targets"": []}, {""kind"": ""particle"", ""kana"": ""な""}, {""kind"": ""word"", ""ja"": ""発音"", ""reading"": ""はつおん"", ""en"": ""pronunciation"", ""kanji"": [""発"", ""音""], ""targets"": [251, 289]}, {""kind"": ""particle"", ""kana"": ""で""}, {""kind"": ""word"", ""ja"": ""話します"", ""reading"": ""はなします"", ""en"": ""speak"", ""kanji"": [""話""], ""targets"": [66], ""lemma"": ""話す""}]"
s858,"[209, 14, 235, 236]",[],"[{""kind"": ""word"", ""ja"": ""明日"", ""reading"": ""あした"", ""en"": ""tomorrow"", ""kanji"": [""明"", ""日""], ""targets"": [209, 14]}, {""kind"": ""word"", ""ja"": ""試験"", ""reading"": ""しけん"", ""en"": ""exam"", ""kanji"": [""試"", ""験""], ""targets"": [235, 236]}, {""kind"": ""particle"", ""kana"": ""が""}, {""kind"": ""word"", ""ja"": ""あります"", ""reading"": ""あります"", ""en"": ""there is"", ""kanji"": [], ""targets"": []}]"
s859,"[172, 268, 183, 54]",[],"[{""kind"": ""word"", ""ja"": ""会社"", ""reading"": ""かいしゃ"", ""en"": ""company"", ""kanji"": [""会"", ""社""], ""targets"": [172, 268]}, {""kind"": ""particle"", ""kana"": ""まで""}, {""kind"": ""word"", ""ja"": ""歩いて"", ""reading"": ""あるいて"", ""en"": ""walk"", ""kanji"": [""歩""], ""targets"": [183], ""lemma"": ""歩く""}, {""kind"": ""word"", ""ja"": ""行きます"", ""reading"": ""いきます"", ""en"": ""go"", ""kanji"": [""行""], ""targets"": [54], ""lemma"": ""行く""}]"
s860,"[24, 164, 15]",[],"[{""kind"": ""word"", ""ja"": ""今夜"", ""reading"": ""こんや"", ""en"": ""tonight"", ""kanji"": [""今"", ""夜""], ""targets"": [24, 164]}, {""kind"": ""particle"", ""kana"": ""は""}, {""kind"": ""word"", ""ja"": ""月"", ""reading"": ""つき"", ""en"": ""moon"", ""kanji"": [""月""], ""targets"": [15]}, {""kind"": ""particle"", ""kana"": ""が""}, {""kind"": ""word"", ""ja"": ""きれい"", ""reading"": ""きれい"", ""en"": ""beautiful"", ""kanji"": [], ""targets"": []}, {""kind"": ""particle"", ""kana"": ""です""}]"
s861,"[24, 164, 81, 254, 219]",[],"[{""kind"": ""word"", ""ja"": ""今夜"", ""reading"": ""こんや"", ""en"": ""tonight"", ""kanji"": [""今"", ""夜""], ""targets"": [24, 164]}, {""kind"": ""word"", ""ja"": ""魚"", ""reading"": ""さかな"", ""en"": ""fish"", ""kanji"": [""魚""], ""targets"": [81]}, {""kind"": ""particle"", ""kana"": ""を""}, {""kind"": ""word"", ""ja"": ""料理"", ""reading"": ""りょうり"", ""en"": ""cooking"", ""kanji"": [""料"", ""理""], ""targets"": [254, 219]}, {""kind"": ""word"", ""ja"": ""します"", ""reading"": ""します"", ""en"": ""will do"", ""kanji"": [], ""targets"": []}]"
s862,"[163, 26, 147, 148]",[],"[{""kind"": ""word"", ""ja"": ""昼間"", ""reading"": ""ひるま"", ""en"": ""daytime"", ""kanji"": [""昼"", ""間""], ""targets"": [163, 26]}, {""kind"": ""particle"", ""kana"": ""は""}, {""kind"": ""word"", ""ja"": ""天気"", ""reading"": ""てんき"", ""en"": ""weather"", ""kanji"": [""天"", ""気""], ""targets"": [147, 148]}, {""kind"": ""particle"", ""kana"": ""が""}, {""kind"": ""particle"", ""kana"": ""いい""}, {""kind"": ""particle"", ""kana"": ""です""}]"
s863,"[162, 14]",[],"[{""kind"": ""word"", ""ja"": ""朝日"", ""reading"": ""あさひ"", ""en"": ""morning sun"", ""kanji"": [""朝"", ""日""], ""targets"": [162, 14]}, {""kind"": ""particle"", ""kana"": ""が""}, {""kind"": ""word"", ""ja"": ""とても"", ""reading"": ""とても"", ""en"": ""very"", ""kanji"": [], ""targets"": []}, {""kind"": ""word"", ""ja"": ""きれい"", ""reading"": ""きれい"", ""en"": ""beautiful"", ""kanji"": [], ""targets"": []}, {""kind"": ""particle"", ""kana"": ""でした""}]"
s864,"[20, 29, 293, 294, 228, 54]",[],"[{""kind"": ""word"", ""ja"": ""土曜"", ""reading"": ""どよう"", ""en"": ""Saturday"", ""kanji"": [""土"", ""曜""], ""targets"": [20, 29]}, {""kind"": ""particle"", ""kana"": ""に""}, {""kind"": ""word"", ""ja"": ""映画館"", ""reading"": ""えいがかん"", ""en"": ""movie theater"", ""kanji"": [""映"", ""画"", ""館""], ""targets"": [293, 294, 228]}, {""kind"": ""particle"", ""kana"": ""へ""}, {""kind"": ""word"", ""ja"": ""行きます"", ""reading"": ""いきます"", ""en"": ""go"", ""kanji"": [""行""], ""targets"": [54], ""lemma"": ""行く""}]"
s865,"[14, 29, 151]",[],"[{""kind"": ""word"", ""ja"": ""日曜"", ""reading"": ""にちよう"", ""en"": ""Sunday"", ""kanji"": [""日"", ""曜""], ""targets"": [14, 29]}, {""kind"": ""particle"", ""kana"": ""は""}, {""kind"": ""word"", ""ja"": ""休み"", ""reading"": ""やすみ"", ""en"": ""day off"", ""kanji"": [""休""], ""targets"": [151]}, {""kind"": ""particle"", ""kana"": ""です""}]"
s866,"[15, 29, 253, 122]",[],"[{""kind"": ""word"", ""ja"": ""月曜"", ""reading"": ""げつよう"", ""en"": ""Monday"", ""kanji"": [""月"", ""曜""], ""targets"": [15, 29]}, {""kind"": ""particle"", ""kana"": ""から""}, {""kind"": ""word"", ""ja"": ""仕事"", ""reading"": ""しごと"", ""en"": ""work"", ""kanji"": [""仕"", ""事""], ""targets"": [253, 122]}, {""kind"": ""particle"", ""kana"": ""です""}]"
s867,"[24, 14, 73, 29]",[],"[{""kind"": ""word"", ""ja"": ""今日"", ""reading"": ""きょう"", ""en"": ""today"", ""kanji"": [""今"", ""日""], ""targets"": [24, 14]}, {""kind"": ""particle"", ""kana"": ""は""}, {""kind"": ""word"", ""ja"": ""何"", ""reading"": ""なん"", ""en"": ""what"", ""kanji"": [""何""], ""targets"": [73]}, {""kind"": ""word"", ""ja"": ""曜日"", ""reading"": ""ようび"", ""en"": ""day of week"", ""kanji"": [""曜"", ""日""], ""targets"": [29, 14]}, {""kind"": ""particle"", ""kana"": ""ですか""}]"
s868,"[262, 228, 221, 35]",[],"[{""kind"": ""word"", ""ja"": ""この"", ""reading"": ""この"", ""en"": ""this"", ""kanji"": [], ""targets"": []}, {""kind"": ""word"", ""ja"": ""旅館"", ""reading"": ""りょかん"", ""en"": ""Japanese inn"", ""kanji"": [""旅"", ""館""], ""targets"": [262, 228]}, {""kind"": ""particle"", ""kana"": ""は""}, {""kind"": ""word"", ""ja"": ""有名"", ""reading"": ""ゆうめい"", ""en"": ""famous"", ""kanji"": [""有"", ""名""], ""targets"": [221, 35]}, {""kind"": ""particle"", ""kana"": ""です""}]"
s869,"[244, 280, 8, 22, 186]",[],"[{""kind"": ""word"", ""ja"": ""空港"", ""reading"": ""くうこう"", ""en"": ""airport"", ""kanji"": [""空"", ""港""], ""targets"": [244, 280]}, {""kind"": ""particle"", ""kana"": ""に""}, {""kind"": ""word"", ""ja"": ""八時"", ""reading"": ""はちじ"", ""en"": ""8 o'clock"", ""kanji"": [""八"", ""時""], ""targets"": [8, 22]}, {""kind"": ""particle"", ""kana"": ""に""}, {""kind"": ""word"", ""ja"": ""着きました"", ""reading"": ""つきました"", ""en"": ""arrived"", ""kanji"": [""着""], ""targets"": [186], ""lemma"": ""着く""}]"
s870,"[280, 183]",[],"[{""kind"": ""word"", ""ja"": ""港"", ""reading"": ""みなと"", ""en"": ""harbor"", ""kanji"": [""港""], ""targets"": [280]}, {""kind"": ""particle"", ""kana"": ""を""}, {""kind"": ""word"", ""ja"": ""歩きました"", ""reading"": ""あるきました"", ""en"": ""walked"", ""kanji"": [""歩""], ""targets"": [183], ""lemma"": ""歩く""}]"
s871,"[39, 186]",[],"[{""kind"": ""word"", ""ja"": ""上着"", ""reading"": ""うわぎ"", ""en"": ""jacket"", ""kanji"": [""上"", ""着""], ""targets"": [39, 186]}, {""kind"": ""particle"", ""kana"": ""を""}, {""kind"": ""word"", ""ja"": ""着て"", ""reading"": ""きて"", ""en"": ""wear"", ""kanji"": [""着""], ""targets"": [186], ""lemma"": ""着る""}, {""kind"": ""word"", ""ja"": ""ください"", ""reading"": ""ください"", ""en"": ""please"", ""kanji"": [], ""targets"": []}]"
s872,"[246, 297, 62]",[],"[{""kind"": ""word"", ""ja"": ""洋服"", ""reading"": ""ようふく"", ""en"": ""clothes"", ""kanji"": [""洋"", ""服""], ""targets"": [246, 297]}, {""kind"": ""particle"", ""kana"": ""を""}, {""kind"": ""word"", ""ja"": ""たくさん"", ""reading"": ""たくさん"", ""en"": ""a lot"", ""kanji"": [], ""targets"": []}, {""kind"": ""word"", ""ja"": ""買いました"", ""reading"": ""かいました"", ""en"": ""bought"", ""kanji"": [""買""], ""targets"": [62], ""lemma"": ""買う""}]"
s873,"[95, 94, 35, 171, 121, 54]",[],"[{""kind"": ""word"", ""ja"": ""電車"", ""reading"": ""でんしゃ"", ""en"": ""train"", ""kanji"": [""電"", ""車""], ""targets"": [95, 94]}, {""kind"": ""particle"", ""kana"": ""で""}, {""kind"": ""word"", ""ja"": ""名古屋"", ""reading"": ""なごや"", ""en"": ""Nagoya"", ""kanji"": [""名"", ""古"", ""屋""], ""targets"": [35, 171, 121]}, {""kind"": ""particle"", ""kana"": ""へ""}, {""kind"": ""word"", ""ja"": ""行きます"", ""reading"": ""いきます"", ""en"": ""go"", ""kanji"": [""行""], ""targets"": [54], ""lemma"": ""行く""}]"
s874,"[55, 15, 12, 265, 54]",[],"[{""kind"": ""word"", ""ja"": ""来月"", ""reading"": ""らいげつ"", ""en"": ""next month"", ""kanji"": [""来"", ""月""], ""targets"": [55, 15]}, {""kind"": ""word"", ""ja"": ""千葉"", ""reading"": ""ちば"", ""en"": ""Chiba"", ""kanji"": [""千"", ""葉""], ""targets"": [12, 265]}, {""kind"": ""particle"", ""kana"": ""へ""}, {""kind"": ""word"", ""ja"": ""行きます"", ""reading"": ""いきます"", ""en"": ""go"", ""kanji"": [""行""], ""targets"": [54], ""lemma"": ""行く""}]"
s875,"[149, 235, 259, 41, 184]",[],"[{""kind"": ""word"", ""ja"": ""雨"", ""reading"": ""あめ"", ""en"": ""rain"", ""kanji"": [""雨""], ""targets"": [149]}, {""kind"": ""particle"", ""kana"": ""で""}, {""kind"": ""word"", ""ja"": ""試合"", ""reading"": ""しあい"", ""en"": ""match"", ""kanji"": [""試"", ""合""], ""targets"": [235, 259]}, {""kind"": ""particle"", ""kana"": ""は""}, {""kind"": ""word"", ""ja"": ""中止"", ""reading"": ""ちゅうし"", ""en"": ""cancelled"", ""kanji"": [""中"", ""止""], ""targets"": [41, 184]}, {""kind"": ""particle"", ""kana"": ""です""}]"
s876,"[232, 229, 58, 57]",[25],"[{""kind"": ""word"", ""ja"": ""教室"", ""reading"": ""きょうしつ"", ""en"": ""classroom"", ""kanji"": [""教"", ""室""], ""targets"": [232, 229]}, {""kind"": ""particle"", ""kana"": ""で""}, {""kind"": ""word"", ""ja"": ""飲食"", ""reading"": ""いんしょく"", ""en"": ""eating and drinking"", ""kanji"": [""飲"", ""食""], ""targets"": [58, 57]}, {""kind"": ""particle"", ""kana"": ""は""}, {""kind"": ""word"", ""ja"": ""だめ"", ""reading"": ""だめ"", ""en"": ""not allowed"", ""kanji"": [], ""targets"": [], ""kana_targets"": [25]}, {""kind"": ""particle"", ""kana"": ""です""}]"
s877,"[1, 22, 25, 196, 259]",[],"[{""kind"": ""word"", ""ja"": ""一時半"", ""reading"": ""いちじはん"", ""en"": ""1:30"", ""kanji"": [""一"", ""時"", ""半""], ""targets"": [1, 22, 25]}, {""kind"": ""particle"", ""kana"": ""に""}, {""kind"": ""word"", ""ja"": ""集合"", ""reading"": ""しゅうごう"", ""en"": ""assemble"", ""kanji"": [""集"", ""合""], ""targets"": [196, 259]}, {""kind"": ""particle"", ""kana"": ""します""}]"
s878,"[49, 194]",[],"[{""kind"": ""word"", ""ja"": ""道"", ""reading"": ""みち"", ""en"": ""road"", ""kanji"": [""道""], ""targets"": [49]}, {""kind"": ""particle"", ""kana"": ""で""}, {""kind"": ""word"", ""ja"": ""転びました"", ""reading"": ""ころびました"", ""en"": ""fell down"", ""kanji"": [""転""], ""targets"": [194], ""lemma"": ""転ぶ""}]"
s879,"[47, 36, 256, 130]",[],"[{""kind"": ""word"", ""ja"": ""駅"", ""reading"": ""えき"", ""en"": ""station"", ""kanji"": [""駅""], ""targets"": [47]}, {""kind"": ""particle"", ""kana"": ""で""}, {""kind"": ""word"", ""ja"": ""友達"", ""reading"": ""ともだち"", ""en"": ""friend"", ""kanji"": [""友"", ""達""], ""targets"": [36, 256]}, {""kind"": ""particle"", ""kana"": ""と""}, {""kind"": ""word"", ""ja"": ""別れました"", ""reading"": ""わかれました"", ""en"": ""parted"", ""kanji"": [""別""], ""targets"": [130], ""lemma"": ""別れる""}]"
s880,"[162, 57, 89]",[],"[{""kind"": ""word"", ""ja"": ""朝食"", ""reading"": ""ちょうしょく"", ""en"": ""breakfast"", ""kanji"": [""朝"", ""食""], ""targets"": [162, 57]}, {""kind"": ""particle"", ""kana"": ""に""}, {""kind"": ""word"", ""ja"": ""ご飯"", ""reading"": ""ごはん"", ""en"": ""rice"", ""kanji"": [""飯""], ""targets"": [89]}, {""kind"": ""particle"", ""kana"": ""を""}, {""kind"": ""word"", ""ja"": ""食べます"", ""reading"": ""たべます"", ""en"": ""eat"", ""kanji"": [""食""], ""targets"": [57], ""lemma"": ""食べる""}]"
s881,[206],[65],"[{""kind"": ""word"", ""ja"": ""かばん"", ""reading"": ""かばん"", ""en"": ""bag"", ""kanji"": [], ""targets"": [], ""kana_targets"": [65]}, {""kind"": ""particle"", ""kana"": ""が""}, {""kind"": ""word"", ""ja"": ""重い"", ""reading"": ""おもい"", ""en"": ""heavy"", ""kanji"": [""重""], ""targets"": [206]}, {""kind"": ""particle"", ""kana"": ""です""}]"
s882,"[240, 283, 258, 88, 56]",[],"[{""kind"": ""word"", ""ja"": ""田舎"", ""reading"": ""いなか"", ""en"": ""countryside"", ""kanji"": [""田"", ""舎""], ""targets"": [240, 283]}, {""kind"": ""particle"", ""kana"": ""で""}, {""kind"": ""word"", ""ja"": ""動物"", ""reading"": ""どうぶつ"", ""en"": ""animals"", ""kanji"": [""動"", ""物""], ""targets"": [258, 88]}, {""kind"": ""particle"", ""kana"": ""を""}, {""kind"": ""word"", ""ja"": ""見ました"", ""reading"": ""みました"", ""en"": ""saw"", ""kanji"": [""見""], ""targets"": [56], ""lemma"": ""見る""}]"
s883,[62],"[211, 121]","[{""kind"": ""word"", ""ja"": ""スーパー"", ""reading"": ""すーぱー"", ""en"": ""supermarket"", ""kanji"": [], ""targets"": [], ""kana_targets"": [211]}, {""kind"": ""particle"", ""kana"": ""で""}, {""kind"": ""word"", ""ja"": ""パン"", ""reading"": ""ぱん"", ""en"": ""bread"", ""kanji"": [], ""targets"": [], ""kana_targets"": [121]}, {""kind"": ""particle"", ""kana"": ""を""}, {""kind"": ""word"", ""ja"": ""買いました"", ""reading"": ""かいました"", ""en"": ""bought"", ""kanji"": [""買""], ""targets"": [62], ""lemma"": ""買う""}]"
s884,[62],"[212, 123]","[{""kind"": ""word"", ""ja"": ""コンビニ"", ""reading"": ""こんびに"", ""en"": ""convenience store"", ""kanji"": [], ""targets"": [], ""kana_targets"": [212]}, {""kind"": ""particle"", ""kana"": ""で""}, {""kind"": ""word"", ""ja"": ""ビール"", ""reading"": ""びーる"", ""en"": ""beer"", ""kanji"": [], ""targets"": [], ""kana_targets"": [123]}, {""kind"": ""particle"", ""kana"": ""を""}, {""kind"": ""word"", ""ja"": ""買う"", ""reading"": ""かう"", ""en"": ""buy"", ""kanji"": [""買""], ""targets"": [62]}]"
s885,[62],"[210, 65]","[{""kind"": ""word"", ""ja"": ""デパート"", ""reading"": ""でぱーと"", ""en"": ""department store"", ""kanji"": [], ""targets"": [], ""kana_targets"": [210]}, {""kind"": ""particle"", ""kana"": ""で""}, {""kind"": ""word"", ""ja"": ""かばん"", ""reading"": ""かばん"", ""en"": ""bag"", ""kanji"": [], ""targets"": [], ""kana_targets"": [65]}, {""kind"": ""particle"", ""kana"": ""を""}, {""kind"": ""word"", ""ja"": ""買いました"", ""reading"": ""かいました"", ""en"": ""bought"", ""kanji"": [""買""], ""targets"": [62], ""lemma"": ""買う""}]"
s886,[],"[229, 121, 20]","[{""kind"": ""word"", ""ja"": ""ベーカリー"", ""reading"": ""べーかりー"", ""en"": ""bakery"", ""kanji"": [], ""targets"": [], ""kana_targets"": [229]}, {""kind"": ""particle"", ""kana"": ""の""}, {""kind"": ""word"", ""ja"": ""パン"", ""reading"": ""ぱん"", ""en"": ""bread"", ""kanji"": [], ""targets"": [], ""kana_targets"": [121]}, {""kind"": ""particle"", ""kana"": ""は""}, {""kind"": ""word"", ""ja"": ""うまい"", ""reading"": ""うまい"", ""en"": ""delicious"", ""kanji"": [], ""targets"": [], ""kana_targets"": [20]}]"
s887,"[8, 11, 121, 62]",[130],"[{""kind"": ""word"", ""ja"": ""八百屋"", ""reading"": ""やおや"", ""en"": ""greengrocer"", ""kanji"": [""八"", ""百"", ""屋""], ""targets"": [8, 11, 121]}, {""kind"": ""particle"", ""kana"": ""で""}, {""kind"": ""word"", ""ja"": ""トマト"", ""reading"": ""とまと"", ""en"": ""tomato"", ""kanji"": [], ""targets"": [], ""kana_targets"": [130]}, {""kind"": ""particle"", ""kana"": ""を""}, {""kind"": ""word"", ""ja"": ""買う"", ""reading"": ""かう"", ""en"": ""buy"", ""kanji"": [""買""], ""targets"": [62]}]"
s888,"[3, 62]",[89],"[{""kind"": ""word"", ""ja"": ""たまねぎ"", ""reading"": ""たまねぎ"", ""en"": ""onion"", ""kanji"": [], ""targets"": [], ""kana_targets"": [89]}, {""kind"": ""particle"", ""kana"": ""を""}, {""kind"": ""word"", ""ja"": ""三つ"", ""reading"": ""みっつ"", ""en"": ""three"", ""kanji"": [""三""], ""targets"": [3]}, {""kind"": ""word"", ""ja"": ""買いました"", ""reading"": ""かいました"", ""en"": ""bought"", ""kanji"": [""買""], ""targets"": [62], ""lemma"": ""買う""}]"
s889,[62],"[93, 50]","[{""kind"": ""word"", ""ja"": ""じゃがいも"", ""reading"": ""じゃがいも"", ""en"": ""potato"", ""kanji"": [], ""targets"": [], ""kana_targets"": [93]}, {""kind"": ""particle"", ""kana"": ""を""}, {""kind"": ""word"", ""ja"": ""たくさん"", ""reading"": ""たくさん"", ""en"": ""a lot"", ""kanji"": [], ""targets"": [], ""kana_targets"": [50]}, {""kind"": ""word"", ""ja"": ""買う"", ""reading"": ""かう"", ""en"": ""buy"", ""kanji"": [""買""], ""targets"": [62]}]"
s890,[74],[85],"[{""kind"": ""word"", ""ja"": ""この"", ""reading"": ""この"", ""en"": ""this"", ""kanji"": [], ""targets"": []}, {""kind"": ""word"", ""ja"": ""みかん"", ""reading"": ""みかん"", ""en"": ""mandarin"", ""kanji"": [], ""targets"": [], ""kana_targets"": [85]}, {""kind"": ""particle"", ""kana"": ""は""}, {""kind"": ""word"", ""ja"": ""安い"", ""reading"": ""やすい"", ""en"": ""cheap"", ""kanji"": [""安""], ""targets"": [74]}, {""kind"": ""particle"", ""kana"": ""です""}]"
s891,[5],[84],"[{""kind"": ""word"", ""ja"": ""りんご"", ""reading"": ""りんご"", ""en"": ""apple"", ""kanji"": [], ""targets"": [], ""kana_targets"": [84]}, {""kind"": ""particle"", ""kana"": ""を""}, {""kind"": ""word"", ""ja"": ""五つ"", ""reading"": ""いつつ"", ""en"": ""five"", ""kanji"": [""五""], ""targets"": [5]}, {""kind"": ""particle"", ""kana"": ""ください""}]"
s892,[69],[86],"[{""kind"": ""word"", ""ja"": ""ぶどう"", ""reading"": ""ぶどう"", ""en"": ""grapes"", ""kanji"": [], ""targets"": [], ""kana_targets"": [86]}, {""kind"": ""particle"", ""kana"": ""は""}, {""kind"": ""word"", ""ja"": ""高い"", ""reading"": ""たかい"", ""en"": ""expensive"", ""kanji"": [""高""], ""targets"": [69]}, {""kind"": ""particle"", ""kana"": ""です""}]"
s893,"[50, 70]",[128],"[{""kind"": ""word"", ""ja"": ""その"", ""reading"": ""その"", ""en"": ""that"", ""kanji"": [], ""targets"": []}, {""kind"": ""word"", ""ja"": ""店"", ""reading"": ""みせ"", ""en"": ""shop"", ""kanji"": [""店""], ""targets"": [50]}, {""kind"": ""particle"", ""kana"": ""の""}, {""kind"": ""word"", ""ja"": ""レモン"", ""reading"": ""れもん"", ""en"": ""lemon"", ""kanji"": [], ""targets"": [], ""kana_targets"": [128]}, {""kind"": ""particle"", ""kana"": ""は""}, {""kind"": ""word"", ""ja"": ""新しい"", ""reading"": ""あたらしい"", ""en"": ""fresh"", ""kanji"": [""新""], ""targets"": [70]}]"
s894,"[25, 23, 113]",[131],"[{""kind"": ""word"", ""ja"": ""キャベツ"", ""reading"": ""きゃべつ"", ""en"": ""cabbage"", ""kanji"": [], ""targets"": [], ""kana_targets"": [131]}, {""kind"": ""particle"", ""kana"": ""を""}, {""kind"": ""word"", ""ja"": ""半分"", ""reading"": ""はんぶん"", ""en"": ""half"", ""kanji"": [""半"", ""分""], ""targets"": [25, 23]}, {""kind"": ""word"", ""ja"": ""切る"", ""reading"": ""きる"", ""en"": ""cut"", ""kanji"": [""切""], ""targets"": [113]}]"
s895,"[47, 144]","[211, 1]","[{""kind"": ""word"", ""ja"": ""スーパー"", ""reading"": ""すーぱー"", ""en"": ""supermarket"", ""kanji"": [], ""targets"": [], ""kana_targets"": [211]}, {""kind"": ""particle"", ""kana"": ""は""}, {""kind"": ""word"", ""ja"": ""駅"", ""reading"": ""えき"", ""en"": ""station"", ""kanji"": [""駅""], ""targets"": [47]}, {""kind"": ""particle"", ""kana"": ""の""}, {""kind"": ""word"", ""ja"": ""前"", ""reading"": ""まえ"", ""en"": ""front"", ""kanji"": [""前""], ""targets"": [144]}, {""kind"": ""particle"", ""kana"": ""に""}, {""kind"": ""word"", ""ja"": ""ある"", ""reading"": ""ある"", ""en"": ""is located"", ""kanji"": [], ""targets"": [], ""kana_targets"": [1]}]"
s896,"[164, 195]",[212],"[{""kind"": ""word"", ""ja"": ""コンビニ"", ""reading"": ""こんびに"", ""en"": ""convenience store"", ""kanji"": [], ""targets"": [], ""kana_targets"": [212]}, {""kind"": ""particle"", ""kana"": ""は""}, {""kind"": ""word"", ""ja"": ""夜"", ""reading"": ""よる"", ""en"": ""night"", ""kanji"": [""夜""], ""targets"": [164]}, {""kind"": ""particle"", ""kana"": ""も""}, {""kind"": ""word"", ""ja"": ""開いて"", ""reading"": ""あいて"", ""en"": ""open"", ""kanji"": [""開""], ""targets"": [195], ""lemma"": ""開く""}, {""kind"": ""particle"", ""kana"": ""いる""}]"
s897,"[171, 71, 188]",[245],"[{""kind"": ""word"", ""ja"": ""フリマ"", ""reading"": ""ふりま"", ""en"": ""flea market"", ""kanji"": [], ""targets"": [], ""kana_targets"": [245]}, {""kind"": ""particle"", ""kana"": ""で""}, {""kind"": ""word"", ""ja"": ""古い"", ""reading"": ""ふるい"", ""en"": ""old"", ""kanji"": [""古""], ""targets"": [171]}, {""kind"": ""word"", ""ja"": ""本"", ""reading"": ""ほん"", ""en"": ""books"", ""kanji"": [""本""], ""targets"": [71]}, {""kind"": ""particle"", ""kana"": ""を""}, {""kind"": ""word"", ""ja"": ""売る"", ""reading"": ""うる"", ""en"": ""sell"", ""kanji"": [""売""], ""targets"": [188]}]"
s898,"[162, 58]",[122],"[{""kind"": ""word"", ""ja"": ""朝"", ""reading"": ""あさ"", ""en"": ""morning"", ""kanji"": [""朝""], ""targets"": [162]}, {""kind"": ""word"", ""ja"": ""コーヒー"", ""reading"": ""こーひー"", ""en"": ""coffee"", ""kanji"": [], ""targets"": [], ""kana_targets"": [122]}, {""kind"": ""particle"", ""kana"": ""を""}, {""kind"": ""word"", ""ja"": ""飲みます"", ""reading"": ""のみます"", ""en"": ""drink"", ""kanji"": [""飲""], ""targets"": [58], ""lemma"": ""飲む""}]"
s899,"[163, 57]",[125],"[{""kind"": ""word"", ""ja"": ""昼"", ""reading"": ""ひる"", ""en"": ""noon"", ""kanji"": [""昼""], ""targets"": [163]}, {""kind"": ""particle"", ""kana"": ""に""}, {""kind"": ""word"", ""ja"": ""ラーメン"", ""reading"": ""らーめん"", ""en"": ""ramen"", ""kanji"": [], ""targets"": [], ""kana_targets"": [125]}, {""kind"": ""particle"", ""kana"": ""を""}, {""kind"": ""word"", ""ja"": ""食べました"", ""reading"": ""たべました"", ""en"": ""ate"", ""kanji"": [""食""], ""targets"": [57], ""lemma"": ""食べる""}]"
s900,[58],"[55, 123]","[{""kind"": ""word"", ""ja"": ""とりあえず"", ""reading"": ""とりあえず"", ""en"": ""for now"", ""kanji"": [], ""targets"": [], ""kana_targets"": [55]}, {""kind"": ""word"", ""ja"": ""ビール"", ""reading"": ""びーる"", ""en"": ""beer"", ""kanji"": [], ""targets"": [], ""kana_targets"": [123]}, {""kind"": ""particle"", ""kana"": ""を""}, {""kind"": ""word"", ""ja"": ""飲む"", ""reading"": ""のむ"", ""en"": ""drink"", ""kanji"": [""飲""], ""targets"": [58]}]"
s901,[61],"[76, 90]","[{""kind"": ""word"", ""ja"": ""うどん"", ""reading"": ""うどん"", ""en"": ""udon"", ""kanji"": [], ""targets"": [], ""kana_targets"": [76]}, {""kind"": ""particle"", ""kana"": ""に""}, {""kind"": ""word"", ""ja"": ""ねぎ"", ""reading"": ""ねぎ"", ""en"": ""green onion"", ""kanji"": [], ""targets"": [], ""kana_targets"": [90]}, {""kind"": ""particle"", ""kana"": ""を""}, {""kind"": ""word"", ""ja"": ""入れる"", ""reading"": ""いれる"", ""en"": ""put in"", ""kanji"": [""入""], ""targets"": [61]}]"
s902,"[91, 174]",[77],"[{""kind"": ""word"", ""ja"": ""てんぷら"", ""reading"": ""てんぷら"", ""en"": ""tempura"", ""kanji"": [], ""targets"": [], ""kana_targets"": [77]}, {""kind"": ""particle"", ""kana"": ""は""}, {""kind"": ""word"", ""ja"": ""油"", ""reading"": ""あぶら"", ""en"": ""oil"", ""kanji"": [""油""], ""targets"": [91]}, {""kind"": ""particle"", ""kana"": ""で""}, {""kind"": ""word"", ""ja"": ""作る"", ""reading"": ""つくる"", ""en"": ""make"", ""kanji"": [""作""], ""targets"": [174]}]"
s903,[174],"[214, 82]","[{""kind"": ""word"", ""ja"": ""キッチン"", ""reading"": ""きっちん"", ""en"": ""kitchen"", ""kanji"": [], ""targets"": [], ""kana_targets"": [214]}, {""kind"": ""particle"", ""kana"": ""で""}, {""kind"": ""word"", ""ja"": ""だし"", ""reading"": ""だし"", ""en"": ""soup stock"", ""kanji"": [], ""targets"": [], ""kana_targets"": [82]}, {""kind"": ""particle"", ""kana"": ""を""}, {""kind"": ""word"", ""ja"": ""作る"", ""reading"": ""つくる"", ""en"": ""make"", ""kanji"": [""作""], ""targets"": [174]}]"
s904,[76],[79],"[{""kind"": ""word"", ""ja"": ""わさび"", ""reading"": ""わさび"", ""en"": ""wasabi"", ""kanji"": [], ""targets"": [], ""kana_targets"": [79]}, {""kind"": ""particle"", ""kana"": ""は""}, {""kind"": ""word"", ""ja"": ""少し"", ""reading"": ""すこし"", ""en"": ""a little"", ""kanji"": [""少""], ""targets"": [76]}, {""kind"": ""particle"", ""kana"": ""で""}, {""kind"": ""particle"", ""kana"": ""いい""}]"
s905,[105],[124],"[{""kind"": ""word"", ""ja"": ""この"", ""reading"": ""この"", ""en"": ""this"", ""kanji"": [], ""targets"": []}, {""kind"": ""word"", ""ja"": ""ソーダ"", ""reading"": ""そーだ"", ""en"": ""soda"", ""kanji"": [], ""targets"": [], ""kana_targets"": [124]}, {""kind"": ""particle"", ""kana"": ""は""}, {""kind"": ""word"", ""ja"": ""甘い"", ""reading"": ""あまい"", ""en"": ""sweet"", ""kanji"": [""甘""], ""targets"": [105]}, {""kind"": ""particle"", ""kana"": ""です""}]"
s906,"[25, 23, 57]","[126, 8]","[{""kind"": ""word"", ""ja"": ""カステラ"", ""reading"": ""かすてら"", ""en"": ""castella"", ""kanji"": [], ""targets"": [], ""kana_targets"": [126]}, {""kind"": ""particle"", ""kana"": ""を""}, {""kind"": ""word"", ""ja"": ""半分"", ""reading"": ""はんぶん"", ""en"": ""half"", ""kanji"": [""半"", ""分""], ""targets"": [25, 23]}, {""kind"": ""word"", ""ja"": ""食べて"", ""reading"": ""たべて"", ""en"": ""ate"", ""kanji"": [""食""], ""targets"": [57], ""lemma"": ""食べる""}, {""kind"": ""word"", ""ja"": ""しまった"", ""reading"": ""しまった"", ""en"": ""ended up"", ""kanji"": [], ""targets"": [], ""kana_targets"": [8], ""lemma"": ""しまう""}]"
s907,[57],"[129, 84]","[{""kind"": ""word"", ""ja"": ""バナナ"", ""reading"": ""ばなな"", ""en"": ""banana"", ""kanji"": [], ""targets"": [], ""kana_targets"": [129]}, {""kind"": ""particle"", ""kana"": ""と""}, {""kind"": ""word"", ""ja"": ""りんご"", ""reading"": ""りんご"", ""en"": ""apple"", ""kanji"": [], ""targets"": [], ""kana_targets"": [84]}, {""kind"": ""particle"", ""kana"": ""を""}, {""kind"": ""word"", ""ja"": ""食べる"", ""reading"": ""たべる"", ""en"": ""eat"", ""kanji"": [""食""], ""targets"": [57]}]"
s908,[78],"[132, 77]","[{""kind"": ""word"", ""ja"": ""カボチャ"", ""reading"": ""かぼちゃ"", ""en"": ""pumpkin"", ""kanji"": [], ""targets"": [], ""kana_targets"": [132]}, {""kind"": ""particle"", ""kana"": ""の""}, {""kind"": ""word"", ""ja"": ""てんぷら"", ""reading"": ""てんぷら"", ""en"": ""tempura"", ""kanji"": [], ""targets"": [], ""kana_targets"": [77]}, {""kind"": ""particle"", ""kana"": ""が""}, {""kind"": ""word"", ""ja"": ""好き"", ""reading"": ""すき"", ""en"": ""like"", ""kanji"": [""好""], ""targets"": [78]}, {""kind"": ""particle"", ""kana"": ""です""}]"
s909,"[89, 174]",[95],"[{""kind"": ""word"", ""ja"": ""きのこ"", ""reading"": ""きのこ"", ""en"": ""mushroom"", ""kanji"": [], ""targets"": [], ""kana_targets"": [95]}, {""kind"": ""particle"", ""kana"": ""の""}, {""kind"": ""word"", ""ja"": ""ご飯"", ""reading"": ""ごはん"", ""en"": ""rice"", ""kanji"": [""飯""], ""targets"": [89]}, {""kind"": ""particle"", ""kana"": ""を""}, {""kind"": ""word"", ""ja"": ""作りました"", ""reading"": ""つくりました"", ""en"": ""made"", ""kanji"": [""作""], ""targets"": [174], ""lemma"": ""作る""}]"
s910,"[106, 57]",[91],"[{""kind"": ""word"", ""ja"": ""なす"", ""reading"": ""なす"", ""en"": ""eggplant"", ""kanji"": [], ""targets"": [], ""kana_targets"": [91]}, {""kind"": ""particle"", ""kana"": ""を""}, {""kind"": ""word"", ""ja"": ""焼いて"", ""reading"": ""やいて"", ""en"": ""grill"", ""kanji"": [""焼""], ""targets"": [106], ""lemma"": ""焼く""}, {""kind"": ""word"", ""ja"": ""食べる"", ""reading"": ""たべる"", ""en"": ""eat"", ""kanji"": [""食""], ""targets"": [57]}]"
s911,"[84, 57]",[121],"[{""kind"": ""word"", ""ja"": ""パン"", ""reading"": ""ぱん"", ""en"": ""bread"", ""kanji"": [], ""targets"": [], ""kana_targets"": [121]}, {""kind"": ""particle"", ""kana"": ""と""}, {""kind"": ""word"", ""ja"": ""卵"", ""reading"": ""たまご"", ""en"": ""egg"", ""kanji"": [""卵""], ""targets"": [84]}, {""kind"": ""particle"", ""kana"": ""を""}, {""kind"": ""word"", ""ja"": ""食べました"", ""reading"": ""たべました"", ""en"": ""ate"", ""kanji"": [""食""], ""targets"": [57], ""lemma"": ""食べる""}]"
s912,"[83, 58]","[21, 8]","[{""kind"": ""word"", ""ja"": ""まずい"", ""reading"": ""まずい"", ""en"": ""bad-tasting"", ""kanji"": [], ""targets"": [], ""kana_targets"": [21]}, {""kind"": ""word"", ""ja"": ""酒"", ""reading"": ""さけ"", ""en"": ""sake"", ""kanji"": [""酒""], ""targets"": [83]}, {""kind"": ""particle"", ""kana"": ""を""}, {""kind"": ""word"", ""ja"": ""飲んで"", ""reading"": ""のんで"", ""en"": ""drank"", ""kanji"": [""飲""], ""targets"": [58], ""lemma"": ""飲む""}, {""kind"": ""word"", ""ja"": ""しまった"", ""reading"": ""しまった"", ""en"": ""ended up"", ""kanji"": [], ""targets"": [], ""kana_targets"": [8], ""lemma"": ""しまう""}]"
s913,"[76, 61]",[81],"[{""kind"": ""word"", ""ja"": ""ごま"", ""reading"": ""ごま"", ""en"": ""sesame"", ""kanji"": [], ""targets"": [], ""kana_targets"": [81]}, {""kind"": ""particle"", ""kana"": ""を""}, {""kind"": ""word"", ""ja"": ""少し"", ""reading"": ""すこし"", ""en"": ""a little"", ""kanji"": [""少""], ""targets"": [76]}, {""kind"": ""word"", ""ja"": ""入れる"", ""reading"": ""いれる"", ""en"": ""add"", ""kanji"": [""入""], ""targets"": [61]}]"
s914,"[1, 113]",[80],"[{""kind"": ""word"", ""ja"": ""にんにく"", ""reading"": ""にんにく"", ""en"": ""garlic"", ""kanji"": [], ""targets"": [], ""kana_targets"": [80]}, {""kind"": ""particle"", ""kana"": ""を""}, {""kind"": ""word"", ""ja"": ""一つ"", ""reading"": ""ひとつ"", ""en"": ""one"", ""kanji"": [""一""], ""targets"": [1]}, {""kind"": ""word"", ""ja"": ""切る"", ""reading"": ""きる"", ""en"": ""cut"", ""kanji"": [""切""], ""targets"": [113]}]"
s915,"[3, 174]",[83],"[{""kind"": ""word"", ""ja"": ""おかず"", ""reading"": ""おかず"", ""en"": ""side dish"", ""kanji"": [], ""targets"": [], ""kana_targets"": [83]}, {""kind"": ""particle"", ""kana"": ""を""}, {""kind"": ""word"", ""ja"": ""三つ"", ""reading"": ""みっつ"", ""en"": ""three"", ""kanji"": [""三""], ""targets"": [3]}, {""kind"": ""word"", ""ja"": ""作る"", ""reading"": ""つくる"", ""en"": ""make"", ""kanji"": [""作""], ""targets"": [174]}]"
s916,[78],"[113, 77]","[{""kind"": ""word"", ""ja"": ""えび"", ""reading"": ""えび"", ""en"": ""shrimp"", ""kanji"": [], ""targets"": [], ""kana_targets"": [113]}, {""kind"": ""particle"", ""kana"": ""の""}, {""kind"": ""word"", ""ja"": ""てんぷら"", ""reading"": ""てんぷら"", ""en"": ""tempura"", ""kanji"": [], ""targets"": [], ""kana_targets"": [77]}, {""kind"": ""particle"", ""kana"": ""が""}, {""kind"": ""word"", ""ja"": ""好き"", ""reading"": ""すき"", ""en"": ""like"", ""kanji"": [""好""], ""targets"": [78]}, {""kind"": ""particle"", ""kana"": ""です""}]"
s917,[62],"[111, 112]","[{""kind"": ""word"", ""ja"": ""たこ"", ""reading"": ""たこ"", ""en"": ""octopus"", ""kanji"": [], ""targets"": [], ""kana_targets"": [111]}, {""kind"": ""particle"", ""kana"": ""と""}, {""kind"": ""word"", ""ja"": ""いか"", ""reading"": ""いか"", ""en"": ""squid"", ""kanji"": [], ""targets"": [], ""kana_targets"": [112]}, {""kind"": ""particle"", ""kana"": ""を""}, {""kind"": ""word"", ""ja"": ""買う"", ""reading"": ""かう"", ""en"": ""buy"", ""kanji"": [""買""], ""targets"": [62]}]"
s918,"[71, 63]",[171],"[{""kind"": ""word"", ""ja"": ""ソファ"", ""reading"": ""そふぁ"", ""en"": ""sofa"", ""kanji"": [], ""targets"": [], ""kana_targets"": [171]}, {""kind"": ""particle"", ""kana"": ""で""}, {""kind"": ""word"", ""ja"": ""本"", ""reading"": ""ほん"", ""en"": ""book"", ""kanji"": [""本""], ""targets"": [71]}, {""kind"": ""particle"", ""kana"": ""を""}, {""kind"": ""word"", ""ja"": ""読む"", ""reading"": ""よむ"", ""en"": ""read"", ""kanji"": [""読""], ""targets"": [63]}]"
s919,[151],[173],"[{""kind"": ""word"", ""ja"": ""ベッド"", ""reading"": ""べっど"", ""en"": ""bed"", ""kanji"": [], ""targets"": [], ""kana_targets"": [173]}, {""kind"": ""particle"", ""kana"": ""で""}, {""kind"": ""word"", ""ja"": ""休みます"", ""reading"": ""やすみます"", ""en"": ""rest"", ""kanji"": [""休""], ""targets"": [151], ""lemma"": ""休む""}]"
s920,"[164, 56]",[195],"[{""kind"": ""word"", ""ja"": ""夜"", ""reading"": ""よる"", ""en"": ""night"", ""kanji"": [""夜""], ""targets"": [164]}, {""kind"": ""particle"", ""kana"": ""は""}, {""kind"": ""word"", ""ja"": ""テレビ"", ""reading"": ""てれび"", ""en"": ""TV"", ""kanji"": [], ""targets"": [], ""kana_targets"": [195]}, {""kind"": ""particle"", ""kana"": ""を""}, {""kind"": ""word"", ""ja"": ""見ます"", ""reading"": ""みます"", ""en"": ""watch"", ""kanji"": [""見""], ""targets"": [56], ""lemma"": ""見る""}]"
s921,[60],[64],"[{""kind"": ""word"", ""ja"": ""ごみ"", ""reading"": ""ごみ"", ""en"": ""trash"", ""kanji"": [], ""targets"": [], ""kana_targets"": [64]}, {""kind"": ""particle"", ""kana"": ""を""}, {""kind"": ""word"", ""ja"": ""出して"", ""reading"": ""だして"", ""en"": ""take out"", ""kanji"": [""出""], ""targets"": [60], ""lemma"": ""出す""}, {""kind"": ""particle"", ""kana"": ""ください""}]"
s922,[],"[196, 266]","[{""kind"": ""word"", ""ja"": ""エアコン"", ""reading"": ""えあこん"", ""en"": ""air conditioner"", ""kanji"": [], ""targets"": [], ""kana_targets"": [196]}, {""kind"": ""particle"", ""kana"": ""を""}, {""kind"": ""word"", ""ja"": ""つけて"", ""reading"": ""つけて"", ""en"": ""turn on"", ""kanji"": [], ""targets"": [], ""kana_targets"": [266], ""lemma"": ""つける""}, {""kind"": ""particle"", ""kana"": ""ください""}]"
s923,"[169, 173]",[197],"[{""kind"": ""word"", ""ja"": ""冬"", ""reading"": ""ふゆ"", ""en"": ""winter"", ""kanji"": [""冬""], ""targets"": [169]}, {""kind"": ""particle"", ""kana"": ""は""}, {""kind"": ""word"", ""ja"": ""ストーブ"", ""reading"": ""すとーぶ"", ""en"": ""heater"", ""kanji"": [], ""targets"": [], ""kana_targets"": [197]}, {""kind"": ""particle"", ""kana"": ""を""}, {""kind"": ""word"", ""ja"": ""使う"", ""reading"": ""つかう"", ""en"": ""use"", ""kanji"": [""使""], ""targets"": [173]}]"
s924,"[82, 174]",[68],"[{""kind"": ""word"", ""ja"": ""やかん"", ""reading"": ""やかん"", ""en"": ""kettle"", ""kanji"": [], ""targets"": [], ""kana_targets"": [68]}, {""kind"": ""particle"", ""kana"": ""で""}, {""kind"": ""word"", ""ja"": ""お茶"", ""reading"": ""おちゃ"", ""en"": ""tea"", ""kanji"": [""茶""], ""targets"": [82]}, {""kind"": ""particle"", ""kana"": ""を""}, {""kind"": ""word"", ""ja"": ""作る"", ""reading"": ""つくる"", ""en"": ""make"", ""kanji"": [""作""], ""targets"": [174]}]"
s925,"[84, 106]",[185],"[{""kind"": ""word"", ""ja"": ""フライパン"", ""reading"": ""ふらいぱん"", ""en"": ""frying pan"", ""kanji"": [], ""targets"": [], ""kana_targets"": [185]}, {""kind"": ""particle"", ""kana"": ""で""}, {""kind"": ""word"", ""ja"": ""卵"", ""reading"": ""たまご"", ""en"": ""egg"", ""kanji"": [""卵""], ""targets"": [84]}, {""kind"": ""particle"", ""kana"": ""を""}, {""kind"": ""word"", ""ja"": ""焼く"", ""reading"": ""やく"", ""en"": ""fry"", ""kanji"": [""焼""], ""targets"": [106]}]"
s926,[173],"[184, 182]","[{""kind"": ""word"", ""ja"": ""ナイフ"", ""reading"": ""ないふ"", ""en"": ""knife"", ""kanji"": [], ""targets"": [], ""kana_targets"": [184]}, {""kind"": ""particle"", ""kana"": ""と""}, {""kind"": ""word"", ""ja"": ""フォーク"", ""reading"": ""ふぉーく"", ""en"": ""fork"", ""kanji"": [], ""targets"": [], ""kana_targets"": [182]}, {""kind"": ""particle"", ""kana"": ""を""}, {""kind"": ""word"", ""ja"": ""使います"", ""reading"": ""つかいます"", ""en"": ""use"", ""kanji"": [""使""], ""targets"": [173], ""lemma"": ""使う""}]"
s927,[58],"[179, 122]","[{""kind"": ""word"", ""ja"": ""マグカップ"", ""reading"": ""まぐかっぷ"", ""en"": ""mug"", ""kanji"": [], ""targets"": [], ""kana_targets"": [179]}, {""kind"": ""particle"", ""kana"": ""で""}, {""kind"": ""word"", ""ja"": ""コーヒー"", ""reading"": ""こーひー"", ""en"": ""coffee"", ""kanji"": [], ""targets"": [], ""kana_targets"": [122]}, {""kind"": ""particle"", ""kana"": ""を""}, {""kind"": ""word"", ""ja"": ""飲む"", ""reading"": ""のむ"", ""en"": ""drink"", ""kanji"": [""飲""], ""targets"": [58]}]"
s928,[61],[189],"[{""kind"": ""word"", ""ja"": ""レンジ"", ""reading"": ""れんじ"", ""en"": ""microwave"", ""kanji"": [], ""targets"": [], ""kana_targets"": [189]}, {""kind"": ""particle"", ""kana"": ""に""}, {""kind"": ""word"", ""ja"": ""入れて"", ""reading"": ""いれて"", ""en"": ""put in"", ""kanji"": [""入""], ""targets"": [61], ""lemma"": ""入れる""}, {""kind"": ""particle"", ""kana"": ""ください""}]"
s929,[61],"[192, 83]","[{""kind"": ""word"", ""ja"": ""タッパー"", ""reading"": ""たっぱー"", ""en"": ""food container"", ""kanji"": [], ""targets"": [], ""kana_targets"": [192]}, {""kind"": ""particle"", ""kana"": ""に""}, {""kind"": ""word"", ""ja"": ""おかず"", ""reading"": ""おかず"", ""en"": ""side dish"", ""kanji"": [], ""targets"": [], ""kana_targets"": [83]}, {""kind"": ""particle"", ""kana"": ""を""}, {""kind"": ""word"", ""ja"": ""入れる"", ""reading"": ""いれる"", ""en"": ""put in"", ""kanji"": [""入""], ""targets"": [61]}]"
s930,[113],"[71, 73]","[{""kind"": ""word"", ""ja"": ""はさみ"", ""reading"": ""はさみ"", ""en"": ""scissors"", ""kanji"": [], ""targets"": [], ""kana_targets"": [71]}, {""kind"": ""particle"", ""kana"": ""で""}, {""kind"": ""word"", ""ja"": ""ひも"", ""reading"": ""ひも"", ""en"": ""string"", ""kanji"": [], ""targets"": [], ""kana_targets"": [73]}, {""kind"": ""particle"", ""kana"": ""を""}, {""kind"": ""word"", ""ja"": ""切る"", ""reading"": ""きる"", ""en"": ""cut"", ""kanji"": [""切""], ""targets"": [113]}]"
s931,"[51, 144]","[69, 16]","[{""kind"": ""word"", ""ja"": ""ほうき"", ""reading"": ""ほうき"", ""en"": ""broom"", ""kanji"": [], ""targets"": [], ""kana_targets"": [69]}, {""kind"": ""particle"", ""kana"": ""で""}, {""kind"": ""word"", ""ja"": ""家"", ""reading"": ""いえ"", ""en"": ""house"", ""kanji"": [""家""], ""targets"": [51]}, {""kind"": ""particle"", ""kana"": ""の""}, {""kind"": ""word"", ""ja"": ""前"", ""reading"": ""まえ"", ""en"": ""front"", ""kanji"": [""前""], ""targets"": [144]}, {""kind"": ""particle"", ""kana"": ""を""}, {""kind"": ""word"", ""ja"": ""きれい"", ""reading"": ""きれい"", ""en"": ""clean"", ""kanji"": [], ""targets"": [], ""kana_targets"": [16]}, {""kind"": ""particle"", ""kana"": ""に""}, {""kind"": ""particle"", ""kana"": ""する""}]"
s932,"[186, 88, 61]",[70],"[{""kind"": ""word"", ""ja"": ""たんす"", ""reading"": ""たんす"", ""en"": ""dresser"", ""kanji"": [], ""targets"": [], ""kana_targets"": [70]}, {""kind"": ""particle"", ""kana"": ""に""}, {""kind"": ""word"", ""ja"": ""着る"", ""reading"": ""きる"", ""en"": ""wear"", ""kanji"": [""着""], ""targets"": [186]}, {""kind"": ""word"", ""ja"": ""物"", ""reading"": ""もの"", ""en"": ""things"", ""kanji"": [""物""], ""targets"": [88]}, {""kind"": ""particle"", ""kana"": ""を""}, {""kind"": ""word"", ""ja"": ""入れる"", ""reading"": ""いれる"", ""en"": ""put in"", ""kanji"": [""入""], ""targets"": [61]}]"
s933,[195],[175],"[{""kind"": ""word"", ""ja"": ""カーテン"", ""reading"": ""かーてん"", ""en"": ""curtain"", ""kanji"": [], ""targets"": [], ""kana_targets"": [175]}, {""kind"": ""particle"", ""kana"": ""を""}, {""kind"": ""word"", ""ja"": ""開けて"", ""reading"": ""あけて"", ""en"": ""open"", ""kanji"": [""開""], ""targets"": [195], ""lemma"": ""開ける""}, {""kind"": ""particle"", ""kana"": ""ください""}]"
s934,[195],[203],"[{""kind"": ""word"", ""ja"": ""ドア"", ""reading"": ""どあ"", ""en"": ""door"", ""kanji"": [], ""targets"": [], ""kana_targets"": [203]}, {""kind"": ""particle"", ""kana"": ""を""}, {""kind"": ""word"", ""ja"": ""開ける"", ""reading"": ""あける"", ""en"": ""open"", ""kanji"": [""開""], ""targets"": [195]}]"
s935,[16],"[137, 136, 266]","[{""kind"": ""word"", ""ja"": ""マッチ"", ""reading"": ""まっち"", ""en"": ""match"", ""kanji"": [], ""targets"": [], ""kana_targets"": [137]}, {""kind"": ""particle"", ""kana"": ""で""}, {""kind"": ""word"", ""ja"": ""ロウソク"", ""reading"": ""ろうそく"", ""en"": ""candle"", ""kanji"": [], ""targets"": [], ""kana_targets"": [136]}, {""kind"": ""particle"", ""kana"": ""に""}, {""kind"": ""word"", ""ja"": ""火"", ""reading"": ""ひ"", ""en"": ""fire"", ""kanji"": [""火""], ""targets"": [16]}, {""kind"": ""particle"", ""kana"": ""を""}, {""kind"": ""word"", ""ja"": ""つける"", ""reading"": ""つける"", ""en"": ""light"", ""kanji"": [], ""targets"": [], ""kana_targets"": [266]}]"
s936,[75],[146],"[{""kind"": ""word"", ""ja"": ""ホコリ"", ""reading"": ""ほこり"", ""en"": ""dust"", ""kanji"": [], ""targets"": [], ""kana_targets"": [146]}, {""kind"": ""particle"", ""kana"": ""が""}, {""kind"": ""word"", ""ja"": ""多い"", ""reading"": ""おおい"", ""en"": ""a lot"", ""kanji"": [""多""], ""targets"": [75]}, {""kind"": ""particle"", ""kana"": ""です""}]"
s937,[184],[140],"[{""kind"": ""word"", ""ja"": ""ガス"", ""reading"": ""がす"", ""en"": ""gas"", ""kanji"": [], ""targets"": [], ""kana_targets"": [140]}, {""kind"": ""particle"", ""kana"": ""を""}, {""kind"": ""word"", ""ja"": ""止めて"", ""reading"": ""とめて"", ""en"": ""turn off"", ""kanji"": [""止""], ""targets"": [184], ""lemma"": ""止める""}, {""kind"": ""particle"", ""kana"": ""ください""}]"
s938,"[175, 55]",[145],"[{""kind"": ""word"", ""ja"": ""ハンコ"", ""reading"": ""はんこ"", ""en"": ""seal"", ""kanji"": [], ""targets"": [], ""kana_targets"": [145]}, {""kind"": ""particle"", ""kana"": ""を""}, {""kind"": ""word"", ""ja"": ""持って"", ""reading"": ""もって"", ""en"": ""bring"", ""kanji"": [""持""], ""targets"": [175], ""lemma"": ""持つ""}, {""kind"": ""word"", ""ja"": ""来て"", ""reading"": ""きて"", ""en"": ""come"", ""kanji"": [""来""], ""targets"": [55], ""lemma"": ""来る""}, {""kind"": ""particle"", ""kana"": ""ください""}]"
s939,"[149, 14, 186]",[147],"[{""kind"": ""word"", ""ja"": ""雨"", ""reading"": ""あめ"", ""en"": ""rain"", ""kanji"": [""雨""], ""targets"": [149]}, {""kind"": ""particle"", ""kana"": ""の""}, {""kind"": ""word"", ""ja"": ""日"", ""reading"": ""ひ"", ""en"": ""day"", ""kanji"": [""日""], ""targets"": [14]}, {""kind"": ""particle"", ""kana"": ""は""}, {""kind"": ""word"", ""ja"": ""カッパ"", ""reading"": ""かっぱ"", ""en"": ""raincoat"", ""kanji"": [], ""targets"": [], ""kana_targets"": [147]}, {""kind"": ""particle"", ""kana"": ""を""}, {""kind"": ""word"", ""ja"": ""着る"", ""reading"": ""きる"", ""en"": ""wear"", ""kanji"": [""着""], ""targets"": [186]}]"
s940,[195],[142],"[{""kind"": ""word"", ""ja"": ""ページ"", ""reading"": ""ぺーじ"", ""en"": ""page"", ""kanji"": [], ""targets"": [], ""kana_targets"": [142]}, {""kind"": ""particle"", ""kana"": ""を""}, {""kind"": ""word"", ""ja"": ""開いて"", ""reading"": ""ひらいて"", ""en"": ""open"", ""kanji"": [""開""], ""targets"": [195], ""lemma"": ""開く""}, {""kind"": ""particle"", ""kana"": ""ください""}]"
s941,[62],"[134, 180]","[{""kind"": ""word"", ""ja"": ""ガラス"", ""reading"": ""がらす"", ""en"": ""glass"", ""kanji"": [], ""targets"": [], ""kana_targets"": [134]}, {""kind"": ""particle"", ""kana"": ""の""}, {""kind"": ""word"", ""ja"": ""コップ"", ""reading"": ""こっぷ"", ""en"": ""cup"", ""kanji"": [], ""targets"": [], ""kana_targets"": [180]}, {""kind"": ""particle"", ""kana"": ""を""}, {""kind"": ""word"", ""ja"": ""買いました"", ""reading"": ""かいました"", ""en"": ""bought"", ""kanji"": [""買""], ""targets"": [62], ""lemma"": ""買う""}]"
s942,[1],"[138, 267]","[{""kind"": ""word"", ""ja"": ""ボタン"", ""reading"": ""ぼたん"", ""en"": ""button"", ""kanji"": [], ""targets"": [], ""kana_targets"": [138]}, {""kind"": ""particle"", ""kana"": ""を""}, {""kind"": ""word"", ""ja"": ""一つ"", ""reading"": ""ひとつ"", ""en"": ""one"", ""kanji"": [""一""], ""targets"": [1]}, {""kind"": ""word"", ""ja"": ""なくした"", ""reading"": ""なくした"", ""en"": ""lost"", ""kanji"": [], ""targets"": [], ""kana_targets"": [267], ""lemma"": ""なくす""}]"
s943,"[71, 61]",[225],"[{""kind"": ""word"", ""ja"": ""ダンボール"", ""reading"": ""だんぼーる"", ""en"": ""cardboard box"", ""kanji"": [], ""targets"": [], ""kana_targets"": [225]}, {""kind"": ""particle"", ""kana"": ""に""}, {""kind"": ""word"", ""ja"": ""本"", ""reading"": ""ほん"", ""en"": ""books"", ""kanji"": [""本""], ""targets"": [71]}, {""kind"": ""particle"", ""kana"": ""を""}, {""kind"": ""word"", ""ja"": ""入れる"", ""reading"": ""いれる"", ""en"": ""put in"", ""kanji"": [""入""], ""targets"": [61]}]"
s944,"[17, 61]",[193],"[{""kind"": ""word"", ""ja"": ""バケツ"", ""reading"": ""ばけつ"", ""en"": ""bucket"", ""kanji"": [], ""targets"": [], ""kana_targets"": [193]}, {""kind"": ""particle"", ""kana"": ""に""}, {""kind"": ""word"", ""ja"": ""水"", ""reading"": ""みず"", ""en"": ""water"", ""kanji"": [""水""], ""targets"": [17]}, {""kind"": ""particle"", ""kana"": ""を""}, {""kind"": ""word"", ""ja"": ""入れる"", ""reading"": ""いれる"", ""en"": ""put in"", ""kanji"": [""入""], ""targets"": [61]}]"
s945,"[3, 62]",[204],"[{""kind"": ""word"", ""ja"": ""タオル"", ""reading"": ""たおる"", ""en"": ""towel"", ""kanji"": [], ""targets"": [], ""kana_targets"": [204]}, {""kind"": ""particle"", ""kana"": ""を""}, {""kind"": ""word"", ""ja"": ""三つ"", ""reading"": ""みっつ"", ""en"": ""three"", ""kanji"": [""三""], ""targets"": [3]}, {""kind"": ""word"", ""ja"": ""買う"", ""reading"": ""かう"", ""en"": ""buy"", ""kanji"": [""買""], ""targets"": [62]}]"
s946,"[43, 58]","[215, 122]","[{""kind"": ""word"", ""ja"": ""小さい"", ""reading"": ""ちいさい"", ""en"": ""small"", ""kanji"": [""小""], ""targets"": [43]}, {""kind"": ""word"", ""ja"": ""ベランダ"", ""reading"": ""べらんだ"", ""en"": ""balcony"", ""kanji"": [], ""targets"": [], ""kana_targets"": [215]}, {""kind"": ""particle"", ""kana"": ""で""}, {""kind"": ""word"", ""ja"": ""コーヒー"", ""reading"": ""こーひー"", ""en"": ""coffee"", ""kanji"": [], ""targets"": [], ""kana_targets"": [122]}, {""kind"": ""particle"", ""kana"": ""を""}, {""kind"": ""word"", ""ja"": ""飲む"", ""reading"": ""のむ"", ""en"": ""drink"", ""kanji"": [""飲""], ""targets"": [58]}]"
s947,[60],[35],"[{""kind"": ""word"", ""ja"": ""くしゃみ"", ""reading"": ""くしゃみ"", ""en"": ""sneeze"", ""kanji"": [], ""targets"": [], ""kana_targets"": [35]}, {""kind"": ""particle"", ""kana"": ""が""}, {""kind"": ""word"", ""ja"": ""出ます"", ""reading"": ""でます"", ""en"": ""comes out"", ""kanji"": [""出""], ""targets"": [60], ""lemma"": ""出る""}]"
s948,"[162, 60]",[36],"[{""kind"": ""word"", ""ja"": ""朝"", ""reading"": ""あさ"", ""en"": ""morning"", ""kanji"": [""朝""], ""targets"": [162]}, {""kind"": ""particle"", ""kana"": ""から""}, {""kind"": ""word"", ""ja"": ""あくび"", ""reading"": ""あくび"", ""en"": ""yawn"", ""kanji"": [], ""targets"": [], ""kana_targets"": [36]}, {""kind"": ""particle"", ""kana"": ""が""}, {""kind"": ""word"", ""ja"": ""出る"", ""reading"": ""でる"", ""en"": ""come out"", ""kanji"": [""出""], ""targets"": [60]}]"
s949,[37],"[37, 18]","[{""kind"": ""word"", ""ja"": ""父"", ""reading"": ""ちち"", ""en"": ""father"", ""kanji"": [""父""], ""targets"": [37]}, {""kind"": ""particle"", ""kana"": ""の""}, {""kind"": ""word"", ""ja"": ""いびき"", ""reading"": ""いびき"", ""en"": ""snoring"", ""kanji"": [], ""targets"": [], ""kana_targets"": [37]}, {""kind"": ""particle"", ""kana"": ""は""}, {""kind"": ""word"", ""ja"": ""うるさい"", ""reading"": ""うるさい"", ""en"": ""loud"", ""kanji"": [], ""targets"": [], ""kana_targets"": [18]}]"
s950,[184],[38],"[{""kind"": ""word"", ""ja"": ""しゃっくり"", ""reading"": ""しゃっくり"", ""en"": ""hiccups"", ""kanji"": [], ""targets"": [], ""kana_targets"": [38]}, {""kind"": ""particle"", ""kana"": ""が""}, {""kind"": ""word"", ""ja"": ""止まらない"", ""reading"": ""とまらない"", ""en"": ""won't stop"", ""kanji"": [""止""], ""targets"": [184], ""lemma"": ""止まる""}]"
s951,"[118, 119, 54]",[41],"[{""kind"": ""word"", ""ja"": ""めまい"", ""reading"": ""めまい"", ""en"": ""dizziness"", ""kanji"": [], ""targets"": [], ""kana_targets"": [41]}, {""kind"": ""particle"", ""kana"": ""が""}, {""kind"": ""particle"", ""kana"": ""して""}, {""kind"": ""word"", ""ja"": ""病院"", ""reading"": ""びょういん"", ""en"": ""hospital"", ""kanji"": [""病"", ""院""], ""targets"": [118, 119]}, {""kind"": ""particle"", ""kana"": ""に""}, {""kind"": ""word"", ""ja"": ""行きました"", ""reading"": ""いきました"", ""en"": ""went"", ""kanji"": [""行""], ""targets"": [54], ""lemma"": ""行く""}]"
s952,[160],[33],"[{""kind"": ""word"", ""ja"": ""足"", ""reading"": ""あし"", ""en"": ""leg"", ""kanji"": [""足""], ""targets"": [160]}, {""kind"": ""particle"", ""kana"": ""に""}, {""kind"": ""word"", ""ja"": ""けが"", ""reading"": ""けが"", ""en"": ""injury"", ""kanji"": [], ""targets"": [], ""kana_targets"": [33]}, {""kind"": ""particle"", ""kana"": ""を""}, {""kind"": ""particle"", ""kana"": ""しました""}]"
s953,[100],[34],"[{""kind"": ""word"", ""ja"": ""手"", ""reading"": ""て"", ""en"": ""hand"", ""kanji"": [""手""], ""targets"": [100]}, {""kind"": ""particle"", ""kana"": ""に""}, {""kind"": ""word"", ""ja"": ""やけど"", ""reading"": ""やけど"", ""en"": ""burn"", ""kanji"": [], ""targets"": [], ""kana_targets"": [34]}, {""kind"": ""particle"", ""kana"": ""を""}, {""kind"": ""particle"", ""kana"": ""した""}]"
s954,"[47, 144, 194]",[13],"[{""kind"": ""word"", ""ja"": ""駅"", ""reading"": ""えき"", ""en"": ""station"", ""kanji"": [""駅""], ""targets"": [47]}, {""kind"": ""particle"", ""kana"": ""の""}, {""kind"": ""word"", ""ja"": ""前"", ""reading"": ""まえ"", ""en"": ""front"", ""kanji"": [""前""], ""targets"": [144]}, {""kind"": ""particle"", ""kana"": ""で""}, {""kind"": ""word"", ""ja"": ""つまずいて"", ""reading"": ""つまずいて"", ""en"": ""tripped"", ""kanji"": [], ""targets"": [], ""kana_targets"": [13], ""lemma"": ""つまずく""}, {""kind"": ""word"", ""ja"": ""転びました"", ""reading"": ""ころびました"", ""en"": ""fell down"", ""kanji"": [""転""], ""targets"": [194], ""lemma"": ""転ぶ""}]"
s955,[206],[45],"[{""kind"": ""word"", ""ja"": ""まぶた"", ""reading"": ""まぶた"", ""en"": ""eyelids"", ""kanji"": [], ""targets"": [], ""kana_targets"": [45]}, {""kind"": ""particle"", ""kana"": ""が""}, {""kind"": ""word"", ""ja"": ""重い"", ""reading"": ""おもい"", ""en"": ""heavy"", ""kanji"": [""重""], ""targets"": [206]}, {""kind"": ""particle"", ""kana"": ""です""}]"
s956,"[77, 49, 183, 206]",[46],"[{""kind"": ""word"", ""ja"": ""長い"", ""reading"": ""ながい"", ""en"": ""long"", ""kanji"": [""長""], ""targets"": [77]}, {""kind"": ""word"", ""ja"": ""道"", ""reading"": ""みち"", ""en"": ""road"", ""kanji"": [""道""], ""targets"": [49]}, {""kind"": ""particle"", ""kana"": ""を""}, {""kind"": ""word"", ""ja"": ""歩いて"", ""reading"": ""あるいて"", ""en"": ""walked"", ""kanji"": [""歩""], ""targets"": [183], ""lemma"": ""歩く""}, {""kind"": ""word"", ""ja"": ""かかと"", ""reading"": ""かかと"", ""en"": ""heels"", ""kanji"": [], ""targets"": [], ""kana_targets"": [46]}, {""kind"": ""particle"", ""kana"": ""が""}, {""kind"": ""word"", ""ja"": ""重い"", ""reading"": ""おもい"", ""en"": ""heavy"", ""kanji"": [""重""], ""targets"": [206]}]"
s957,[206],[47],"[{""kind"": ""word"", ""ja"": ""ふくらはぎ"", ""reading"": ""ふくらはぎ"", ""en"": ""calves"", ""kanji"": [], ""targets"": [], ""kana_targets"": [47]}, {""kind"": ""particle"", ""kana"": ""が""}, {""kind"": ""word"", ""ja"": ""重い"", ""reading"": ""おもい"", ""en"": ""heavy"", ""kanji"": [""重""], ""targets"": [206]}, {""kind"": ""particle"", ""kana"": ""です""}]"
s958,"[113, 60]",[48],"[{""kind"": ""word"", ""ja"": ""ひげ"", ""reading"": ""ひげ"", ""en"": ""beard"", ""kanji"": [], ""targets"": [], ""kana_targets"": [48]}, {""kind"": ""particle"", ""kana"": ""を""}, {""kind"": ""word"", ""ja"": ""切って"", ""reading"": ""きって"", ""en"": ""trim"", ""kanji"": [""切""], ""targets"": [113], ""lemma"": ""切る""}, {""kind"": ""word"", ""ja"": ""出かける"", ""reading"": ""でかける"", ""en"": ""go out"", ""kanji"": [""出""], ""targets"": [60], ""lemma"": ""出る""}]"
s959,[77],"[103, 49]","[{""kind"": ""word"", ""ja"": ""きつね"", ""reading"": ""きつね"", ""en"": ""fox"", ""kanji"": [], ""targets"": [], ""kana_targets"": [103]}, {""kind"": ""particle"", ""kana"": ""の""}, {""kind"": ""word"", ""ja"": ""しっぽ"", ""reading"": ""しっぽ"", ""en"": ""tail"", ""kanji"": [], ""targets"": [], ""kana_targets"": [49]}, {""kind"": ""particle"", ""kana"": ""は""}, {""kind"": ""word"", ""ja"": ""長い"", ""reading"": ""ながい"", ""en"": ""long"", ""kanji"": [""長""], ""targets"": [77]}]"
s960,[60],"[42, 50]","[{""kind"": ""word"", ""ja"": ""にきび"", ""reading"": ""にきび"", ""en"": ""pimples"", ""kanji"": [], ""targets"": [], ""kana_targets"": [42]}, {""kind"": ""particle"", ""kana"": ""が""}, {""kind"": ""word"", ""ja"": ""たくさん"", ""reading"": ""たくさん"", ""en"": ""a lot"", ""kanji"": [], ""targets"": [], ""kana_targets"": [50]}, {""kind"": ""word"", ""ja"": ""出た"", ""reading"": ""でた"", ""en"": ""appeared"", ""kanji"": [""出""], ""targets"": [60], ""lemma"": ""出る""}]"
s961,"[159, 85, 86, 57]",[],"[{""kind"": ""word"", ""ja"": ""体"", ""reading"": ""からだ"", ""en"": ""body"", ""kanji"": [""体""], ""targets"": [159]}, {""kind"": ""particle"", ""kana"": ""の""}, {""kind"": ""word"", ""ja"": ""ため"", ""reading"": ""ため"", ""en"": ""sake"", ""kanji"": [], ""targets"": []}, {""kind"": ""particle"", ""kana"": ""に""}, {""kind"": ""word"", ""ja"": ""野菜"", ""reading"": ""やさい"", ""en"": ""vegetables"", ""kanji"": [""野"", ""菜""], ""targets"": [85, 86]}, {""kind"": ""particle"", ""kana"": ""を""}, {""kind"": ""word"", ""ja"": ""食べる"", ""reading"": ""たべる"", ""en"": ""eat"", ""kanji"": [""食""], ""targets"": [57]}]"
s962,"[159, 203]",[235],"[{""kind"": ""word"", ""ja"": ""ジム"", ""reading"": ""じむ"", ""en"": ""gym"", ""kanji"": [], ""targets"": [], ""kana_targets"": [235]}, {""kind"": ""particle"", ""kana"": ""で""}, {""kind"": ""word"", ""ja"": ""体"", ""reading"": ""からだ"", ""en"": ""body"", ""kanji"": [""体""], ""targets"": [159]}, {""kind"": ""particle"", ""kana"": ""を""}, {""kind"": ""word"", ""ja"": ""強く"", ""reading"": ""つよく"", ""en"": ""strong"", ""kanji"": [""強""], ""targets"": [203], ""lemma"": ""強い""}, {""kind"": ""particle"", ""kana"": ""する""}]"
s963,[54],[236],"[{""kind"": ""word"", ""ja"": ""プール"", ""reading"": ""ぷーる"", ""en"": ""pool"", ""kanji"": [], ""targets"": [], ""kana_targets"": [236]}, {""kind"": ""particle"", ""kana"": ""に""}, {""kind"": ""word"", ""ja"": ""行きます"", ""reading"": ""いきます"", ""en"": ""go"", ""kanji"": [""行""], ""targets"": [54], ""lemma"": ""行く""}]"
s964,[145],"[237, 123, 20]","[{""kind"": ""word"", ""ja"": ""サウナ"", ""reading"": ""さうな"", ""en"": ""sauna"", ""kanji"": [], ""targets"": [], ""kana_targets"": [237]}, {""kind"": ""particle"", ""kana"": ""の""}, {""kind"": ""word"", ""ja"": ""後"", ""reading"": ""あと"", ""en"": ""after"", ""kanji"": [""後""], ""targets"": [145]}, {""kind"": ""particle"", ""kana"": ""の""}, {""kind"": ""word"", ""ja"": ""ビール"", ""reading"": ""びーる"", ""en"": ""beer"", ""kanji"": [], ""targets"": [], ""kana_targets"": [123]}, {""kind"": ""particle"", ""kana"": ""は""}, {""kind"": ""word"", ""ja"": ""うまい"", ""reading"": ""うまい"", ""en"": ""delicious"", ""kanji"": [], ""targets"": [], ""kana_targets"": [20]}]"
s965,"[36, 54]",[232],"[{""kind"": ""word"", ""ja"": ""友だち"", ""reading"": ""ともだち"", ""en"": ""friend"", ""kanji"": [""友""], ""targets"": [36]}, {""kind"": ""particle"", ""kana"": ""と""}, {""kind"": ""word"", ""ja"": ""カラオケ"", ""reading"": ""からおけ"", ""en"": ""karaoke"", ""kanji"": [], ""targets"": [], ""kana_targets"": [232]}, {""kind"": ""particle"", ""kana"": ""に""}, {""kind"": ""word"", ""ja"": ""行く"", ""reading"": ""いく"", ""en"": ""go"", ""kanji"": [""行""], ""targets"": [54]}]"
s966,[54],[233],"[{""kind"": ""word"", ""ja"": ""ゲーセン"", ""reading"": ""げーせん"", ""en"": ""arcade"", ""kanji"": [], ""targets"": [], ""kana_targets"": [233]}, {""kind"": ""particle"", ""kana"": ""に""}, {""kind"": ""word"", ""ja"": ""行きました"", ""reading"": ""いきました"", ""en"": ""went"", ""kanji"": [""行""], ""targets"": [54], ""lemma"": ""行く""}]"
s967,"[19, 173]","[234, 8]","[{""kind"": ""word"", ""ja"": ""パチンコ"", ""reading"": ""ぱちんこ"", ""en"": ""pachinko"", ""kanji"": [], ""targets"": [], ""kana_targets"": [234]}, {""kind"": ""particle"", ""kana"": ""で""}, {""kind"": ""word"", ""ja"": ""お金"", ""reading"": ""おかね"", ""en"": ""money"", ""kanji"": [""金""], ""targets"": [19]}, {""kind"": ""particle"", ""kana"": ""を""}, {""kind"": ""word"", ""ja"": ""使って"", ""reading"": ""つかって"", ""en"": ""spent"", ""kanji"": [""使""], ""targets"": [173], ""lemma"": ""使う""}, {""kind"": ""word"", ""ja"": ""しまった"", ""reading"": ""しまった"", ""en"": ""ended up"", ""kanji"": [], ""targets"": [], ""kana_targets"": [8], ""lemma"": ""しまう""}]"
s968,[62],"[240, 135]","[{""kind"": ""word"", ""ja"": ""ドラッグストア"", ""reading"": ""どらっぐすとあ"", ""en"": ""drugstore"", ""kanji"": [], ""targets"": [], ""kana_targets"": [240]}, {""kind"": ""particle"", ""kana"": ""で""}, {""kind"": ""word"", ""ja"": ""セッケン"", ""reading"": ""せっけん"", ""en"": ""soap"", ""kanji"": [], ""targets"": [], ""kana_targets"": [135]}, {""kind"": ""particle"", ""kana"": ""を""}, {""kind"": ""word"", ""ja"": ""買う"", ""reading"": ""かう"", ""en"": ""buy"", ""kanji"": [""買""], ""targets"": [62]}]"
s969,[62],"[241, 72]","[{""kind"": ""word"", ""ja"": ""ホームセンター"", ""reading"": ""ほーむせんたー"", ""en"": ""hardware store"", ""kanji"": [], ""targets"": [], ""kana_targets"": [241]}, {""kind"": ""particle"", ""kana"": ""で""}, {""kind"": ""word"", ""ja"": ""ねじ"", ""reading"": ""ねじ"", ""en"": ""screws"", ""kanji"": [], ""targets"": [], ""kana_targets"": [72]}, {""kind"": ""particle"", ""kana"": ""を""}, {""kind"": ""word"", ""ja"": ""買いました"", ""reading"": ""かいました"", ""en"": ""bought"", ""kanji"": [""買""], ""targets"": [62], ""lemma"": ""買う""}]"
s970,[68],[246],"[{""kind"": ""word"", ""ja"": ""コインランドリー"", ""reading"": ""こいんらんどりー"", ""en"": ""laundromat"", ""kanji"": [], ""targets"": [], ""kana_targets"": [246]}, {""kind"": ""particle"", ""kana"": ""で""}, {""kind"": ""word"", ""ja"": ""待つ"", ""reading"": ""まつ"", ""en"": ""wait"", ""kanji"": [""待""], ""targets"": [68]}]"
s971,"[47, 207]","[248, 1]","[{""kind"": ""word"", ""ja"": ""ガソリンスタンド"", ""reading"": ""がそりんすたんど"", ""en"": ""gas station"", ""kanji"": [], ""targets"": [], ""kana_targets"": [248]}, {""kind"": ""particle"", ""kana"": ""は""}, {""kind"": ""word"", ""ja"": ""駅"", ""reading"": ""えき"", ""en"": ""station"", ""kanji"": [""駅""], ""targets"": [47]}, {""kind"": ""particle"", ""kana"": ""の""}, {""kind"": ""word"", ""ja"": ""近く"", ""reading"": ""ちかく"", ""en"": ""near"", ""kanji"": [""近""], ""targets"": [207]}, {""kind"": ""particle"", ""kana"": ""に""}, {""kind"": ""word"", ""ja"": ""ある"", ""reading"": ""ある"", ""en"": ""is located"", ""kanji"": [], ""targets"": [], ""kana_targets"": [1]}]"
s972,[74],[258],"[{""kind"": ""word"", ""ja"": ""ビジネスホテル"", ""reading"": ""びじねすほてる"", ""en"": ""business hotel"", ""kanji"": [], ""targets"": [], ""kana_targets"": [258]}, {""kind"": ""particle"", ""kana"": ""は""}, {""kind"": ""word"", ""ja"": ""安い"", ""reading"": ""やすい"", ""en"": ""cheap"", ""kanji"": [""安""], ""targets"": [74]}, {""kind"": ""particle"", ""kana"": ""です""}]"
s973,[61],"[259, 1]","[{""kind"": ""word"", ""ja"": ""カプセルホテル"", ""reading"": ""かぷせるほてる"", ""en"": ""capsule hotel"", ""kanji"": [], ""targets"": [], ""kana_targets"": [259]}, {""kind"": ""particle"", ""kana"": ""に""}, {""kind"": ""word"", ""ja"": ""入った"", ""reading"": ""はいった"", ""en"": ""stayed in"", ""kanji"": [""入""], ""targets"": [61], ""lemma"": ""入る""}, {""kind"": ""particle"", ""kana"": ""こと""}, {""kind"": ""particle"", ""kana"": ""が""}, {""kind"": ""word"", ""ja"": ""ある"", ""reading"": ""ある"", ""en"": ""have (experience)"", ""kanji"": [], ""targets"": [], ""kana_targets"": [1]}]"
s974,"[70, 187]",[208],"[{""kind"": ""word"", ""ja"": ""新しい"", ""reading"": ""あたらしい"", ""en"": ""new"", ""kanji"": [""新""], ""targets"": [70]}, {""kind"": ""word"", ""ja"": ""マンション"", ""reading"": ""まんしょん"", ""en"": ""condo"", ""kanji"": [], ""targets"": [], ""kana_targets"": [208]}, {""kind"": ""particle"", ""kana"": ""に""}, {""kind"": ""word"", ""ja"": ""住む"", ""reading"": ""すむ"", ""en"": ""live"", ""kanji"": [""住""], ""targets"": [187]}]"
s975,"[47, 207]",[209],"[{""kind"": ""word"", ""ja"": ""アパート"", ""reading"": ""あぱーと"", ""en"": ""apartment"", ""kanji"": [], ""targets"": [], ""kana_targets"": [209]}, {""kind"": ""particle"", ""kana"": ""は""}, {""kind"": ""word"", ""ja"": ""駅"", ""reading"": ""えき"", ""en"": ""station"", ""kanji"": [""駅""], ""targets"": [47]}, {""kind"": ""particle"", ""kana"": ""から""}, {""kind"": ""word"", ""ja"": ""近い"", ""reading"": ""ちかい"", ""en"": ""close"", ""kanji"": [""近""], ""targets"": [207]}]"
s976,"[39, 48, 56]",[207],"[{""kind"": ""word"", ""ja"": ""ビル"", ""reading"": ""びる"", ""en"": ""building"", ""kanji"": [], ""targets"": [], ""kana_targets"": [207]}, {""kind"": ""particle"", ""kana"": ""の""}, {""kind"": ""word"", ""ja"": ""上"", ""reading"": ""うえ"", ""en"": ""top"", ""kanji"": [""上""], ""targets"": [39]}, {""kind"": ""particle"", ""kana"": ""から""}, {""kind"": ""word"", ""ja"": ""町"", ""reading"": ""まち"", ""en"": ""town"", ""kanji"": [""町""], ""targets"": [48]}, {""kind"": ""particle"", ""kana"": ""を""}, {""kind"": ""word"", ""ja"": ""見る"", ""reading"": ""みる"", ""en"": ""look at"", ""kanji"": [""見""], ""targets"": [56]}]"
s977,[],[213],"[{""kind"": ""word"", ""ja"": ""トイレ"", ""reading"": ""といれ"", ""en"": ""bathroom"", ""kanji"": [], ""targets"": [], ""kana_targets"": [213]}, {""kind"": ""particle"", ""kana"": ""は""}, {""kind"": ""word"", ""ja"": ""どこ"", ""reading"": ""どこ"", ""en"": ""where"", ""kanji"": [], ""targets"": []}, {""kind"": ""particle"", ""kana"": ""です""}, {""kind"": ""particle"", ""kana"": ""か""}]"
s978,"[39, 54]",[216],"[{""kind"": ""word"", ""ja"": ""エレベーター"", ""reading"": ""えれべーたー"", ""en"": ""elevator"", ""kanji"": [], ""targets"": [], ""kana_targets"": [216]}, {""kind"": ""particle"", ""kana"": ""で""}, {""kind"": ""word"", ""ja"": ""上"", ""reading"": ""うえ"", ""en"": ""up"", ""kanji"": [""上""], ""targets"": [39]}, {""kind"": ""particle"", ""kana"": ""に""}, {""kind"": ""word"", ""ja"": ""行く"", ""reading"": ""いく"", ""en"": ""go"", ""kanji"": [""行""], ""targets"": [54]}]"
s979,"[245, 56]",[261],"[{""kind"": ""word"", ""ja"": ""タワー"", ""reading"": ""たわー"", ""en"": ""tower"", ""kanji"": [], ""targets"": [], ""kana_targets"": [261]}, {""kind"": ""particle"", ""kana"": ""から""}, {""kind"": ""word"", ""ja"": ""海"", ""reading"": ""うみ"", ""en"": ""sea"", ""kanji"": [""海""], ""targets"": [245]}, {""kind"": ""particle"", ""kana"": ""が""}, {""kind"": ""word"", ""ja"": ""見える"", ""reading"": ""みえる"", ""en"": ""can see"", ""kanji"": [""見""], ""targets"": [56], ""lemma"": ""見る""}]"
s980,"[30, 75]",[263],"[{""kind"": ""word"", ""ja"": ""スタジアム"", ""reading"": ""すたじあむ"", ""en"": ""stadium"", ""kanji"": [], ""targets"": [], ""kana_targets"": [263]}, {""kind"": ""particle"", ""kana"": ""に""}, {""kind"": ""word"", ""ja"": ""人"", ""reading"": ""ひと"", ""en"": ""people"", ""kanji"": [""人""], ""targets"": [30]}, {""kind"": ""particle"", ""kana"": ""が""}, {""kind"": ""word"", ""ja"": ""多い"", ""reading"": ""おおい"", ""en"": ""many"", ""kanji"": [""多""], ""targets"": [75]}]"
s981,[183],[252],"[{""kind"": ""word"", ""ja"": ""アーケード"", ""reading"": ""あーけーど"", ""en"": ""shopping arcade"", ""kanji"": [], ""targets"": [], ""kana_targets"": [252]}, {""kind"": ""particle"", ""kana"": ""を""}, {""kind"": ""word"", ""ja"": ""歩く"", ""reading"": ""あるく"", ""en"": ""walk"", ""kanji"": [""歩""], ""targets"": [183]}]"
s982,[68],[251],"[{""kind"": ""word"", ""ja"": ""ロータリー"", ""reading"": ""ろーたりー"", ""en"": ""station plaza"", ""kanji"": [], ""targets"": [], ""kana_targets"": [251]}, {""kind"": ""particle"", ""kana"": ""で""}, {""kind"": ""word"", ""ja"": ""待って"", ""reading"": ""まって"", ""en"": ""wait"", ""kanji"": [""待""], ""targets"": [68], ""lemma"": ""待つ""}, {""kind"": ""particle"", ""kana"": ""いて""}, {""kind"": ""particle"", ""kana"": ""ください""}]"
s983,"[253, 122, 65]",[253],"[{""kind"": ""word"", ""ja"": ""ハローワーク"", ""reading"": ""はろーわーく"", ""en"": ""employment office"", ""kanji"": [], ""targets"": [], ""kana_targets"": [253]}, {""kind"": ""particle"", ""kana"": ""で""}, {""kind"": ""word"", ""ja"": ""仕事"", ""reading"": ""しごと"", ""en"": ""job"", ""kanji"": [""仕"", ""事""], ""targets"": [253, 122]}, {""kind"": ""particle"", ""kana"": ""の""}, {""kind"": ""particle"", ""kana"": ""こと""}, {""kind"": ""particle"", ""kana"": ""を""}, {""kind"": ""word"", ""ja"": ""聞く"", ""reading"": ""きく"", ""en"": ""ask about"", ""kanji"": [""聞""], ""targets"": [65]}]"
s984,"[95, 94, 68]",[254],"[{""kind"": ""word"", ""ja"": ""ホーム"", ""reading"": ""ほーむ"", ""en"": ""platform"", ""kanji"": [], ""targets"": [], ""kana_targets"": [254]}, {""kind"": ""particle"", ""kana"": ""で""}, {""kind"": ""word"", ""ja"": ""電車"", ""reading"": ""でんしゃ"", ""en"": ""train"", ""kanji"": [""電"", ""車""], ""targets"": [95, 94]}, {""kind"": ""particle"", ""kana"": ""を""}, {""kind"": ""word"", ""ja"": ""待ちます"", ""reading"": ""まちます"", ""en"": ""wait for"", ""kanji"": [""待""], ""targets"": [68], ""lemma"": ""待つ""}]"
s985,"[70, 65, 62]",[255],"[{""kind"": ""word"", ""ja"": ""キオスク"", ""reading"": ""きおすく"", ""en"": ""kiosk"", ""kanji"": [], ""targets"": [], ""kana_targets"": [255]}, {""kind"": ""particle"", ""kana"": ""で""}, {""kind"": ""word"", ""ja"": ""新聞"", ""reading"": ""しんぶん"", ""en"": ""newspaper"", ""kanji"": [""新"", ""聞""], ""targets"": [70, 65]}, {""kind"": ""particle"", ""kana"": ""を""}, {""kind"": ""word"", ""ja"": ""買う"", ""reading"": ""かう"", ""en"": ""buy"", ""kanji"": [""買""], ""targets"": [62]}]"
s986,[61],"[256, 65]","[{""kind"": ""word"", ""ja"": ""コインロッカー"", ""reading"": ""こいんろっかー"", ""en"": ""coin locker"", ""kanji"": [], ""targets"": [], ""kana_targets"": [256]}, {""kind"": ""particle"", ""kana"": ""に""}, {""kind"": ""word"", ""ja"": ""かばん"", ""reading"": ""かばん"", ""en"": ""bag"", ""kanji"": [], ""targets"": [], ""kana_targets"": [65]}, {""kind"": ""particle"", ""kana"": ""を""}, {""kind"": ""word"", ""ja"": ""入れる"", ""reading"": ""いれる"", ""en"": ""put in"", ""kanji"": [""入""], ""targets"": [61]}]"
s987,[151],[250],"[{""kind"": ""word"", ""ja"": ""サービスエリア"", ""reading"": ""さーびすえりあ"", ""en"": ""rest stop"", ""kanji"": [], ""targets"": [], ""kana_targets"": [250]}, {""kind"": ""particle"", ""kana"": ""で""}, {""kind"": ""word"", ""ja"": ""休みました"", ""reading"": ""やすみました"", ""en"": ""rested"", ""kanji"": [""休""], ""targets"": [151], ""lemma"": ""休む""}]"
s988,"[94, 184]",[249],"[{""kind"": ""word"", ""ja"": ""コインパーキング"", ""reading"": ""こいんぱーきんぐ"", ""en"": ""pay parking lot"", ""kanji"": [], ""targets"": [], ""kana_targets"": [249]}, {""kind"": ""particle"", ""kana"": ""に""}, {""kind"": ""word"", ""ja"": ""車"", ""reading"": ""くるま"", ""en"": ""car"", ""kanji"": [""車""], ""targets"": [94]}, {""kind"": ""particle"", ""kana"": ""を""}, {""kind"": ""word"", ""ja"": ""止める"", ""reading"": ""とめる"", ""en"": ""park"", ""kanji"": [""止""], ""targets"": [184]}]"
s989,[60],[247],"[{""kind"": ""word"", ""ja"": ""クリーニング"", ""reading"": ""くりーにんぐ"", ""en"": ""dry cleaner"", ""kanji"": [], ""targets"": [], ""kana_targets"": [247]}, {""kind"": ""particle"", ""kana"": ""に""}, {""kind"": ""word"", ""ja"": ""出す"", ""reading"": ""だす"", ""en"": ""drop off"", ""kanji"": [""出""], ""targets"": [60]}]"
s990,"[171, 188]","[244, 70]","[{""kind"": ""word"", ""ja"": ""リサイクルショップ"", ""reading"": ""りさいくるしょっぷ"", ""en"": ""secondhand shop"", ""kanji"": [], ""targets"": [], ""kana_targets"": [244]}, {""kind"": ""particle"", ""kana"": ""で""}, {""kind"": ""word"", ""ja"": ""古い"", ""reading"": ""ふるい"", ""en"": ""old"", ""kanji"": [""古""], ""targets"": [171]}, {""kind"": ""word"", ""ja"": ""たんす"", ""reading"": ""たんす"", ""en"": ""dresser"", ""kanji"": [], ""targets"": [], ""kana_targets"": [70]}, {""kind"": ""particle"", ""kana"": ""を""}, {""kind"": ""word"", ""ja"": ""売る"", ""reading"": ""うる"", ""en"": ""sell"", ""kanji"": [""売""], ""targets"": [188]}]"
s991,[74],[243],"[{""kind"": ""word"", ""ja"": ""アウトレット"", ""reading"": ""あうとれっと"", ""en"": ""outlet mall"", ""kanji"": [], ""targets"": [], ""kana_targets"": [243]}, {""kind"": ""particle"", ""kana"": ""は""}, {""kind"": ""word"", ""ja"": ""安い"", ""reading"": ""やすい"", ""en"": ""cheap"", ""kanji"": [""安""], ""targets"": [74]}, {""kind"": ""particle"", ""kana"": ""です""}]"
s992,"[38, 54]",[242],"[{""kind"": ""word"", ""ja"": ""母"", ""reading"": ""はは"", ""en"": ""mother"", ""kanji"": [""母""], ""targets"": [38]}, {""kind"": ""particle"", ""kana"": ""と""}, {""kind"": ""word"", ""ja"": ""ショッピングモール"", ""reading"": ""しょっぴんぐもーる"", ""en"": ""shopping mall"", ""kanji"": [], ""targets"": [], ""kana_targets"": [242]}, {""kind"": ""particle"", ""kana"": ""に""}, {""kind"": ""word"", ""ja"": ""行く"", ""reading"": ""いく"", ""en"": ""go"", ""kanji"": [""行""], ""targets"": [54]}]"
s993,"[164, 54]",[239],"[{""kind"": ""word"", ""ja"": ""夜"", ""reading"": ""よる"", ""en"": ""night"", ""kanji"": [""夜""], ""targets"": [164]}, {""kind"": ""particle"", ""kana"": ""は""}, {""kind"": ""word"", ""ja"": ""ライブハウス"", ""reading"": ""らいぶはうす"", ""en"": ""music venue"", ""kanji"": [], ""targets"": [], ""kana_targets"": [239]}, {""kind"": ""particle"", ""kana"": ""に""}, {""kind"": ""word"", ""ja"": ""行く"", ""reading"": ""いく"", ""en"": ""go"", ""kanji"": [""行""], ""targets"": [54]}]"
s994,"[83, 58]",[231],"[{""kind"": ""word"", ""ja"": ""スナック"", ""reading"": ""すなっく"", ""en"": ""hostess bar"", ""kanji"": [], ""targets"": [], ""kana_targets"": [231]}, {""kind"": ""particle"", ""kana"": ""で""}, {""kind"": ""word"", ""ja"": ""酒"", ""reading"": ""さけ"", ""en"": ""sake"", ""kanji"": [""酒""], ""targets"": [83]}, {""kind"": ""particle"", ""kana"": ""を""}, {""kind"": ""word"", ""ja"": ""飲む"", ""reading"": ""のむ"", ""en"": ""drink"", ""kanji"": [""飲""], ""targets"": [58]}]"
s995,[151],[238],"[{""kind"": ""word"", ""ja"": ""ネカフェ"", ""reading"": ""ねかふぇ"", ""en"": ""internet cafe"", ""kanji"": [], ""targets"": [], ""kana_targets"": [238]}, {""kind"": ""particle"", ""kana"": ""で""}, {""kind"": ""word"", ""ja"": ""休む"", ""reading"": ""やすむ"", ""en"": ""rest"", ""kanji"": [""休""], ""targets"": [151]}]"
s996,"[153, 54]",[265],"[{""kind"": ""word"", ""ja"": ""兄"", ""reading"": ""あに"", ""en"": ""older brother"", ""kanji"": [""兄""], ""targets"": [153]}, {""kind"": ""particle"", ""kana"": ""と""}, {""kind"": ""word"", ""ja"": ""バッティングセンター"", ""reading"": ""ばってぃんぐせんたー"", ""en"": ""batting cages"", ""kanji"": [], ""targets"": [], ""kana_targets"": [265]}, {""kind"": ""particle"", ""kana"": ""に""}, {""kind"": ""word"", ""ja"": ""行く"", ""reading"": ""いく"", ""en"": ""go"", ""kanji"": [""行""], ""targets"": [54]}]"
s997,[54],[264],"[{""kind"": ""word"", ""ja"": ""シネコン"", ""reading"": ""しねこん"", ""en"": ""movie theater"", ""kanji"": [], ""targets"": [], ""kana_targets"": [264]}, {""kind"": ""particle"", ""kana"": ""に""}, {""kind"": ""word"", ""ja"": ""行きました"", ""reading"": ""いきました"", ""en"": ""went"", ""kanji"": [""行""], ""targets"": [54], ""lemma"": ""行く""}]"
s998,"[167, 45, 54]",[260],"[{""kind"": ""word"", ""ja"": ""夏"", ""reading"": ""なつ"", ""en"": ""summer"", ""kanji"": [""夏""], ""targets"": [167]}, {""kind"": ""particle"", ""kana"": ""は""}, {""kind"": ""word"", ""ja"": ""山"", ""reading"": ""やま"", ""en"": ""mountain"", ""kanji"": [""山""], ""targets"": [45]}, {""kind"": ""particle"", ""kana"": ""の""}, {""kind"": ""word"", ""ja"": ""ペンション"", ""reading"": ""ぺんしょん"", ""en"": ""guesthouse"", ""kanji"": [], ""targets"": [], ""kana_targets"": [260]}, {""kind"": ""particle"", ""kana"": ""に""}, {""kind"": ""word"", ""ja"": ""行く"", ""reading"": ""いく"", ""en"": ""go"", ""kanji"": [""行""], ""targets"": [54]}]"
s999,"[81, 57]",[226],"[{""kind"": ""word"", ""ja"": ""レストラン"", ""reading"": ""れすとらん"", ""en"": ""restaurant"", ""kanji"": [], ""targets"": [], ""kana_targets"": [226]}, {""kind"": ""particle"", ""kana"": ""で""}, {""kind"": ""word"", ""ja"": ""魚"", ""reading"": ""さかな"", ""en"": ""fish"", ""kanji"": [""魚""], ""targets"": [81]}, {""kind"": ""particle"", ""kana"": ""を""}, {""kind"": ""word"", ""ja"": ""食べました"", ""reading"": ""たべました"", ""en"": ""ate"", ""kanji"": [""食""], ""targets"": [57], ""lemma"": ""食べる""}]"
s1000,"[36, 66]",[227],"[{""kind"": ""word"", ""ja"": ""カフェ"", ""reading"": ""かふぇ"", ""en"": ""cafe"", ""kanji"": [], ""targets"": [], ""kana_targets"": [227]}, {""kind"": ""particle"", ""kana"": ""で""}, {""kind"": ""word"", ""ja"": ""友だち"", ""reading"": ""ともだち"", ""en"": ""friend"", ""kanji"": [""友""], ""targets"": [36]}, {""kind"": ""particle"", ""kana"": ""と""}, {""kind"": ""word"", ""ja"": ""話す"", ""reading"": ""はなす"", ""en"": ""talk"", ""kanji"": [""話""], ""targets"": [66]}]"
s1001,"[163, 57]",[228],"[{""kind"": ""word"", ""ja"": ""ファミレス"", ""reading"": ""ふぁみれす"", ""en"": ""family restaurant"", ""kanji"": [], ""targets"": [], ""kana_targets"": [228]}, {""kind"": ""particle"", ""kana"": ""で""}, {""kind"": ""word"", ""ja"": ""昼"", ""reading"": ""ひる"", ""en"": ""lunch"", ""kanji"": [""昼""], ""targets"": [163]}, {""kind"": ""particle"", ""kana"": ""を""}, {""kind"": ""word"", ""ja"": ""食べる"", ""reading"": ""たべる"", ""en"": ""eat"", ""kanji"": [""食""], ""targets"": [57]}]"
s1002,"[76, 58]",[230],"[{""kind"": ""word"", ""ja"": ""バー"", ""reading"": ""ばー"", ""en"": ""bar"", ""kanji"": [], ""targets"": [], ""kana_targets"": [230]}, {""kind"": ""particle"", ""kana"": ""で""}, {""kind"": ""word"", ""ja"": ""少し"", ""reading"": ""すこし"", ""en"": ""a little"", ""kanji"": [""少""], ""targets"": [76]}, {""kind"": ""word"", ""ja"": ""飲む"", ""reading"": ""のむ"", ""en"": ""drink"", ""kanji"": [""飲""], ""targets"": [58]}]"
s1003,[54],[157],"[{""kind"": ""word"", ""ja"": ""アメリカ"", ""reading"": ""あめりか"", ""en"": ""America"", ""kanji"": [], ""targets"": [], ""kana_targets"": [157]}, {""kind"": ""particle"", ""kana"": ""に""}, {""kind"": ""word"", ""ja"": ""行きたい"", ""reading"": ""いきたい"", ""en"": ""want to go"", ""kanji"": [""行""], ""targets"": [54], ""lemma"": ""行く""}, {""kind"": ""particle"", ""kana"": ""です""}]"
s1004,[82],"[158, 20]","[{""kind"": ""word"", ""ja"": ""イギリス"", ""reading"": ""いぎりす"", ""en"": ""Britain"", ""kanji"": [], ""targets"": [], ""kana_targets"": [158]}, {""kind"": ""particle"", ""kana"": ""の""}, {""kind"": ""word"", ""ja"": ""茶"", ""reading"": ""ちゃ"", ""en"": ""tea"", ""kanji"": [""茶""], ""targets"": [82]}, {""kind"": ""particle"", ""kana"": ""は""}, {""kind"": ""word"", ""ja"": ""うまい"", ""reading"": ""うまい"", ""en"": ""delicious"", ""kanji"": [], ""targets"": [], ""kana_targets"": [20]}]"
s1005,"[83, 62]",[159],"[{""kind"": ""word"", ""ja"": ""フランス"", ""reading"": ""ふらんす"", ""en"": ""France"", ""kanji"": [], ""targets"": [], ""kana_targets"": [159]}, {""kind"": ""particle"", ""kana"": ""の""}, {""kind"": ""word"", ""ja"": ""酒"", ""reading"": ""さけ"", ""en"": ""wine"", ""kanji"": [""酒""], ""targets"": [83]}, {""kind"": ""particle"", ""kana"": ""を""}, {""kind"": ""word"", ""ja"": ""買いました"", ""reading"": ""かいました"", ""en"": ""bought"", ""kanji"": [""買""], ""targets"": [62], ""lemma"": ""買う""}]"
s1006,"[94, 69]",[160],"[{""kind"": ""word"", ""ja"": ""ドイツ"", ""reading"": ""どいつ"", ""en"": ""Germany"", ""kanji"": [], ""targets"": [], ""kana_targets"": [160]}, {""kind"": ""particle"", ""kana"": ""の""}, {""kind"": ""word"", ""ja"": ""車"", ""reading"": ""くるま"", ""en"": ""cars"", ""kanji"": [""車""], ""targets"": [94]}, {""kind"": ""particle"", ""kana"": ""は""}, {""kind"": ""word"", ""ja"": ""高い"", ""reading"": ""たかい"", ""en"": ""expensive"", ""kanji"": [""高""], ""targets"": [69]}]"
s1007,"[90, 78]",[161],"[{""kind"": ""word"", ""ja"": ""イタリア"", ""reading"": ""いたりあ"", ""en"": ""Italy"", ""kanji"": [], ""targets"": [], ""kana_targets"": [161]}, {""kind"": ""particle"", ""kana"": ""の""}, {""kind"": ""word"", ""ja"": ""麺"", ""reading"": ""めん"", ""en"": ""noodles"", ""kanji"": [""麺""], ""targets"": [90]}, {""kind"": ""particle"", ""kana"": ""が""}, {""kind"": ""word"", ""ja"": ""好き"", ""reading"": ""すき"", ""en"": ""like"", ""kanji"": [""好""], ""targets"": [78]}, {""kind"": ""particle"", ""kana"": ""です""}]"
s1008,"[167, 77]",[162],"[{""kind"": ""word"", ""ja"": ""スペイン"", ""reading"": ""すぺいん"", ""en"": ""Spain"", ""kanji"": [], ""targets"": [], ""kana_targets"": [162]}, {""kind"": ""particle"", ""kana"": ""の""}, {""kind"": ""word"", ""ja"": ""夏"", ""reading"": ""なつ"", ""en"": ""summer"", ""kanji"": [""夏""], ""targets"": [167]}, {""kind"": ""particle"", ""kana"": ""は""}, {""kind"": ""word"", ""ja"": ""長い"", ""reading"": ""ながい"", ""en"": ""long"", ""kanji"": [""長""], ""targets"": [77]}]"
s1009,"[169, 77]",[163],"[{""kind"": ""word"", ""ja"": ""ロシア"", ""reading"": ""ろしあ"", ""en"": ""Russia"", ""kanji"": [], ""targets"": [], ""kana_targets"": [163]}, {""kind"": ""particle"", ""kana"": ""の""}, {""kind"": ""word"", ""ja"": ""冬"", ""reading"": ""ふゆ"", ""en"": ""winter"", ""kanji"": [""冬""], ""targets"": [169]}, {""kind"": ""particle"", ""kana"": ""は""}, {""kind"": ""word"", ""ja"": ""長い"", ""reading"": ""ながい"", ""en"": ""long"", ""kanji"": [""長""], ""targets"": [77]}, {""kind"": ""particle"", ""kana"": ""です""}]"
s1010,[54],"[164, 1]","[{""kind"": ""word"", ""ja"": ""オランダ"", ""reading"": ""おらんだ"", ""en"": ""Netherlands"", ""kanji"": [], ""targets"": [], ""kana_targets"": [164]}, {""kind"": ""particle"", ""kana"": ""に""}, {""kind"": ""word"", ""ja"": ""行った"", ""reading"": ""いった"", ""en"": ""went"", ""kanji"": [""行""], ""targets"": [54], ""lemma"": ""行く""}, {""kind"": ""particle"", ""kana"": ""こと""}, {""kind"": ""particle"", ""kana"": ""が""}, {""kind"": ""word"", ""ja"": ""ある"", ""reading"": ""ある"", ""en"": ""have (experience)"", ""kanji"": [], ""targets"": [], ""kana_targets"": [1]}]"
s1011,"[82, 58]",[165],"[{""kind"": ""word"", ""ja"": ""インド"", ""reading"": ""いんど"", ""en"": ""India"", ""kanji"": [], ""targets"": [], ""kana_targets"": [165]}, {""kind"": ""particle"", ""kana"": ""の""}, {""kind"": ""word"", ""ja"": ""茶"", ""reading"": ""ちゃ"", ""en"": ""tea"", ""kanji"": [""茶""], ""targets"": [82]}, {""kind"": ""particle"", ""kana"": ""を""}, {""kind"": ""word"", ""ja"": ""飲む"", ""reading"": ""のむ"", ""en"": ""drink"", ""kanji"": [""飲""], ""targets"": [58]}]"
s1012,"[44, 3, 177]",[166],"[{""kind"": ""word"", ""ja"": ""アジア"", ""reading"": ""あじあ"", ""en"": ""Asia"", ""kanji"": [], ""targets"": [], ""kana_targets"": [166]}, {""kind"": ""particle"", ""kana"": ""の""}, {""kind"": ""word"", ""ja"": ""国"", ""reading"": ""くに"", ""en"": ""countries"", ""kanji"": [""国""], ""targets"": [44]}, {""kind"": ""particle"", ""kana"": ""を""}, {""kind"": ""word"", ""ja"": ""三つ"", ""reading"": ""みっつ"", ""en"": ""three"", ""kanji"": [""三""], ""targets"": [3]}, {""kind"": ""word"", ""ja"": ""知って"", ""reading"": ""しって"", ""en"": ""know"", ""kanji"": [""知""], ""targets"": [177], ""lemma"": ""知る""}, {""kind"": ""particle"", ""kana"": ""いる""}]"
s1013,[183],[167],"[{""kind"": ""word"", ""ja"": ""ヨーロッパ"", ""reading"": ""よーろっぱ"", ""en"": ""Europe"", ""kanji"": [], ""targets"": [], ""kana_targets"": [167]}, {""kind"": ""particle"", ""kana"": ""を""}, {""kind"": ""word"", ""ja"": ""あちこち"", ""reading"": ""あちこち"", ""en"": ""here and there"", ""kanji"": [], ""targets"": []}, {""kind"": ""word"", ""ja"": ""歩きました"", ""reading"": ""あるきました"", ""en"": ""walked"", ""kanji"": [""歩""], ""targets"": [183], ""lemma"": ""歩く""}]"
s1014,"[101, 112, 56]",[168],"[{""kind"": ""word"", ""ja"": ""パリ"", ""reading"": ""ぱり"", ""en"": ""Paris"", ""kanji"": [], ""targets"": [], ""kana_targets"": [168]}, {""kind"": ""particle"", ""kana"": ""で""}, {""kind"": ""word"", ""ja"": ""美しい"", ""reading"": ""うつくしい"", ""en"": ""beautiful"", ""kanji"": [""美""], ""targets"": [101]}, {""kind"": ""word"", ""ja"": ""橋"", ""reading"": ""はし"", ""en"": ""bridge"", ""kanji"": [""橋""], ""targets"": [112]}, {""kind"": ""particle"", ""kana"": ""を""}, {""kind"": ""word"", ""ja"": ""見た"", ""reading"": ""みた"", ""en"": ""saw"", ""kanji"": [""見""], ""targets"": [56], ""lemma"": ""見る""}]"
s1015,"[22, 26]",[1],"[{""kind"": ""word"", ""ja"": ""時間"", ""reading"": ""じかん"", ""en"": ""time"", ""kanji"": [""時"", ""間""], ""targets"": [22, 26]}, {""kind"": ""particle"", ""kana"": ""が""}, {""kind"": ""word"", ""ja"": ""ある"", ""reading"": ""ある"", ""en"": ""have"", ""kanji"": [], ""targets"": [], ""kana_targets"": [1]}]"
s1016,"[51, 38]",[2],"[{""kind"": ""word"", ""ja"": ""家"", ""reading"": ""いえ"", ""en"": ""home"", ""kanji"": [""家""], ""targets"": [51]}, {""kind"": ""particle"", ""kana"": ""に""}, {""kind"": ""word"", ""ja"": ""母"", ""reading"": ""はは"", ""en"": ""mother"", ""kanji"": [""母""], ""targets"": [38]}, {""kind"": ""particle"", ""kana"": ""が""}, {""kind"": ""word"", ""ja"": ""いる"", ""reading"": ""いる"", ""en"": ""is (there)"", ""kanji"": [], ""targets"": [], ""kana_targets"": [2]}]"
s1017,"[153, 248, 152]",[3],"[{""kind"": ""word"", ""ja"": ""兄"", ""reading"": ""あに"", ""en"": ""older brother"", ""kanji"": [""兄""], ""targets"": [153]}, {""kind"": ""particle"", ""kana"": ""は""}, {""kind"": ""word"", ""ja"": ""英語"", ""reading"": ""えいご"", ""en"": ""English"", ""kanji"": [""英"", ""語""], ""targets"": [248, 152]}, {""kind"": ""particle"", ""kana"": ""が""}, {""kind"": ""word"", ""ja"": ""できる"", ""reading"": ""できる"", ""en"": ""can speak"", ""kanji"": [], ""targets"": [], ""kana_targets"": [3]}]"
s1018,[166],[4],"[{""kind"": ""word"", ""ja"": ""春"", ""reading"": ""はる"", ""en"": ""spring"", ""kanji"": [""春""], ""targets"": [166]}, {""kind"": ""particle"", ""kana"": ""に""}, {""kind"": ""word"", ""ja"": ""なりました"", ""reading"": ""なりました"", ""en"": ""became"", ""kanji"": [], ""targets"": [], ""kana_targets"": [4], ""lemma"": ""なる""}]"
s1019,"[24, 14, 41]",[5],"[{""kind"": ""word"", ""ja"": ""今日"", ""reading"": ""きょう"", ""en"": ""today"", ""kanji"": [""今"", ""日""], ""targets"": [24, 14]}, {""kind"": ""word"", ""ja"": ""中"", ""reading"": ""じゅう"", ""en"": ""within"", ""kanji"": [""中""], ""targets"": [41]}, {""kind"": ""particle"", ""kana"": ""に""}, {""kind"": ""word"", ""ja"": ""やる"", ""reading"": ""やる"", ""en"": ""do"", ""kanji"": [], ""targets"": [], ""kana_targets"": [5]}]"
s1020,"[155, 70]","[66, 6]","[{""kind"": ""word"", ""ja"": ""姉"", ""reading"": ""あね"", ""en"": ""older sister"", ""kanji"": [""姉""], ""targets"": [155]}, {""kind"": ""particle"", ""kana"": ""が""}, {""kind"": ""word"", ""ja"": ""新しい"", ""reading"": ""あたらしい"", ""en"": ""new"", ""kanji"": [""新""], ""targets"": [70]}, {""kind"": ""word"", ""ja"": ""めがね"", ""reading"": ""めがね"", ""en"": ""glasses"", ""kanji"": [], ""targets"": [], ""kana_targets"": [66]}, {""kind"": ""particle"", ""kana"": ""を""}, {""kind"": ""word"", ""ja"": ""くれた"", ""reading"": ""くれた"", ""en"": ""gave me"", ""kanji"": [], ""targets"": [], ""kana_targets"": [6], ""lemma"": ""くれる""}]"
s1021,"[37, 19]",[7],"[{""kind"": ""word"", ""ja"": ""父"", ""reading"": ""ちち"", ""en"": ""father"", ""kanji"": [""父""], ""targets"": [37]}, {""kind"": ""particle"", ""kana"": ""から""}, {""kind"": ""word"", ""ja"": ""お金"", ""reading"": ""おかね"", ""en"": ""money"", ""kanji"": [""金""], ""targets"": [19]}, {""kind"": ""particle"", ""kana"": ""を""}, {""kind"": ""word"", ""ja"": ""もらいました"", ""reading"": ""もらいました"", ""en"": ""received"", ""kanji"": [], ""targets"": [], ""kana_targets"": [7], ""lemma"": ""もらう""}]"
s1022,"[127, 252, 57]",[8],"[{""kind"": ""word"", ""ja"": ""全部"", ""reading"": ""ぜんぶ"", ""en"": ""all"", ""kanji"": [""全"", ""部""], ""targets"": [127, 252]}, {""kind"": ""word"", ""ja"": ""食べて"", ""reading"": ""たべて"", ""en"": ""ate"", ""kanji"": [""食""], ""targets"": [57], ""lemma"": ""食べる""}, {""kind"": ""word"", ""ja"": ""しまいました"", ""reading"": ""しまいました"", ""en"": ""ended up"", ""kanji"": [], ""targets"": [], ""kana_targets"": [8], ""lemma"": ""しまう""}]"
s1023,[21],[9],"[{""kind"": ""word"", ""ja"": ""年"", ""reading"": ""とし"", ""en"": ""age"", ""kanji"": [""年""], ""targets"": [21]}, {""kind"": ""particle"", ""kana"": ""を""}, {""kind"": ""word"", ""ja"": ""ごまかす"", ""reading"": ""ごまかす"", ""en"": ""lie about"", ""kanji"": [], ""targets"": [], ""kana_targets"": [9]}]"
s1024,[154],"[268, 10]","[{""kind"": ""word"", ""ja"": ""弟"", ""reading"": ""おとうと"", ""en"": ""younger brother"", ""kanji"": [""弟""], ""targets"": [154]}, {""kind"": ""particle"", ""kana"": ""は""}, {""kind"": ""word"", ""ja"": ""いつも"", ""reading"": ""いつも"", ""en"": ""always"", ""kanji"": [], ""targets"": [], ""kana_targets"": [268]}, {""kind"": ""word"", ""ja"": ""ふざけて"", ""reading"": ""ふざけて"", ""en"": ""fooling around"", ""kanji"": [], ""targets"": [], ""kana_targets"": [10], ""lemma"": ""ふざける""}, {""kind"": ""particle"", ""kana"": ""いる""}]"
s1025,"[146, 98, 163]",[11],"[{""kind"": ""word"", ""ja"": ""先生"", ""reading"": ""せんせい"", ""en"": ""teacher"", ""kanji"": [""先"", ""生""], ""targets"": [146, 98]}, {""kind"": ""particle"", ""kana"": ""が""}, {""kind"": ""word"", ""ja"": ""昼"", ""reading"": ""ひる"", ""en"": ""lunch"", ""kanji"": [""昼""], ""targets"": [163]}, {""kind"": ""particle"", ""kana"": ""を""}, {""kind"": ""word"", ""ja"": ""おごって"", ""reading"": ""おごって"", ""en"": ""treated"", ""kanji"": [], ""targets"": [], ""kana_targets"": [11], ""lemma"": ""おごる""}, {""kind"": ""particle"", ""kana"": ""くれた""}]"
s1026,[154],"[12, 25]","[{""kind"": ""word"", ""ja"": ""弟"", ""reading"": ""おとうと"", ""en"": ""younger brother"", ""kanji"": [""弟""], ""targets"": [154]}, {""kind"": ""particle"", ""kana"": ""を""}, {""kind"": ""word"", ""ja"": ""いじめて"", ""reading"": ""いじめて"", ""en"": ""bully"", ""kanji"": [], ""targets"": [], ""kana_targets"": [12], ""lemma"": ""いじめる""}, {""kind"": ""particle"", ""kana"": ""は""}, {""kind"": ""word"", ""ja"": ""だめ"", ""reading"": ""だめ"", ""en"": ""not allowed"", ""kanji"": [], ""targets"": [], ""kana_targets"": [25]}, {""kind"": ""particle"", ""kana"": ""です""}]"
s1027,[49],[13],"[{""kind"": ""word"", ""ja"": ""道"", ""reading"": ""みち"", ""en"": ""street"", ""kanji"": [""道""], ""targets"": [49]}, {""kind"": ""particle"", ""kana"": ""で""}, {""kind"": ""word"", ""ja"": ""つまずきました"", ""reading"": ""つまずきました"", ""en"": ""tripped"", ""kanji"": [], ""targets"": [], ""kana_targets"": [13], ""lemma"": ""つまずく""}]"
s1028,"[34, 49]",[14],"[{""kind"": ""word"", ""ja"": ""子"", ""reading"": ""こ"", ""en"": ""child"", ""kanji"": [""子""], ""targets"": [34]}, {""kind"": ""particle"", ""kana"": ""が""}, {""kind"": ""word"", ""ja"": ""道"", ""reading"": ""みち"", ""en"": ""street"", ""kanji"": [""道""], ""targets"": [49]}, {""kind"": ""particle"", ""kana"": ""に""}, {""kind"": ""word"", ""ja"": ""しゃがんで"", ""reading"": ""しゃがんで"", ""en"": ""crouching"", ""kanji"": [], ""targets"": [], ""kana_targets"": [14], ""lemma"": ""しゃがむ""}, {""kind"": ""particle"", ""kana"": ""いる""}]"
s1029,[54],[],"[{""kind"": ""word"", ""ja"": ""行く"", ""reading"": ""いく"", ""en"": ""go"", ""kanji"": [""行""], ""targets"": [54]}, {""kind"": ""word"", ""ja"": ""つもり"", ""reading"": ""つもり"", ""en"": ""intention"", ""kanji"": [], ""targets"": []}, {""kind"": ""particle"", ""kana"": ""です""}]"
s1030,[55],[],"[{""kind"": ""word"", ""ja"": ""来る"", ""reading"": ""くる"", ""en"": ""come"", ""kanji"": [""来""], ""targets"": [55]}, {""kind"": ""word"", ""ja"": ""はず"", ""reading"": ""はず"", ""en"": ""should"", ""kanji"": [], ""targets"": []}, {""kind"": ""particle"", ""kana"": ""です""}]"
s1031,"[149, 54]",[],"[{""kind"": ""word"", ""ja"": ""雨"", ""reading"": ""あめ"", ""en"": ""rain"", ""kanji"": [""雨""], ""targets"": [149]}, {""kind"": ""particle"", ""kana"": ""の""}, {""kind"": ""word"", ""ja"": ""せい"", ""reading"": ""せい"", ""en"": ""fault"", ""kanji"": [], ""targets"": []}, {""kind"": ""particle"", ""kana"": ""で""}, {""kind"": ""word"", ""ja"": ""行けません"", ""reading"": ""いけません"", ""en"": ""can't go"", ""kanji"": [""行""], ""targets"": [54], ""lemma"": ""行く""}]"
s1032,"[38, 222, 148]",[],"[{""kind"": ""word"", ""ja"": ""母"", ""reading"": ""はは"", ""en"": ""mother"", ""kanji"": [""母""], ""targets"": [38]}, {""kind"": ""particle"", ""kana"": ""の""}, {""kind"": ""word"", ""ja"": ""おかげ"", ""reading"": ""おかげ"", ""en"": ""thanks to"", ""kanji"": [], ""targets"": []}, {""kind"": ""particle"", ""kana"": ""で""}, {""kind"": ""word"", ""ja"": ""元気"", ""reading"": ""げんき"", ""en"": ""healthy"", ""kanji"": [""元"", ""気""], ""targets"": [222, 148]}, {""kind"": ""particle"", ""kana"": ""です""}]"
s1033,[66],[],"[{""kind"": ""word"", ""ja"": ""わけ"", ""reading"": ""わけ"", ""en"": ""reason"", ""kanji"": [], ""targets"": []}, {""kind"": ""particle"", ""kana"": ""を""}, {""kind"": ""word"", ""ja"": ""話して"", ""reading"": ""はなして"", ""en"": ""tell"", ""kanji"": [""話""], ""targets"": [66], ""lemma"": ""話す""}, {""kind"": ""particle"", ""kana"": ""ください""}]"
s1034,"[159, 182]",[],"[{""kind"": ""word"", ""ja"": ""体"", ""reading"": ""からだ"", ""en"": ""body"", ""kanji"": [""体""], ""targets"": [159]}, {""kind"": ""particle"", ""kana"": ""の""}, {""kind"": ""word"", ""ja"": ""ため"", ""reading"": ""ため"", ""en"": ""sake"", ""kanji"": [], ""targets"": []}, {""kind"": ""particle"", ""kana"": ""に""}, {""kind"": ""word"", ""ja"": ""走ります"", ""reading"": ""はしります"", ""en"": ""run"", ""kanji"": [""走""], ""targets"": [182], ""lemma"": ""走る""}]"
s1035,[57],[50],"[{""kind"": ""word"", ""ja"": ""たくさん"", ""reading"": ""たくさん"", ""en"": ""a lot"", ""kanji"": [], ""targets"": [], ""kana_targets"": [50]}, {""kind"": ""word"", ""ja"": ""食べて"", ""reading"": ""たべて"", ""en"": ""eat"", ""kanji"": [""食""], ""targets"": [57], ""lemma"": ""食べる""}, {""kind"": ""particle"", ""kana"": ""ください""}]"
s1036,[23],[51],"[{""kind"": ""word"", ""ja"": ""ほとんど"", ""reading"": ""ほとんど"", ""en"": ""almost all"", ""kanji"": [], ""targets"": [], ""kana_targets"": [51]}, {""kind"": ""word"", ""ja"": ""分かりました"", ""reading"": ""わかりました"", ""en"": ""understood"", ""kanji"": [""分""], ""targets"": [23], ""lemma"": ""分かる""}]"
s1037,"[146, 98]",[52],"[{""kind"": ""word"", ""ja"": ""さすが"", ""reading"": ""さすが"", ""en"": ""as expected"", ""kanji"": [], ""targets"": [], ""kana_targets"": [52]}, {""kind"": ""word"", ""ja"": ""先生"", ""reading"": ""せんせい"", ""en"": ""teacher"", ""kanji"": [""先"", ""生""], ""targets"": [146, 98]}, {""kind"": ""particle"", ""kana"": ""です""}]"
s1038,[69],[53],"[{""kind"": ""word"", ""ja"": ""やはり"", ""reading"": ""やはり"", ""en"": ""after all"", ""kanji"": [], ""targets"": [], ""kana_targets"": [53]}, {""kind"": ""word"", ""ja"": ""高かった"", ""reading"": ""たかかった"", ""en"": ""was expensive"", ""kanji"": [""高""], ""targets"": [69], ""lemma"": ""高い""}]"
s1039,[55],"[54, 60]","[{""kind"": ""word"", ""ja"": ""わざわざ"", ""reading"": ""わざわざ"", ""en"": ""going out of your way"", ""kanji"": [], ""targets"": [], ""kana_targets"": [54]}, {""kind"": ""word"", ""ja"": ""来て"", ""reading"": ""きて"", ""en"": ""come"", ""kanji"": [""来""], ""targets"": [55], ""lemma"": ""来る""}, {""kind"": ""particle"", ""kana"": ""くれて""}, {""kind"": ""word"", ""ja"": ""ありがとう"", ""reading"": ""ありがとう"", ""en"": ""thank you"", ""kanji"": [], ""targets"": [], ""kana_targets"": [60]}]"
s1040,[54],[56],"[{""kind"": ""word"", ""ja"": ""もちろん"", ""reading"": ""もちろん"", ""en"": ""of course"", ""kanji"": [], ""targets"": [], ""kana_targets"": [56]}, {""kind"": ""word"", ""ja"": ""行きます"", ""reading"": ""いきます"", ""en"": ""will go"", ""kanji"": [""行""], ""targets"": [54], ""lemma"": ""行く""}]"
s1041,"[51, 55]",[57],"[{""kind"": ""word"", ""ja"": ""ぜひ"", ""reading"": ""ぜひ"", ""en"": ""by all means"", ""kanji"": [], ""targets"": [], ""kana_targets"": [57]}, {""kind"": ""word"", ""ja"": ""家"", ""reading"": ""いえ"", ""en"": ""house"", ""kanji"": [""家""], ""targets"": [51]}, {""kind"": ""particle"", ""kana"": ""に""}, {""kind"": ""word"", ""ja"": ""来て"", ""reading"": ""きて"", ""en"": ""come"", ""kanji"": [""来""], ""targets"": [55], ""lemma"": ""来る""}, {""kind"": ""particle"", ""kana"": ""ください""}]"
s1042,"[74, 50]",[58],"[{""kind"": ""word"", ""ja"": ""なかなか"", ""reading"": ""なかなか"", ""en"": ""quite"", ""kanji"": [], ""targets"": [], ""kana_targets"": [58]}, {""kind"": ""word"", ""ja"": ""安い"", ""reading"": ""やすい"", ""en"": ""cheap"", ""kanji"": [""安""], ""targets"": [74]}, {""kind"": ""word"", ""ja"": ""店"", ""reading"": ""みせ"", ""en"": ""shop"", ""kanji"": [""店""], ""targets"": [50]}, {""kind"": ""particle"", ""kana"": ""です""}]"
s1043,"[149, 176]",[59],"[{""kind"": ""word"", ""ja"": ""まさか"", ""reading"": ""まさか"", ""en"": ""no way"", ""kanji"": [], ""targets"": [], ""kana_targets"": [59]}, {""kind"": ""word"", ""ja"": ""雨"", ""reading"": ""あめ"", ""en"": ""rain"", ""kanji"": [""雨""], ""targets"": [149]}, {""kind"": ""particle"", ""kana"": ""とは""}, {""kind"": ""word"", ""ja"": ""思わなかった"", ""reading"": ""おもわなかった"", ""en"": ""didn't think"", ""kanji"": [""思""], ""targets"": [176], ""lemma"": ""思う""}]"
s1044,[151],[],"[{""kind"": ""word"", ""ja"": ""なぜ"", ""reading"": ""なぜ"", ""en"": ""why"", ""kanji"": [], ""targets"": []}, {""kind"": ""word"", ""ja"": ""休みました"", ""reading"": ""やすみました"", ""en"": ""took a day off"", ""kanji"": [""休""], ""targets"": [151], ""lemma"": ""休む""}, {""kind"": ""particle"", ""kana"": ""か""}]"
s1045,[179],[],"[{""kind"": ""word"", ""ja"": ""いつ"", ""reading"": ""いつ"", ""en"": ""when"", ""kanji"": [], ""targets"": []}, {""kind"": ""word"", ""ja"": ""帰ります"", ""reading"": ""かえります"", ""en"": ""go home"", ""kanji"": [""帰""], ""targets"": [179], ""lemma"": ""帰る""}, {""kind"": ""particle"", ""kana"": ""か""}]"
s1046,[187],[],"[{""kind"": ""word"", ""ja"": ""どこ"", ""reading"": ""どこ"", ""en"": ""where"", ""kanji"": [], ""targets"": []}, {""kind"": ""particle"", ""kana"": ""に""}, {""kind"": ""word"", ""ja"": ""住んで"", ""reading"": ""すんで"", ""en"": ""live"", ""kanji"": [""住""], ""targets"": [187], ""lemma"": ""住む""}, {""kind"": ""particle"", ""kana"": ""います""}, {""kind"": ""particle"", ""kana"": ""か""}]"
s1047,"[50, 56]",[],"[{""kind"": ""word"", ""ja"": ""あちこち"", ""reading"": ""あちこち"", ""en"": ""here and there"", ""kanji"": [], ""targets"": []}, {""kind"": ""particle"", ""kana"": ""の""}, {""kind"": ""word"", ""ja"": ""店"", ""reading"": ""みせ"", ""en"": ""shops"", ""kanji"": [""店""], ""targets"": [50]}, {""kind"": ""particle"", ""kana"": ""を""}, {""kind"": ""word"", ""ja"": ""見る"", ""reading"": ""みる"", ""en"": ""look at"", ""kanji"": [""見""], ""targets"": [56]}]"
s1048,[149],[15],"[{""kind"": ""word"", ""ja"": ""すごい"", ""reading"": ""すごい"", ""en"": ""incredible"", ""kanji"": [], ""targets"": [], ""kana_targets"": [15]}, {""kind"": ""word"", ""ja"": ""雨"", ""reading"": ""あめ"", ""en"": ""rain"", ""kanji"": [""雨""], ""targets"": [149]}, {""kind"": ""particle"", ""kana"": ""です""}, {""kind"": ""particle"", ""kana"": ""ね""}]"
s1049,[48],[16],"[{""kind"": ""word"", ""ja"": ""この"", ""reading"": ""この"", ""en"": ""this"", ""kanji"": [], ""targets"": []}, {""kind"": ""word"", ""ja"": ""町"", ""reading"": ""まち"", ""en"": ""town"", ""kanji"": [""町""], ""targets"": [48]}, {""kind"": ""particle"", ""kana"": ""は""}, {""kind"": ""word"", ""ja"": ""きれい"", ""reading"": ""きれい"", ""en"": ""pretty"", ""kanji"": [], ""targets"": [], ""kana_targets"": [16]}, {""kind"": ""particle"", ""kana"": ""です""}]"
s1050,[34],[17],"[{""kind"": ""word"", ""ja"": ""かわいい"", ""reading"": ""かわいい"", ""en"": ""cute"", ""kanji"": [], ""targets"": [], ""kana_targets"": [17]}, {""kind"": ""word"", ""ja"": ""子"", ""reading"": ""こ"", ""en"": ""kid"", ""kanji"": [""子""], ""targets"": [34]}, {""kind"": ""particle"", ""kana"": ""です""}, {""kind"": ""particle"", ""kana"": ""ね""}]"
s1051,"[94, 75]",[18],"[{""kind"": ""word"", ""ja"": ""うるさい"", ""reading"": ""うるさい"", ""en"": ""noisy"", ""kanji"": [], ""targets"": [], ""kana_targets"": [18]}, {""kind"": ""word"", ""ja"": ""車"", ""reading"": ""くるま"", ""en"": ""cars"", ""kanji"": [""車""], ""targets"": [94]}, {""kind"": ""particle"", ""kana"": ""が""}, {""kind"": ""word"", ""ja"": ""多い"", ""reading"": ""おおい"", ""en"": ""many"", ""kanji"": [""多""], ""targets"": [75]}]"
s1052,"[147, 148]",[19],"[{""kind"": ""word"", ""ja"": ""ひどい"", ""reading"": ""ひどい"", ""en"": ""terrible"", ""kanji"": [], ""targets"": [], ""kana_targets"": [19]}, {""kind"": ""word"", ""ja"": ""天気"", ""reading"": ""てんき"", ""en"": ""weather"", ""kanji"": [""天"", ""気""], ""targets"": [147, 148]}, {""kind"": ""particle"", ""kana"": ""です""}]"
s1053,[81],[20],"[{""kind"": ""word"", ""ja"": ""この"", ""reading"": ""この"", ""en"": ""this"", ""kanji"": [], ""targets"": []}, {""kind"": ""word"", ""ja"": ""魚"", ""reading"": ""さかな"", ""en"": ""fish"", ""kanji"": [""魚""], ""targets"": [81]}, {""kind"": ""particle"", ""kana"": ""は""}, {""kind"": ""word"", ""ja"": ""うまい"", ""reading"": ""うまい"", ""en"": ""delicious"", ""kanji"": [], ""targets"": [], ""kana_targets"": [20]}]"
s1054,"[82, 58]",[21],"[{""kind"": ""word"", ""ja"": ""まずい"", ""reading"": ""まずい"", ""en"": ""bad-tasting"", ""kanji"": [], ""targets"": [], ""kana_targets"": [21]}, {""kind"": ""word"", ""ja"": ""茶"", ""reading"": ""ちゃ"", ""en"": ""tea"", ""kanji"": [""茶""], ""targets"": [82]}, {""kind"": ""particle"", ""kana"": ""を""}, {""kind"": ""word"", ""ja"": ""飲んだ"", ""reading"": ""のんだ"", ""en"": ""drank"", ""kanji"": [""飲""], ""targets"": [58], ""lemma"": ""飲む""}]"
s1055,[34],[29],"[{""kind"": ""word"", ""ja"": ""子"", ""reading"": ""こ"", ""en"": ""child"", ""kanji"": [""子""], ""targets"": [34]}, {""kind"": ""particle"", ""kana"": ""の""}, {""kind"": ""word"", ""ja"": ""いたずら"", ""reading"": ""いたずら"", ""en"": ""prank"", ""kanji"": [], ""targets"": [], ""kana_targets"": [29]}, {""kind"": ""particle"", ""kana"": ""です""}]"
s1056,[153],[30],"[{""kind"": ""word"", ""ja"": ""兄"", ""reading"": ""あに"", ""en"": ""older brother"", ""kanji"": [""兄""], ""targets"": [153]}, {""kind"": ""particle"", ""kana"": ""と""}, {""kind"": ""word"", ""ja"": ""けんか"", ""reading"": ""けんか"", ""en"": ""fight"", ""kanji"": [], ""targets"": [], ""kana_targets"": [30]}, {""kind"": ""particle"", ""kana"": ""を""}, {""kind"": ""particle"", ""kana"": ""しました""}]"
s1057,[37],[31],"[{""kind"": ""word"", ""ja"": ""父"", ""reading"": ""ちち"", ""en"": ""father"", ""kanji"": [""父""], ""targets"": [37]}, {""kind"": ""particle"", ""kana"": ""の""}, {""kind"": ""word"", ""ja"": ""まね"", ""reading"": ""まね"", ""en"": ""imitation"", ""kanji"": [], ""targets"": [], ""kana_targets"": [31]}, {""kind"": ""particle"", ""kana"": ""を""}, {""kind"": ""particle"", ""kana"": ""する""}]"
s1058,[],[32],"[{""kind"": ""word"", ""ja"": ""びっくり"", ""reading"": ""びっくり"", ""en"": ""surprised"", ""kanji"": [], ""targets"": [], ""kana_targets"": [32]}, {""kind"": ""particle"", ""kana"": ""しました""}]"
s1059,[],[60],"[{""kind"": ""word"", ""ja"": ""ありがとう"", ""reading"": ""ありがとう"", ""en"": ""thank you"", ""kanji"": [], ""targets"": [], ""kana_targets"": [60]}, {""kind"": ""particle"", ""kana"": ""ございます""}]"
s1060,[],[61],"[{""kind"": ""word"", ""ja"": ""おめでとう"", ""reading"": ""おめでとう"", ""en"": ""congratulations"", ""kanji"": [], ""targets"": [], ""kana_targets"": [61]}, {""kind"": ""particle"", ""kana"": ""ございます""}]"
s1061,[],[62],"[{""kind"": ""particle"", ""kana"": ""どうぞ""}, {""kind"": ""word"", ""ja"": ""よろしく"", ""reading"": ""よろしく"", ""en"": ""best regards"", ""kanji"": [], ""targets"": [], ""kana_targets"": [62]}]"
s1062,[],[63],"[{""kind"": ""word"", ""ja"": ""ごちそう"", ""reading"": ""ごちそう"", ""en"": ""feast"", ""kanji"": [], ""targets"": [], ""kana_targets"": [63]}, {""kind"": ""particle"", ""kana"": ""さま""}, {""kind"": ""particle"", ""kana"": ""でした""}]"
s1063,[59],[24],"[{""kind"": ""word"", ""ja"": ""ばか"", ""reading"": ""ばか"", ""en"": ""stupid"", ""kanji"": [], ""targets"": [], ""kana_targets"": [24]}, {""kind"": ""particle"", ""kana"": ""な""}, {""kind"": ""particle"", ""kana"": ""こと""}, {""kind"": ""particle"", ""kana"": ""を""}, {""kind"": ""word"", ""ja"": ""言わないで"", ""reading"": ""いわないで"", ""en"": ""don't say"", ""kanji"": [""言""], ""targets"": [59], ""lemma"": ""言う""}]"
s1064,[],[25],"[{""kind"": ""word"", ""ja"": ""だめ"", ""reading"": ""だめ"", ""en"": ""no good"", ""kanji"": [], ""targets"": [], ""kana_targets"": [25]}, {""kind"": ""particle"", ""kana"": ""です""}, {""kind"": ""particle"", ""kana"": ""よ""}]"
s1065,"[30, 36, 76]",[26],"[{""kind"": ""word"", ""ja"": ""けち"", ""reading"": ""けち"", ""en"": ""stingy"", ""kanji"": [], ""targets"": [], ""kana_targets"": [26]}, {""kind"": ""particle"", ""kana"": ""な""}, {""kind"": ""word"", ""ja"": ""人"", ""reading"": ""ひと"", ""en"": ""person"", ""kanji"": [""人""], ""targets"": [30]}, {""kind"": ""particle"", ""kana"": ""は""}, {""kind"": ""word"", ""ja"": ""友だち"", ""reading"": ""ともだち"", ""en"": ""friends"", ""kanji"": [""友""], ""targets"": [36]}, {""kind"": ""particle"", ""kana"": ""が""}, {""kind"": ""word"", ""ja"": ""少ない"", ""reading"": ""すくない"", ""en"": ""few"", ""kanji"": [""少""], ""targets"": [76]}]"
s1066,[34],[27],"[{""kind"": ""word"", ""ja"": ""わがまま"", ""reading"": ""わがまま"", ""en"": ""selfish"", ""kanji"": [], ""targets"": [], ""kana_targets"": [27]}, {""kind"": ""particle"", ""kana"": ""な""}, {""kind"": ""word"", ""ja"": ""子"", ""reading"": ""こ"", ""en"": ""child"", ""kanji"": [""子""], ""targets"": [34]}, {""kind"": ""particle"", ""kana"": ""です""}]"
s1067,"[66, 65]",[28],"[{""kind"": ""word"", ""ja"": ""でたらめ"", ""reading"": ""でたらめ"", ""en"": ""nonsense"", ""kanji"": [], ""targets"": [], ""kana_targets"": [28]}, {""kind"": ""particle"", ""kana"": ""な""}, {""kind"": ""word"", ""ja"": ""話"", ""reading"": ""はなし"", ""en"": ""story"", ""kanji"": [""話""], ""targets"": [66]}, {""kind"": ""particle"", ""kana"": ""を""}, {""kind"": ""word"", ""ja"": ""聞いた"", ""reading"": ""きいた"", ""en"": ""heard"", ""kanji"": [""聞""], ""targets"": [65], ""lemma"": ""聞く""}]"
s1068,"[127, 252, 57]",[23],"[{""kind"": ""word"", ""ja"": ""もったいない"", ""reading"": ""もったいない"", ""en"": ""wasteful"", ""kanji"": [], ""targets"": [], ""kana_targets"": [23]}, {""kind"": ""particle"", ""kana"": ""から""}, {""kind"": ""word"", ""ja"": ""全部"", ""reading"": ""ぜんぶ"", ""en"": ""all"", ""kanji"": [""全"", ""部""], ""targets"": [127, 252]}, {""kind"": ""word"", ""ja"": ""食べる"", ""reading"": ""たべる"", ""en"": ""eat"", ""kanji"": [""食""], ""targets"": [57]}]"
s1069,"[30, 66]",[22],"[{""kind"": ""word"", ""ja"": ""ずるい"", ""reading"": ""ずるい"", ""en"": ""sneaky"", ""kanji"": [], ""targets"": [], ""kana_targets"": [22]}, {""kind"": ""word"", ""ja"": ""人"", ""reading"": ""ひと"", ""en"": ""people"", ""kanji"": [""人""], ""targets"": [30]}, {""kind"": ""particle"", ""kana"": ""とは""}, {""kind"": ""word"", ""ja"": ""話さない"", ""reading"": ""はなさない"", ""en"": ""don't talk"", ""kanji"": [""話""], ""targets"": [66], ""lemma"": ""話す""}]"
s1070,"[115, 116]","[101, 2]","[{""kind"": ""word"", ""ja"": ""公園"", ""reading"": ""こうえん"", ""en"": ""park"", ""kanji"": [""公"", ""園""], ""targets"": [115, 116]}, {""kind"": ""particle"", ""kana"": ""に""}, {""kind"": ""word"", ""ja"": ""うさぎ"", ""reading"": ""うさぎ"", ""en"": ""rabbit"", ""kanji"": [], ""targets"": [], ""kana_targets"": [101]}, {""kind"": ""particle"", ""kana"": ""が""}, {""kind"": ""word"", ""ja"": ""いる"", ""reading"": ""いる"", ""en"": ""there is"", ""kanji"": [], ""targets"": [], ""kana_targets"": [2]}]"
s1071,"[51, 60]",[100],"[{""kind"": ""word"", ""ja"": ""ねずみ"", ""reading"": ""ねずみ"", ""en"": ""mouse"", ""kanji"": [], ""targets"": [], ""kana_targets"": [100]}, {""kind"": ""particle"", ""kana"": ""が""}, {""kind"": ""word"", ""ja"": ""家"", ""reading"": ""いえ"", ""en"": ""house"", ""kanji"": [""家""], ""targets"": [51]}, {""kind"": ""particle"", ""kana"": ""に""}, {""kind"": ""word"", ""ja"": ""出ました"", ""reading"": ""でました"", ""en"": ""appeared"", ""kanji"": [""出""], ""targets"": [60], ""lemma"": ""出る""}]"
s1072,"[45, 56]",[102],"[{""kind"": ""word"", ""ja"": ""たぬき"", ""reading"": ""たぬき"", ""en"": ""tanuki"", ""kanji"": [], ""targets"": [], ""kana_targets"": [102]}, {""kind"": ""particle"", ""kana"": ""を""}, {""kind"": ""word"", ""ja"": ""山"", ""reading"": ""やま"", ""en"": ""mountain"", ""kanji"": [""山""], ""targets"": [45]}, {""kind"": ""particle"", ""kana"": ""で""}, {""kind"": ""word"", ""ja"": ""見た"", ""reading"": ""みた"", ""en"": ""saw"", ""kanji"": [""見""], ""targets"": [56], ""lemma"": ""見る""}]"
s1073,"[143, 45]","[103, 2]","[{""kind"": ""word"", ""ja"": ""きつね"", ""reading"": ""きつね"", ""en"": ""fox"", ""kanji"": [], ""targets"": [], ""kana_targets"": [103]}, {""kind"": ""particle"", ""kana"": ""は""}, {""kind"": ""word"", ""ja"": ""北"", ""reading"": ""きた"", ""en"": ""north"", ""kanji"": [""北""], ""targets"": [143]}, {""kind"": ""particle"", ""kana"": ""の""}, {""kind"": ""word"", ""ja"": ""山"", ""reading"": ""やま"", ""en"": ""mountains"", ""kanji"": [""山""], ""targets"": [45]}, {""kind"": ""particle"", ""kana"": ""に""}, {""kind"": ""word"", ""ja"": ""いる"", ""reading"": ""いる"", ""en"": ""live"", ""kanji"": [], ""targets"": [], ""kana_targets"": [2]}]"
s1074,"[56, 54]",[104],"[{""kind"": ""word"", ""ja"": ""らくだ"", ""reading"": ""らくだ"", ""en"": ""camel"", ""kanji"": [], ""targets"": [], ""kana_targets"": [104]}, {""kind"": ""particle"", ""kana"": ""を""}, {""kind"": ""word"", ""ja"": ""見に"", ""reading"": ""みに"", ""en"": ""to see"", ""kanji"": [""見""], ""targets"": [56], ""lemma"": ""見る""}, {""kind"": ""word"", ""ja"": ""行く"", ""reading"": ""いく"", ""en"": ""go"", ""kanji"": [""行""], ""targets"": [54]}]"
s1075,[69],[105],"[{""kind"": ""word"", ""ja"": ""きりん"", ""reading"": ""きりん"", ""en"": ""giraffe"", ""kanji"": [], ""targets"": [], ""kana_targets"": [105]}, {""kind"": ""particle"", ""kana"": ""は""}, {""kind"": ""word"", ""ja"": ""高い"", ""reading"": ""たかい"", ""en"": ""tall"", ""kanji"": [""高""], ""targets"": [69]}, {""kind"": ""particle"", ""kana"": ""です""}]"
s1076,"[245, 56]",[106],"[{""kind"": ""word"", ""ja"": ""海"", ""reading"": ""うみ"", ""en"": ""sea"", ""kanji"": [""海""], ""targets"": [245]}, {""kind"": ""particle"", ""kana"": ""で""}, {""kind"": ""word"", ""ja"": ""いるか"", ""reading"": ""いるか"", ""en"": ""dolphin"", ""kanji"": [], ""targets"": [], ""kana_targets"": [106]}, {""kind"": ""particle"", ""kana"": ""を""}, {""kind"": ""word"", ""ja"": ""見ました"", ""reading"": ""みました"", ""en"": ""saw"", ""kanji"": [""見""], ""targets"": [56], ""lemma"": ""見る""}]"
s1077,[81],[107],"[{""kind"": ""word"", ""ja"": ""さめ"", ""reading"": ""さめ"", ""en"": ""shark"", ""kanji"": [], ""targets"": [], ""kana_targets"": [107]}, {""kind"": ""particle"", ""kana"": ""は""}, {""kind"": ""word"", ""ja"": ""魚"", ""reading"": ""さかな"", ""en"": ""fish"", ""kanji"": [""魚""], ""targets"": [81]}, {""kind"": ""particle"", ""kana"": ""です""}, {""kind"": ""particle"", ""kana"": ""か""}]"
s1078,[46],"[108, 2]","[{""kind"": ""word"", ""ja"": ""わに"", ""reading"": ""わに"", ""en"": ""crocodile"", ""kanji"": [], ""targets"": [], ""kana_targets"": [108]}, {""kind"": ""particle"", ""kana"": ""は""}, {""kind"": ""word"", ""ja"": ""川"", ""reading"": ""かわ"", ""en"": ""river"", ""kanji"": [""川""], ""targets"": [46]}, {""kind"": ""particle"", ""kana"": ""に""}, {""kind"": ""word"", ""ja"": ""いる"", ""reading"": ""いる"", ""en"": ""live"", ""kanji"": [], ""targets"": [], ""kana_targets"": [2]}]"
s1079,"[149, 14, 60]",[109],"[{""kind"": ""word"", ""ja"": ""雨"", ""reading"": ""あめ"", ""en"": ""rain"", ""kanji"": [""雨""], ""targets"": [149]}, {""kind"": ""particle"", ""kana"": ""の""}, {""kind"": ""word"", ""ja"": ""日"", ""reading"": ""ひ"", ""en"": ""days"", ""kanji"": [""日""], ""targets"": [14]}, {""kind"": ""particle"", ""kana"": ""は""}, {""kind"": ""word"", ""ja"": ""かえる"", ""reading"": ""かえる"", ""en"": ""frogs"", ""kanji"": [], ""targets"": [], ""kana_targets"": [109]}, {""kind"": ""particle"", ""kana"": ""が""}, {""kind"": ""word"", ""ja"": ""出る"", ""reading"": ""でる"", ""en"": ""come out"", ""kanji"": [""出""], ""targets"": [60]}]"
s1080,"[18, 39]","[110, 2]","[{""kind"": ""word"", ""ja"": ""とかげ"", ""reading"": ""とかげ"", ""en"": ""lizard"", ""kanji"": [], ""targets"": [], ""kana_targets"": [110]}, {""kind"": ""particle"", ""kana"": ""が""}, {""kind"": ""word"", ""ja"": ""木"", ""reading"": ""き"", ""en"": ""tree"", ""kanji"": [""木""], ""targets"": [18]}, {""kind"": ""particle"", ""kana"": ""の""}, {""kind"": ""word"", ""ja"": ""上"", ""reading"": ""うえ"", ""en"": ""top"", ""kanji"": [""上""], ""targets"": [39]}, {""kind"": ""particle"", ""kana"": ""に""}, {""kind"": ""word"", ""ja"": ""いる"", ""reading"": ""いる"", ""en"": ""is"", ""kanji"": [], ""targets"": [], ""kana_targets"": [2]}]"
s1081,[75],[114],"[{""kind"": ""word"", ""ja"": ""あり"", ""reading"": ""あり"", ""en"": ""ants"", ""kanji"": [], ""targets"": [], ""kana_targets"": [114]}, {""kind"": ""particle"", ""kana"": ""が""}, {""kind"": ""word"", ""ja"": ""多い"", ""reading"": ""おおい"", ""en"": ""many"", ""kanji"": [""多""], ""targets"": [75]}, {""kind"": ""particle"", ""kana"": ""です""}, {""kind"": ""particle"", ""kana"": ""ね""}]"
s1082,[167],"[115, 18]","[{""kind"": ""word"", ""ja"": ""夏"", ""reading"": ""なつ"", ""en"": ""summer"", ""kanji"": [""夏""], ""targets"": [167]}, {""kind"": ""particle"", ""kana"": ""は""}, {""kind"": ""word"", ""ja"": ""せみ"", ""reading"": ""せみ"", ""en"": ""cicadas"", ""kanji"": [], ""targets"": [], ""kana_targets"": [115]}, {""kind"": ""particle"", ""kana"": ""が""}, {""kind"": ""word"", ""ja"": ""うるさい"", ""reading"": ""うるさい"", ""en"": ""noisy"", ""kanji"": [], ""targets"": [], ""kana_targets"": [18]}]"
s1083,[39],"[116, 203, 2]","[{""kind"": ""word"", ""ja"": ""くも"", ""reading"": ""くも"", ""en"": ""spider"", ""kanji"": [], ""targets"": [], ""kana_targets"": [116]}, {""kind"": ""particle"", ""kana"": ""が""}, {""kind"": ""word"", ""ja"": ""ドア"", ""reading"": ""どあ"", ""en"": ""door"", ""kanji"": [], ""targets"": [], ""kana_targets"": [203]}, {""kind"": ""particle"", ""kana"": ""の""}, {""kind"": ""word"", ""ja"": ""上"", ""reading"": ""うえ"", ""en"": ""above"", ""kanji"": [""上""], ""targets"": [39]}, {""kind"": ""particle"", ""kana"": ""に""}, {""kind"": ""word"", ""ja"": ""いる"", ""reading"": ""いる"", ""en"": ""is"", ""kanji"": [], ""targets"": [], ""kana_targets"": [2]}]"
s1084,[60],"[117, 32]","[{""kind"": ""word"", ""ja"": ""ごきぶり"", ""reading"": ""ごきぶり"", ""en"": ""cockroach"", ""kanji"": [], ""targets"": [], ""kana_targets"": [117]}, {""kind"": ""particle"", ""kana"": ""が""}, {""kind"": ""word"", ""ja"": ""出て"", ""reading"": ""でて"", ""en"": ""appeared"", ""kanji"": [""出""], ""targets"": [60], ""lemma"": ""出る""}, {""kind"": ""word"", ""ja"": ""びっくり"", ""reading"": ""びっくり"", ""en"": ""surprised"", ""kanji"": [], ""targets"": [], ""kana_targets"": [32]}, {""kind"": ""particle"", ""kana"": ""した""}]"
s1085,"[62, 179]",[97],"[{""kind"": ""word"", ""ja"": ""ばら"", ""reading"": ""ばら"", ""en"": ""roses"", ""kanji"": [], ""targets"": [], ""kana_targets"": [97]}, {""kind"": ""particle"", ""kana"": ""を""}, {""kind"": ""word"", ""ja"": ""買って"", ""reading"": ""かって"", ""en"": ""buy"", ""kanji"": [""買""], ""targets"": [62], ""lemma"": ""買う""}, {""kind"": ""word"", ""ja"": ""帰る"", ""reading"": ""かえる"", ""en"": ""go home"", ""kanji"": [""帰""], ""targets"": [179]}]"
s1086,"[167, 101]",[98],"[{""kind"": ""word"", ""ja"": ""夏"", ""reading"": ""なつ"", ""en"": ""summer"", ""kanji"": [""夏""], ""targets"": [167]}, {""kind"": ""particle"", ""kana"": ""の""}, {""kind"": ""word"", ""ja"": ""ひまわり"", ""reading"": ""ひまわり"", ""en"": ""sunflowers"", ""kanji"": [], ""targets"": [], ""kana_targets"": [98]}, {""kind"": ""particle"", ""kana"": ""は""}, {""kind"": ""word"", ""ja"": ""美しい"", ""reading"": ""うつくしい"", ""en"": ""beautiful"", ""kanji"": [""美""], ""targets"": [101]}]"
s1087,"[49, 75]",[99],"[{""kind"": ""word"", ""ja"": ""道"", ""reading"": ""みち"", ""en"": ""road"", ""kanji"": [""道""], ""targets"": [49]}, {""kind"": ""particle"", ""kana"": ""に""}, {""kind"": ""word"", ""ja"": ""たんぽぽ"", ""reading"": ""たんぽぽ"", ""en"": ""dandelions"", ""kanji"": [], ""targets"": [], ""kana_targets"": [99]}, {""kind"": ""particle"", ""kana"": ""が""}, {""kind"": ""word"", ""ja"": ""多い"", ""reading"": ""おおい"", ""en"": ""many"", ""kanji"": [""多""], ""targets"": [75]}, {""kind"": ""particle"", ""kana"": ""です""}]"
s1088,[98],"[121, 96]","[{""kind"": ""word"", ""ja"": ""パン"", ""reading"": ""ぱん"", ""en"": ""bread"", ""kanji"": [], ""targets"": [], ""kana_targets"": [121]}, {""kind"": ""particle"", ""kana"": ""に""}, {""kind"": ""word"", ""ja"": ""かび"", ""reading"": ""かび"", ""en"": ""mold"", ""kanji"": [], ""targets"": [], ""kana_targets"": [96]}, {""kind"": ""particle"", ""kana"": ""が""}, {""kind"": ""word"", ""ja"": ""生えて"", ""reading"": ""はえて"", ""en"": ""grew"", ""kanji"": [""生""], ""targets"": [98], ""lemma"": ""生える""}, {""kind"": ""particle"", ""kana"": ""いた""}]"
s1089,"[164, 60]",[119],"[{""kind"": ""word"", ""ja"": ""ふくろう"", ""reading"": ""ふくろう"", ""en"": ""owl"", ""kanji"": [], ""targets"": [], ""kana_targets"": [119]}, {""kind"": ""particle"", ""kana"": ""は""}, {""kind"": ""word"", ""ja"": ""夜"", ""reading"": ""よる"", ""en"": ""night"", ""kanji"": [""夜""], ""targets"": [164]}, {""kind"": ""particle"", ""kana"": ""に""}, {""kind"": ""word"", ""ja"": ""出ます"", ""reading"": ""でます"", ""en"": ""come out"", ""kanji"": [""出""], ""targets"": [60], ""lemma"": ""出る""}]"
s1090,"[112, 40]","[120, 2]","[{""kind"": ""word"", ""ja"": ""こうもり"", ""reading"": ""こうもり"", ""en"": ""bats"", ""kanji"": [], ""targets"": [], ""kana_targets"": [120]}, {""kind"": ""particle"", ""kana"": ""が""}, {""kind"": ""word"", ""ja"": ""橋"", ""reading"": ""はし"", ""en"": ""bridge"", ""kanji"": [""橋""], ""targets"": [112]}, {""kind"": ""particle"", ""kana"": ""の""}, {""kind"": ""word"", ""ja"": ""下"", ""reading"": ""した"", ""en"": ""under"", ""kanji"": [""下""], ""targets"": [40]}, {""kind"": ""particle"", ""kana"": ""に""}, {""kind"": ""word"", ""ja"": ""いる"", ""reading"": ""いる"", ""en"": ""live"", ""kanji"": [], ""targets"": [], ""kana_targets"": [2]}]"
s1091,[64],[221],"[{""kind"": ""word"", ""ja"": ""パソコン"", ""reading"": ""ぱそこん"", ""en"": ""computer"", ""kanji"": [], ""targets"": [], ""kana_targets"": [221]}, {""kind"": ""particle"", ""kana"": ""で""}, {""kind"": ""word"", ""ja"": ""書きます"", ""reading"": ""かきます"", ""en"": ""write"", ""kanji"": [""書""], ""targets"": [64], ""lemma"": ""書く""}]"
s1092,"[63, 30, 75]",[222],"[{""kind"": ""word"", ""ja"": ""スマホ"", ""reading"": ""すまほ"", ""en"": ""smartphone"", ""kanji"": [], ""targets"": [], ""kana_targets"": [222]}, {""kind"": ""particle"", ""kana"": ""で""}, {""kind"": ""word"", ""ja"": ""読む"", ""reading"": ""よむ"", ""en"": ""read"", ""kanji"": [""読""], ""targets"": [63]}, {""kind"": ""word"", ""ja"": ""人"", ""reading"": ""ひと"", ""en"": ""people"", ""kanji"": [""人""], ""targets"": [30]}, {""kind"": ""particle"", ""kana"": ""が""}, {""kind"": ""word"", ""ja"": ""多い"", ""reading"": ""おおい"", ""en"": ""many"", ""kanji"": [""多""], ""targets"": [75]}]"
s1093,[],[200],"[{""kind"": ""word"", ""ja"": ""リモコン"", ""reading"": ""りもこん"", ""en"": ""remote"", ""kanji"": [], ""targets"": [], ""kana_targets"": [200]}, {""kind"": ""particle"", ""kana"": ""は""}, {""kind"": ""word"", ""ja"": ""どこ"", ""reading"": ""どこ"", ""en"": ""where"", ""kanji"": [], ""targets"": []}, {""kind"": ""particle"", ""kana"": ""です""}, {""kind"": ""particle"", ""kana"": ""か""}]"
s1094,[61],[201],"[{""kind"": ""word"", ""ja"": ""コンセント"", ""reading"": ""こんせんと"", ""en"": ""outlet"", ""kanji"": [], ""targets"": [], ""kana_targets"": [201]}, {""kind"": ""particle"", ""kana"": ""に""}, {""kind"": ""word"", ""ja"": ""入れて"", ""reading"": ""いれて"", ""en"": ""plug in"", ""kanji"": [""入""], ""targets"": [61], ""lemma"": ""入れる""}, {""kind"": ""particle"", ""kana"": ""ください""}]"
s1095,[173],[198],"[{""kind"": ""word"", ""ja"": ""ドライヤー"", ""reading"": ""どらいやー"", ""en"": ""hair dryer"", ""kanji"": [], ""targets"": [], ""kana_targets"": [198]}, {""kind"": ""particle"", ""kana"": ""を""}, {""kind"": ""word"", ""ja"": ""使って"", ""reading"": ""つかって"", ""en"": ""use"", ""kanji"": [""使""], ""targets"": [173], ""lemma"": ""使う""}, {""kind"": ""particle"", ""kana"": ""も""}, {""kind"": ""particle"", ""kana"": ""いい""}, {""kind"": ""particle"", ""kana"": ""です""}, {""kind"": ""particle"", ""kana"": ""か""}]"
s1096,"[249, 231, 64]",[220],"[{""kind"": ""word"", ""ja"": ""ノート"", ""reading"": ""のーと"", ""en"": ""notebook"", ""kanji"": [], ""targets"": [], ""kana_targets"": [220]}, {""kind"": ""particle"", ""kana"": ""に""}, {""kind"": ""word"", ""ja"": ""漢字"", ""reading"": ""かんじ"", ""en"": ""kanji"", ""kanji"": [""漢"", ""字""], ""targets"": [249, 231]}, {""kind"": ""particle"", ""kana"": ""を""}, {""kind"": ""word"", ""ja"": ""書く"", ""reading"": ""かく"", ""en"": ""write"", ""kanji"": [""書""], ""targets"": [64]}]"
s1097,[189],[219],"[{""kind"": ""word"", ""ja"": ""シャーペン"", ""reading"": ""しゃーぺん"", ""en"": ""mechanical pencil"", ""kanji"": [], ""targets"": [], ""kana_targets"": [219]}, {""kind"": ""particle"", ""kana"": ""を""}, {""kind"": ""word"", ""ja"": ""借りて"", ""reading"": ""かりて"", ""en"": ""borrow"", ""kanji"": [""借""], ""targets"": [189], ""lemma"": ""借りる""}, {""kind"": ""particle"", ""kana"": ""も""}, {""kind"": ""particle"", ""kana"": ""いい""}, {""kind"": ""particle"", ""kana"": ""です""}, {""kind"": ""particle"", ""kana"": ""か""}]"
s1098,[190],[218],"[{""kind"": ""word"", ""ja"": ""セロテープ"", ""reading"": ""せろてーぷ"", ""en"": ""clear tape"", ""kanji"": [], ""targets"": [], ""kana_targets"": [218]}, {""kind"": ""particle"", ""kana"": ""を""}, {""kind"": ""word"", ""ja"": ""貸して"", ""reading"": ""かして"", ""en"": ""lend"", ""kanji"": [""貸""], ""targets"": [190], ""lemma"": ""貸す""}, {""kind"": ""particle"", ""kana"": ""ください""}]"
s1099,"[227, 64, 228]",[220],"[{""kind"": ""word"", ""ja"": ""図書館"", ""reading"": ""としょかん"", ""en"": ""library"", ""kanji"": [""図"", ""書"", ""館""], ""targets"": [227, 64, 228]}, {""kind"": ""particle"", ""kana"": ""で""}, {""kind"": ""word"", ""ja"": ""ノート"", ""reading"": ""のーと"", ""en"": ""notebook"", ""kanji"": [], ""targets"": [], ""kana_targets"": [220]}, {""kind"": ""particle"", ""kana"": ""に""}, {""kind"": ""word"", ""ja"": ""書く"", ""reading"": ""かく"", ""en"": ""write"", ""kanji"": [""書""], ""targets"": [64]}]"
s1100,"[70, 62]",[217],"[{""kind"": ""word"", ""ja"": ""新しい"", ""reading"": ""あたらしい"", ""en"": ""new"", ""kanji"": [""新""], ""targets"": [70]}, {""kind"": ""word"", ""ja"": ""ホッチキス"", ""reading"": ""ほっちきす"", ""en"": ""stapler"", ""kanji"": [], ""targets"": [], ""kana_targets"": [217]}, {""kind"": ""particle"", ""kana"": ""を""}, {""kind"": ""word"", ""ja"": ""買いました"", ""reading"": ""かいました"", ""en"": ""bought"", ""kanji"": [""買""], ""targets"": [62], ""lemma"": ""買う""}]"
s1101,"[297, 1, 13, 72, 62]",[],"[{""kind"": ""word"", ""ja"": ""服"", ""reading"": ""ふく"", ""en"": ""clothes"", ""kanji"": [""服""], ""targets"": [297]}, {""kind"": ""particle"", ""kana"": ""を""}, {""kind"": ""word"", ""ja"": ""一万"", ""reading"": ""いちまん"", ""en"": ""10,000"", ""kanji"": [""一"", ""万""], ""targets"": [1, 13]}, {""kind"": ""word"", ""ja"": ""円"", ""reading"": ""えん"", ""en"": ""yen"", ""kanji"": [""円""], ""targets"": [72]}, {""kind"": ""particle"", ""kana"": ""で""}, {""kind"": ""word"", ""ja"": ""買いました"", ""reading"": ""かいました"", ""en"": ""bought"", ""kanji"": [""買""], ""targets"": [62], ""lemma"": ""買う""}]"
s1102,"[11, 13, 72, 94, 62]",[],"[{""kind"": ""word"", ""ja"": ""百万"", ""reading"": ""ひゃくまん"", ""en"": ""one million"", ""kanji"": [""百"", ""万""], ""targets"": [11, 13]}, {""kind"": ""word"", ""ja"": ""円"", ""reading"": ""えん"", ""en"": ""yen"", ""kanji"": [""円""], ""targets"": [72]}, {""kind"": ""particle"", ""kana"": ""の""}, {""kind"": ""word"", ""ja"": ""車"", ""reading"": ""くるま"", ""en"": ""car"", ""kanji"": [""車""], ""targets"": [94]}, {""kind"": ""particle"", ""kana"": ""は""}, {""kind"": ""word"", ""ja"": ""買えません"", ""reading"": ""かえません"", ""en"": ""cannot buy"", ""kanji"": [""買""], ""targets"": [62], ""lemma"": ""買う""}]"
s1103,"[2, 14, 22, 172]",[],"[{""kind"": ""word"", ""ja"": ""二日"", ""reading"": ""ふつか"", ""en"": ""the 2nd"", ""kanji"": [""二"", ""日""], ""targets"": [2, 14]}, {""kind"": ""particle"", ""kana"": ""の""}, {""kind"": ""word"", ""ja"": ""二時"", ""reading"": ""にじ"", ""en"": ""2 oclock"", ""kanji"": [""二"", ""時""], ""targets"": [2, 22]}, {""kind"": ""particle"", ""kana"": ""に""}, {""kind"": ""word"", ""ja"": ""会いましょう"", ""reading"": ""あいましょう"", ""en"": ""lets meet"", ""kanji"": [""会""], ""targets"": [172], ""lemma"": ""会う""}]"
s1104,"[2, 21, 144, 140, 239, 55]",[],"[{""kind"": ""word"", ""ja"": ""二年"", ""reading"": ""にねん"", ""en"": ""two years"", ""kanji"": [""二"", ""年""], ""targets"": [2, 21]}, {""kind"": ""word"", ""ja"": ""前"", ""reading"": ""まえ"", ""en"": ""ago"", ""kanji"": [""前""], ""targets"": [144]}, {""kind"": ""particle"", ""kana"": ""に""}, {""kind"": ""word"", ""ja"": ""東京"", ""reading"": ""とうきょう"", ""en"": ""Tokyo"", ""kanji"": [""東"", ""京""], ""targets"": [140, 239]}, {""kind"": ""particle"", ""kana"": ""に""}, {""kind"": ""word"", ""ja"": ""来ました"", ""reading"": ""きました"", ""en"": ""came"", ""kanji"": [""来""], ""targets"": [55], ""lemma"": ""来る""}]"
s1105,"[21, 26, 291, 294, 174]",[],"[{""kind"": ""word"", ""ja"": ""年間"", ""reading"": ""ねんかん"", ""en"": ""annual"", ""kanji"": [""年"", ""間""], ""targets"": [21, 26]}, {""kind"": ""particle"", ""kana"": ""の""}, {""kind"": ""word"", ""ja"": ""計画"", ""reading"": ""けいかく"", ""en"": ""plan"", ""kanji"": [""計"", ""画""], ""targets"": [291, 294]}, {""kind"": ""particle"", ""kana"": ""を""}, {""kind"": ""word"", ""ja"": ""作ります"", ""reading"": ""つくります"", ""en"": ""make"", ""kanji"": [""作""], ""targets"": [174], ""lemma"": ""作る""}]"
s1106,"[10, 14, 30, 55]",[],"[{""kind"": ""word"", ""ja"": ""十日"", ""reading"": ""とおか"", ""en"": ""the 10th"", ""kanji"": [""十"", ""日""], ""targets"": [10, 14]}, {""kind"": ""particle"", ""kana"": ""に""}, {""kind"": ""word"", ""ja"": ""十人"", ""reading"": ""じゅうにん"", ""en"": ""ten people"", ""kanji"": [""十"", ""人""], ""targets"": [10, 30]}, {""kind"": ""word"", ""ja"": ""来ます"", ""reading"": ""きます"", ""en"": ""come"", ""kanji"": [""来""], ""targets"": [55], ""lemma"": ""来る""}]"
s1107,"[10, 15]",[87],"[{""kind"": ""word"", ""ja"": ""十月"", ""reading"": ""じゅうがつ"", ""en"": ""October"", ""kanji"": [""十"", ""月""], ""targets"": [10, 15]}, {""kind"": ""particle"", ""kana"": ""に""}, {""kind"": ""word"", ""ja"": ""すいか"", ""reading"": ""すいか"", ""en"": ""watermelon"", ""kanji"": [], ""targets"": [], ""kana_targets"": [87]}, {""kind"": ""particle"", ""kana"": ""は""}, {""kind"": ""particle"", ""kana"": ""ありません""}]"
s1108,"[12, 21, 144, 112, 56]",[],"[{""kind"": ""word"", ""ja"": ""千年"", ""reading"": ""せんねん"", ""en"": ""a thousand years"", ""kanji"": [""千"", ""年""], ""targets"": [12, 21]}, {""kind"": ""word"", ""ja"": ""前"", ""reading"": ""まえ"", ""en"": ""ago"", ""kanji"": [""前""], ""targets"": [144]}, {""kind"": ""particle"", ""kana"": ""の""}, {""kind"": ""word"", ""ja"": ""橋"", ""reading"": ""はし"", ""en"": ""bridge"", ""kanji"": [""橋""], ""targets"": [112]}, {""kind"": ""particle"", ""kana"": ""を""}, {""kind"": ""word"", ""ja"": ""見ました"", ""reading"": ""みました"", ""en"": ""saw"", ""kanji"": [""見""], ""targets"": [56], ""lemma"": ""見る""}]"
s1109,"[12, 30, 196]",[262],"[{""kind"": ""word"", ""ja"": ""千人"", ""reading"": ""せんにん"", ""en"": ""a thousand people"", ""kanji"": [""千"", ""人""], ""targets"": [12, 30]}, {""kind"": ""particle"", ""kana"": ""が""}, {""kind"": ""word"", ""ja"": ""ドーム"", ""reading"": ""どーむ"", ""en"": ""dome"", ""kanji"": [], ""targets"": [], ""kana_targets"": [262]}, {""kind"": ""particle"", ""kana"": ""に""}, {""kind"": ""word"", ""ja"": ""集まりました"", ""reading"": ""あつまりました"", ""en"": ""gathered"", ""kanji"": [""集""], ""targets"": [196], ""lemma"": ""集まる""}]"
s1110,"[3, 12, 72, 62]",[177],"[{""kind"": ""word"", ""ja"": ""三千"", ""reading"": ""さんぜん"", ""en"": ""3,000"", ""kanji"": [""三"", ""千""], ""targets"": [3, 12]}, {""kind"": ""word"", ""ja"": ""円"", ""reading"": ""えん"", ""en"": ""yen"", ""kanji"": [""円""], ""targets"": [72]}, {""kind"": ""particle"", ""kana"": ""の""}, {""kind"": ""word"", ""ja"": ""クッション"", ""reading"": ""くっしょん"", ""en"": ""cushion"", ""kanji"": [], ""targets"": [], ""kana_targets"": [177]}, {""kind"": ""particle"", ""kana"": ""を""}, {""kind"": ""word"", ""ja"": ""買いました"", ""reading"": ""かいました"", ""en"": ""bought"", ""kanji"": [""買""], ""targets"": [62], ""lemma"": ""買う""}]"
s1111,"[1, 15, 70, 21, 180]",[],"[{""kind"": ""word"", ""ja"": ""一月"", ""reading"": ""いちがつ"", ""en"": ""January"", ""kanji"": [""一"", ""月""], ""targets"": [1, 15]}, {""kind"": ""particle"", ""kana"": ""に""}, {""kind"": ""word"", ""ja"": ""新年"", ""reading"": ""しんねん"", ""en"": ""the new year"", ""kanji"": [""新"", ""年""], ""targets"": [70, 21]}, {""kind"": ""particle"", ""kana"": ""が""}, {""kind"": ""word"", ""ja"": ""始まります"", ""reading"": ""はじまります"", ""en"": ""begins"", ""kanji"": [""始""], ""targets"": [180], ""lemma"": ""始まる""}]"
s1112,"[1, 22, 172]",[155],"[{""kind"": ""word"", ""ja"": ""一時"", ""reading"": ""いちじ"", ""en"": ""1 oclock"", ""kanji"": [""一"", ""時""], ""targets"": [1, 22]}, {""kind"": ""particle"", ""kana"": ""に""}, {""kind"": ""word"", ""ja"": ""クラブ"", ""reading"": ""くらぶ"", ""en"": ""club"", ""kanji"": [], ""targets"": [], ""kana_targets"": [155]}, {""kind"": ""particle"", ""kana"": ""で""}, {""kind"": ""word"", ""ja"": ""会いましょう"", ""reading"": ""あいましょう"", ""en"": ""lets meet"", ""kanji"": [""会""], ""targets"": [172], ""lemma"": ""会う""}]"
s1113,"[4, 14, 22]",[],"[{""kind"": ""word"", ""ja"": ""四日"", ""reading"": ""よっか"", ""en"": ""the 4th"", ""kanji"": [""四"", ""日""], ""targets"": [4, 14]}, {""kind"": ""particle"", ""kana"": ""の""}, {""kind"": ""word"", ""ja"": ""四時"", ""reading"": ""よじ"", ""en"": ""4 oclock"", ""kanji"": [""四"", ""時""], ""targets"": [4, 22]}, {""kind"": ""particle"", ""kana"": ""は""}, {""kind"": ""particle"", ""kana"": ""どう""}, {""kind"": ""particle"", ""kana"": ""です""}, {""kind"": ""particle"", ""kana"": ""か""}]"
s1114,"[8, 30, 173]",[174],"[{""kind"": ""word"", ""ja"": ""八人"", ""reading"": ""はちにん"", ""en"": ""eight people"", ""kanji"": [""八"", ""人""], ""targets"": [8, 30]}, {""kind"": ""particle"", ""kana"": ""で""}, {""kind"": ""word"", ""ja"": ""テーブル"", ""reading"": ""てーぶる"", ""en"": ""table"", ""kanji"": [], ""targets"": [], ""kana_targets"": [174]}, {""kind"": ""particle"", ""kana"": ""を""}, {""kind"": ""word"", ""ja"": ""使います"", ""reading"": ""つかいます"", ""en"": ""use"", ""kanji"": [""使""], ""targets"": [173], ""lemma"": ""使う""}]"
s1115,"[8, 14, 151]",[],"[{""kind"": ""word"", ""ja"": ""八日"", ""reading"": ""ようか"", ""en"": ""the 8th"", ""kanji"": [""八"", ""日""], ""targets"": [8, 14]}, {""kind"": ""particle"", ""kana"": ""は""}, {""kind"": ""word"", ""ja"": ""休み"", ""reading"": ""やすみ"", ""en"": ""day off"", ""kanji"": [""休""], ""targets"": [151]}, {""kind"": ""particle"", ""kana"": ""です""}]"
s1116,"[51, 11, 21, 175]",[148],"[{""kind"": ""word"", ""ja"": ""レンガ"", ""reading"": ""れんが"", ""en"": ""brick"", ""kanji"": [], ""targets"": [], ""kana_targets"": [148]}, {""kind"": ""particle"", ""kana"": ""の""}, {""kind"": ""word"", ""ja"": ""家"", ""reading"": ""いえ"", ""en"": ""house"", ""kanji"": [""家""], ""targets"": [51]}, {""kind"": ""particle"", ""kana"": ""は""}, {""kind"": ""word"", ""ja"": ""百年"", ""reading"": ""ひゃくねん"", ""en"": ""100 years"", ""kanji"": [""百"", ""年""], ""targets"": [11, 21]}, {""kind"": ""word"", ""ja"": ""持ちます"", ""reading"": ""もちます"", ""en"": ""lasts"", ""kanji"": [""持""], ""targets"": [175], ""lemma"": ""持つ""}]"
s1117,"[8, 11, 72, 62]",[87],"[{""kind"": ""word"", ""ja"": ""八百"", ""reading"": ""はっぴゃく"", ""en"": ""800"", ""kanji"": [""八"", ""百""], ""targets"": [8, 11]}, {""kind"": ""word"", ""ja"": ""円"", ""reading"": ""えん"", ""en"": ""yen"", ""kanji"": [""円""], ""targets"": [72]}, {""kind"": ""particle"", ""kana"": ""の""}, {""kind"": ""word"", ""ja"": ""すいか"", ""reading"": ""すいか"", ""en"": ""watermelon"", ""kanji"": [], ""targets"": [], ""kana_targets"": [87]}, {""kind"": ""particle"", ""kana"": ""を""}, {""kind"": ""word"", ""ja"": ""買いました"", ""reading"": ""かいました"", ""en"": ""bought"", ""kanji"": [""買""], ""targets"": [62], ""lemma"": ""買う""}]"
s1118,"[28, 21, 167, 57]",[88],"[{""kind"": ""word"", ""ja"": ""毎年"", ""reading"": ""まいとし"", ""en"": ""every year"", ""kanji"": [""毎"", ""年""], ""targets"": [28, 21]}, {""kind"": ""word"", ""ja"": ""夏"", ""reading"": ""なつ"", ""en"": ""summer"", ""kanji"": [""夏""], ""targets"": [167]}, {""kind"": ""particle"", ""kana"": ""に""}, {""kind"": ""word"", ""ja"": ""びわ"", ""reading"": ""びわ"", ""en"": ""loquat"", ""kanji"": [], ""targets"": [], ""kana_targets"": [88]}, {""kind"": ""particle"", ""kana"": ""を""}, {""kind"": ""word"", ""ja"": ""食べます"", ""reading"": ""たべます"", ""en"": ""eat"", ""kanji"": [""食""], ""targets"": [57], ""lemma"": ""食べる""}]"
s1119,"[5, 21, 144, 184]",[67],"[{""kind"": ""word"", ""ja"": ""五年"", ""reading"": ""ごねん"", ""en"": ""five years"", ""kanji"": [""五"", ""年""], ""targets"": [5, 21]}, {""kind"": ""word"", ""ja"": ""前"", ""reading"": ""まえ"", ""en"": ""ago"", ""kanji"": [""前""], ""targets"": [144]}, {""kind"": ""particle"", ""kana"": ""に""}, {""kind"": ""word"", ""ja"": ""たばこ"", ""reading"": ""たばこ"", ""en"": ""cigarettes"", ""kanji"": [], ""targets"": [], ""kana_targets"": [67]}, {""kind"": ""particle"", ""kana"": ""を""}, {""kind"": ""word"", ""ja"": ""止めました"", ""reading"": ""やめました"", ""en"": ""quit"", ""kanji"": [""止""], ""targets"": [184], ""lemma"": ""止める""}]"
s1120,"[6, 14, 272]",[153],"[{""kind"": ""word"", ""ja"": ""六日"", ""reading"": ""むいか"", ""en"": ""the 6th"", ""kanji"": [""六"", ""日""], ""targets"": [6, 14]}, {""kind"": ""particle"", ""kana"": ""に""}, {""kind"": ""word"", ""ja"": ""クジ"", ""reading"": ""くじ"", ""en"": ""lottery"", ""kanji"": [], ""targets"": [], ""kana_targets"": [153]}, {""kind"": ""particle"", ""kana"": ""が""}, {""kind"": ""word"", ""ja"": ""当たりました"", ""reading"": ""あたりました"", ""en"": ""won"", ""kanji"": [""当""], ""targets"": [272], ""lemma"": ""当たる""}]"
s1121,"[7, 30, 51, 274, 187]",[],"[{""kind"": ""word"", ""ja"": ""七人"", ""reading"": ""しちにん"", ""en"": ""seven people"", ""kanji"": [""七"", ""人""], ""targets"": [7, 30]}, {""kind"": ""particle"", ""kana"": ""の""}, {""kind"": ""word"", ""ja"": ""家族"", ""reading"": ""かぞく"", ""en"": ""family"", ""kanji"": [""家"", ""族""], ""targets"": [51, 274]}, {""kind"": ""particle"", ""kana"": ""で""}, {""kind"": ""word"", ""ja"": ""住んでいます"", ""reading"": ""すんでいます"", ""en"": ""live"", ""kanji"": [""住""], ""targets"": [187], ""lemma"": ""住む""}]"
s1122,"[9, 30, 115, 116, 54]",[],"[{""kind"": ""word"", ""ja"": ""九人"", ""reading"": ""きゅうにん"", ""en"": ""nine people"", ""kanji"": [""九"", ""人""], ""targets"": [9, 30]}, {""kind"": ""particle"", ""kana"": ""で""}, {""kind"": ""word"", ""ja"": ""公園"", ""reading"": ""こうえん"", ""en"": ""park"", ""kanji"": [""公"", ""園""], ""targets"": [115, 116]}, {""kind"": ""particle"", ""kana"": ""に""}, {""kind"": ""word"", ""ja"": ""行きました"", ""reading"": ""いきました"", ""en"": ""went"", ""kanji"": [""行""], ""targets"": [54], ""lemma"": ""行く""}]"
s1123,"[25, 14, 253, 122]",[224],"[{""kind"": ""word"", ""ja"": ""半日"", ""reading"": ""はんにち"", ""en"": ""half a day"", ""kanji"": [""半"", ""日""], ""targets"": [25, 14]}, {""kind"": ""word"", ""ja"": ""ペンキ"", ""reading"": ""ぺんき"", ""en"": ""paint"", ""kanji"": [], ""targets"": [], ""kana_targets"": [224]}, {""kind"": ""particle"", ""kana"": ""の""}, {""kind"": ""word"", ""ja"": ""仕事"", ""reading"": ""しごと"", ""en"": ""work"", ""kanji"": [""仕"", ""事""], ""targets"": [253, 122]}, {""kind"": ""particle"", ""kana"": ""を""}, {""kind"": ""particle"", ""kana"": ""しました""}]"
s1124,"[27, 26, 291, 294, 64]",[],"[{""kind"": ""word"", ""ja"": ""週間"", ""reading"": ""しゅうかん"", ""en"": ""weekly"", ""kanji"": [""週"", ""間""], ""targets"": [27, 26]}, {""kind"": ""particle"", ""kana"": ""の""}, {""kind"": ""word"", ""ja"": ""計画"", ""reading"": ""けいかく"", ""en"": ""plan"", ""kanji"": [""計"", ""画""], ""targets"": [291, 294]}, {""kind"": ""particle"", ""kana"": ""を""}, {""kind"": ""word"", ""ja"": ""書きます"", ""reading"": ""かきます"", ""en"": ""write"", ""kanji"": [""書""], ""targets"": [64], ""lemma"": ""書く""}]"
s1125,"[38, 82, 174]",[68],"[{""kind"": ""word"", ""ja"": ""お母さん"", ""reading"": ""おかあさん"", ""en"": ""mom"", ""kanji"": [""母""], ""targets"": [38]}, {""kind"": ""particle"", ""kana"": ""は""}, {""kind"": ""word"", ""ja"": ""やかん"", ""reading"": ""やかん"", ""en"": ""kettle"", ""kanji"": [], ""targets"": [], ""kana_targets"": [68]}, {""kind"": ""particle"", ""kana"": ""で""}, {""kind"": ""word"", ""ja"": ""お茶"", ""reading"": ""おちゃ"", ""en"": ""tea"", ""kanji"": [""茶""], ""targets"": [82]}, {""kind"": ""particle"", ""kana"": ""を""}, {""kind"": ""word"", ""ja"": ""作ります"", ""reading"": ""つくります"", ""en"": ""makes"", ""kanji"": [""作""], ""targets"": [174], ""lemma"": ""作る""}]"
s1126,"[270, 59, 65]",[],"[{""kind"": ""word"", ""ja"": ""親"", ""reading"": ""おや"", ""en"": ""parents"", ""kanji"": [""親""], ""targets"": [270]}, {""kind"": ""particle"", ""kana"": ""の""}, {""kind"": ""word"", ""ja"": ""言うこと"", ""reading"": ""いうこと"", ""en"": ""what they say"", ""kanji"": [""言""], ""targets"": [59], ""lemma"": ""言う""}, {""kind"": ""particle"", ""kana"": ""を""}, {""kind"": ""word"", ""ja"": ""聞きます"", ""reading"": ""ききます"", ""en"": ""listen to"", ""kanji"": [""聞""], ""targets"": [65], ""lemma"": ""聞く""}]"
s1127,"[273, 33, 38, 270, 247, 269]",[],"[{""kind"": ""word"", ""ja"": ""彼女"", ""reading"": ""かのじょ"", ""en"": ""her"", ""kanji"": [""彼"", ""女""], ""targets"": [273, 33]}, {""kind"": ""particle"", ""kana"": ""の""}, {""kind"": ""word"", ""ja"": ""母親"", ""reading"": ""ははおや"", ""en"": ""mother"", ""kanji"": [""母"", ""親""], ""targets"": [38, 270]}, {""kind"": ""particle"", ""kana"": ""は""}, {""kind"": ""word"", ""ja"": ""医者"", ""reading"": ""いしゃ"", ""en"": ""doctor"", ""kanji"": [""医"", ""者""], ""targets"": [247, 269]}, {""kind"": ""particle"", ""kana"": ""です""}]"
s1128,"[37, 28, 162, 70, 65, 63]",[],"[{""kind"": ""word"", ""ja"": ""お父さん"", ""reading"": ""おとうさん"", ""en"": ""dad"", ""kanji"": [""父""], ""targets"": [37]}, {""kind"": ""particle"", ""kana"": ""は""}, {""kind"": ""word"", ""ja"": ""毎朝"", ""reading"": ""まいあさ"", ""en"": ""every morning"", ""kanji"": [""毎"", ""朝""], ""targets"": [28, 162]}, {""kind"": ""word"", ""ja"": ""新聞"", ""reading"": ""しんぶん"", ""en"": ""newspaper"", ""kanji"": [""新"", ""聞""], ""targets"": [70, 65]}, {""kind"": ""particle"", ""kana"": ""を""}, {""kind"": ""word"", ""ja"": ""読みます"", ""reading"": ""よみます"", ""en"": ""reads"", ""kanji"": [""読""], ""targets"": [63], ""lemma"": ""読む""}]"
s1129,"[37, 270, 262, 60]",[],"[{""kind"": ""word"", ""ja"": ""父親"", ""reading"": ""ちちおや"", ""en"": ""father"", ""kanji"": [""父"", ""親""], ""targets"": [37, 270]}, {""kind"": ""particle"", ""kana"": ""と""}, {""kind"": ""word"", ""ja"": ""旅"", ""reading"": ""たび"", ""en"": ""journey"", ""kanji"": [""旅""], ""targets"": [262]}, {""kind"": ""particle"", ""kana"": ""に""}, {""kind"": ""word"", ""ja"": ""出ます"", ""reading"": ""でます"", ""en"": ""set out"", ""kanji"": [""出""], ""targets"": [60], ""lemma"": ""出る""}]"
s1130,"[153, 30]",[156],"[{""kind"": ""word"", ""ja"": ""お兄さん"", ""reading"": ""おにいさん"", ""en"": ""older brother"", ""kanji"": [""兄""], ""targets"": [153]}, {""kind"": ""particle"", ""kana"": ""は""}, {""kind"": ""word"", ""ja"": ""ロマン"", ""reading"": ""ろまん"", ""en"": ""romance"", ""kanji"": [], ""targets"": [], ""kana_targets"": [156]}, {""kind"": ""particle"", ""kana"": ""が""}, {""kind"": ""particle"", ""kana"": ""ある""}, {""kind"": ""word"", ""ja"": ""人"", ""reading"": ""ひと"", ""en"": ""person"", ""kanji"": [""人""], ""targets"": [30]}, {""kind"": ""particle"", ""kana"": ""です""}]"
s1131,"[31, 256, 131, 96, 97]",[],"[{""kind"": ""word"", ""ja"": ""私達"", ""reading"": ""わたしたち"", ""en"": ""we"", ""kanji"": [""私"", ""達""], ""targets"": [31, 256]}, {""kind"": ""particle"", ""kana"": ""は""}, {""kind"": ""word"", ""ja"": ""同じ"", ""reading"": ""おなじ"", ""en"": ""same"", ""kanji"": [""同""], ""targets"": [131]}, {""kind"": ""word"", ""ja"": ""学校"", ""reading"": ""がっこう"", ""en"": ""school"", ""kanji"": [""学"", ""校""], ""targets"": [96, 97]}, {""kind"": ""particle"", ""kana"": ""です""}]"
s1132,"[31, 67, 96, 97, 69]",[],"[{""kind"": ""word"", ""ja"": ""私立"", ""reading"": ""しりつ"", ""en"": ""private"", ""kanji"": [""私"", ""立""], ""targets"": [31, 67]}, {""kind"": ""particle"", ""kana"": ""の""}, {""kind"": ""word"", ""ja"": ""学校"", ""reading"": ""がっこう"", ""en"": ""school"", ""kanji"": [""学"", ""校""], ""targets"": [96, 97]}, {""kind"": ""particle"", ""kana"": ""は""}, {""kind"": ""word"", ""ja"": ""高い"", ""reading"": ""たかい"", ""en"": ""expensive"", ""kanji"": [""高""], ""targets"": [69]}, {""kind"": ""particle"", ""kana"": ""です""}]"
s1133,"[96, 97, 31, 297, 54]",[],"[{""kind"": ""word"", ""ja"": ""学校"", ""reading"": ""がっこう"", ""en"": ""school"", ""kanji"": [""学"", ""校""], ""targets"": [96, 97]}, {""kind"": ""particle"", ""kana"": ""に""}, {""kind"": ""word"", ""ja"": ""私服"", ""reading"": ""しふく"", ""en"": ""regular clothes"", ""kanji"": [""私"", ""服""], ""targets"": [31, 297]}, {""kind"": ""particle"", ""kana"": ""で""}, {""kind"": ""word"", ""ja"": ""行きます"", ""reading"": ""いきます"", ""en"": ""go"", ""kanji"": [""行""], ""targets"": [54], ""lemma"": ""行く""}]"
s1134,"[273, 270, 113]",[268],"[{""kind"": ""word"", ""ja"": ""彼"", ""reading"": ""かれ"", ""en"": ""he"", ""kanji"": [""彼""], ""targets"": [273]}, {""kind"": ""particle"", ""kana"": ""は""}, {""kind"": ""word"", ""ja"": ""いつも"", ""reading"": ""いつも"", ""en"": ""always"", ""kanji"": [], ""targets"": [], ""kana_targets"": [268]}, {""kind"": ""word"", ""ja"": ""親切"", ""reading"": ""しんせつ"", ""en"": ""kind"", ""kanji"": [""親"", ""切""], ""targets"": [270, 113]}, {""kind"": ""particle"", ""kana"": ""です""}]"
s1135,"[30, 36, 256]",[],"[{""kind"": ""word"", ""ja"": ""あの"", ""reading"": ""あの"", ""en"": ""that"", ""kanji"": [], ""targets"": []}, {""kind"": ""word"", ""ja"": ""人"", ""reading"": ""ひと"", ""en"": ""person"", ""kanji"": [""人""], ""targets"": [30]}, {""kind"": ""particle"", ""kana"": ""は""}, {""kind"": ""word"", ""ja"": ""友達"", ""reading"": ""ともだち"", ""en"": ""friend"", ""kanji"": [""友"", ""達""], ""targets"": [36, 256]}, {""kind"": ""particle"", ""kana"": ""です""}]"
s1136,"[171, 36, 172]",[],"[{""kind"": ""word"", ""ja"": ""古い"", ""reading"": ""ふるい"", ""en"": ""old"", ""kanji"": [""古""], ""targets"": [171]}, {""kind"": ""word"", ""ja"": ""友"", ""reading"": ""とも"", ""en"": ""friend"", ""kanji"": [""友""], ""targets"": [36]}, {""kind"": ""particle"", ""kana"": ""と""}, {""kind"": ""word"", ""ja"": ""会いました"", ""reading"": ""あいました"", ""en"": ""met"", ""kanji"": [""会""], ""targets"": [172], ""lemma"": ""会う""}]"
s1137,"[19, 175, 51, 42]",[],"[{""kind"": ""word"", ""ja"": ""金持ち"", ""reading"": ""かねもち"", ""en"": ""rich person"", ""kanji"": [""金"", ""持""], ""targets"": [19, 175]}, {""kind"": ""particle"", ""kana"": ""の""}, {""kind"": ""word"", ""ja"": ""家"", ""reading"": ""いえ"", ""en"": ""house"", ""kanji"": [""家""], ""targets"": [51]}, {""kind"": ""particle"", ""kana"": ""は""}, {""kind"": ""word"", ""ja"": ""大きい"", ""reading"": ""おおきい"", ""en"": ""big"", ""kanji"": [""大""], ""targets"": [42]}, {""kind"": ""particle"", ""kana"": ""です""}]"
s1138,"[256, 30, 254, 219]",[20],"[{""kind"": ""word"", ""ja"": ""達人"", ""reading"": ""たつじん"", ""en"": ""master"", ""kanji"": [""達"", ""人""], ""targets"": [256, 30]}, {""kind"": ""particle"", ""kana"": ""の""}, {""kind"": ""word"", ""ja"": ""料理"", ""reading"": ""りょうり"", ""en"": ""cooking"", ""kanji"": [""料"", ""理""], ""targets"": [254, 219]}, {""kind"": ""particle"", ""kana"": ""は""}, {""kind"": ""word"", ""ja"": ""うまい"", ""reading"": ""うまい"", ""en"": ""delicious"", ""kanji"": [], ""targets"": [], ""kana_targets"": [20]}, {""kind"": ""particle"", ""kana"": ""です""}]"
s1139,"[96, 269, 66, 65]",[],"[{""kind"": ""word"", ""ja"": ""学者"", ""reading"": ""がくしゃ"", ""en"": ""scholar"", ""kanji"": [""学"", ""者""], ""targets"": [96, 269]}, {""kind"": ""particle"", ""kana"": ""の""}, {""kind"": ""word"", ""ja"": ""話"", ""reading"": ""はなし"", ""en"": ""talk"", ""kanji"": [""話""], ""targets"": [66]}, {""kind"": ""particle"", ""kana"": ""を""}, {""kind"": ""word"", ""ja"": ""聞きました"", ""reading"": ""ききました"", ""en"": ""listened to"", ""kanji"": [""聞""], ""targets"": [65], ""lemma"": ""聞く""}]"
s1140,"[146, 281, 66, 65]",[],"[{""kind"": ""word"", ""ja"": ""先祖"", ""reading"": ""せんぞ"", ""en"": ""ancestors"", ""kanji"": [""先"", ""祖""], ""targets"": [146, 281]}, {""kind"": ""particle"", ""kana"": ""の""}, {""kind"": ""word"", ""ja"": ""話"", ""reading"": ""はなし"", ""en"": ""stories"", ""kanji"": [""話""], ""targets"": [66]}, {""kind"": ""particle"", ""kana"": ""を""}, {""kind"": ""word"", ""ja"": ""聞きました"", ""reading"": ""ききました"", ""en"": ""heard"", ""kanji"": [""聞""], ""targets"": [65], ""lemma"": ""聞く""}]"
s1141,"[278, 274, 224, 225, 75]",[],"[{""kind"": ""word"", ""ja"": ""民族"", ""reading"": ""みんぞく"", ""en"": ""ethnic groups"", ""kanji"": [""民"", ""族""], ""targets"": [278, 274]}, {""kind"": ""particle"", ""kana"": ""が""}, {""kind"": ""word"", ""ja"": ""世界"", ""reading"": ""せかい"", ""en"": ""world"", ""kanji"": [""世"", ""界""], ""targets"": [224, 225]}, {""kind"": ""particle"", ""kana"": ""に""}, {""kind"": ""word"", ""ja"": ""多く"", ""reading"": ""おおく"", ""en"": ""many"", ""kanji"": [""多""], ""targets"": [75], ""lemma"": ""多い""}, {""kind"": ""particle"", ""kana"": ""あります""}]"
s1142,"[44, 278, 151, 14]",[],"[{""kind"": ""word"", ""ja"": ""国民"", ""reading"": ""こくみん"", ""en"": ""the people"", ""kanji"": [""国"", ""民""], ""targets"": [44, 278]}, {""kind"": ""particle"", ""kana"": ""の""}, {""kind"": ""word"", ""ja"": ""休み"", ""reading"": ""やすみ"", ""en"": ""holiday"", ""kanji"": [""休""], ""targets"": [151]}, {""kind"": ""particle"", ""kana"": ""の""}, {""kind"": ""word"", ""ja"": ""日"", ""reading"": ""ひ"", ""en"": ""day"", ""kanji"": [""日""], ""targets"": [14]}, {""kind"": ""particle"", ""kana"": ""です""}]"
s1143,"[177, 259, 47, 172]",[],"[{""kind"": ""word"", ""ja"": ""知り合い"", ""reading"": ""しりあい"", ""en"": ""acquaintance"", ""kanji"": [""知"", ""合""], ""targets"": [177, 259]}, {""kind"": ""particle"", ""kana"": ""に""}, {""kind"": ""word"", ""ja"": ""駅"", ""reading"": ""えき"", ""en"": ""station"", ""kanji"": [""駅""], ""targets"": [47]}, {""kind"": ""particle"", ""kana"": ""で""}, {""kind"": ""word"", ""ja"": ""会いました"", ""reading"": ""あいました"", ""en"": ""met"", ""kanji"": [""会""], ""targets"": [172], ""lemma"": ""会う""}]"
s1144,"[298, 269, 38]",[],"[{""kind"": ""word"", ""ja"": ""働き者"", ""reading"": ""はたらきもの"", ""en"": ""hard worker"", ""kanji"": [""働"", ""者""], ""targets"": [298, 269]}, {""kind"": ""particle"", ""kana"": ""の""}, {""kind"": ""word"", ""ja"": ""母"", ""reading"": ""はは"", ""en"": ""mother"", ""kanji"": [""母""], ""targets"": [38]}, {""kind"": ""particle"", ""kana"": ""です""}]"
s1145,"[99, 86, 62]",[92],"[{""kind"": ""word"", ""ja"": ""白菜"", ""reading"": ""はくさい"", ""en"": ""napa cabbage"", ""kanji"": [""白"", ""菜""], ""targets"": [99, 86]}, {""kind"": ""particle"", ""kana"": ""と""}, {""kind"": ""word"", ""ja"": ""きゅうり"", ""reading"": ""きゅうり"", ""en"": ""cucumber"", ""kanji"": [], ""targets"": [], ""kana_targets"": [92]}, {""kind"": ""particle"", ""kana"": ""を""}, {""kind"": ""word"", ""ja"": ""買いました"", ""reading"": ""かいました"", ""en"": ""bought"", ""kanji"": [""買""], ""targets"": [62], ""lemma"": ""買う""}]"
s1146,"[79, 61]",[186],"[{""kind"": ""word"", ""ja"": ""ボウル"", ""reading"": ""ぼうる"", ""en"": ""bowl"", ""kanji"": [], ""targets"": [], ""kana_targets"": [186]}, {""kind"": ""particle"", ""kana"": ""に""}, {""kind"": ""word"", ""ja"": ""お米"", ""reading"": ""おこめ"", ""en"": ""rice"", ""kanji"": [""米""], ""targets"": [79]}, {""kind"": ""particle"", ""kana"": ""を""}, {""kind"": ""word"", ""ja"": ""入れます"", ""reading"": ""いれます"", ""en"": ""put in"", ""kanji"": [""入""], ""targets"": [61], ""lemma"": ""入れる""}]"
s1147,"[168, 70, 79]",[20],"[{""kind"": ""word"", ""ja"": ""秋"", ""reading"": ""あき"", ""en"": ""autumn"", ""kanji"": [""秋""], ""targets"": [168]}, {""kind"": ""particle"", ""kana"": ""の""}, {""kind"": ""word"", ""ja"": ""新米"", ""reading"": ""しんまい"", ""en"": ""new rice"", ""kanji"": [""新"", ""米""], ""targets"": [70, 79]}, {""kind"": ""particle"", ""kana"": ""は""}, {""kind"": ""word"", ""ja"": ""うまい"", ""reading"": ""うまい"", ""en"": ""delicious"", ""kanji"": [], ""targets"": [], ""kana_targets"": [20]}, {""kind"": ""particle"", ""kana"": ""です""}]"
s1148,"[98, 84, 89]",[],"[{""kind"": ""word"", ""ja"": ""生卵"", ""reading"": ""なまたまご"", ""en"": ""raw egg"", ""kanji"": [""生"", ""卵""], ""targets"": [98, 84]}, {""kind"": ""particle"", ""kana"": ""を""}, {""kind"": ""word"", ""ja"": ""ご飯"", ""reading"": ""ごはん"", ""en"": ""rice"", ""kanji"": [""飯""], ""targets"": [89]}, {""kind"": ""particle"", ""kana"": ""に""}, {""kind"": ""particle"", ""kana"": ""かけます""}]"
s1149,"[84, 57, 92, 76]",[],"[{""kind"": ""word"", ""ja"": ""ゆで卵"", ""reading"": ""ゆでたまご"", ""en"": ""boiled egg"", ""kanji"": [""卵""], ""targets"": [84]}, {""kind"": ""particle"", ""kana"": ""に""}, {""kind"": ""word"", ""ja"": ""食塩"", ""reading"": ""しょくえん"", ""en"": ""table salt"", ""kanji"": [""食"", ""塩""], ""targets"": [57, 92]}, {""kind"": ""particle"", ""kana"": ""を""}, {""kind"": ""word"", ""ja"": ""少し"", ""reading"": ""すこし"", ""en"": ""a little"", ""kanji"": [""少""], ""targets"": [76]}, {""kind"": ""particle"", ""kana"": ""かけます""}]"
s1150,"[92, 17, 61]",[92],"[{""kind"": ""word"", ""ja"": ""きゅうり"", ""reading"": ""きゅうり"", ""en"": ""cucumber"", ""kanji"": [], ""targets"": [], ""kana_targets"": [92]}, {""kind"": ""particle"", ""kana"": ""を""}, {""kind"": ""word"", ""ja"": ""塩水"", ""reading"": ""しおみず"", ""en"": ""salt water"", ""kanji"": [""塩"", ""水""], ""targets"": [92, 17]}, {""kind"": ""particle"", ""kana"": ""に""}, {""kind"": ""word"", ""ja"": ""入れます"", ""reading"": ""いれます"", ""en"": ""put in"", ""kanji"": [""入""], ""targets"": [61], ""lemma"": ""入れる""}]"
s1151,"[78, 88]",[133],"[{""kind"": ""word"", ""ja"": ""好物"", ""reading"": ""こうぶつ"", ""en"": ""favorite food"", ""kanji"": [""好"", ""物""], ""targets"": [78, 88]}, {""kind"": ""particle"", ""kana"": ""は""}, {""kind"": ""word"", ""ja"": ""トウモロコシ"", ""reading"": ""とうもろこし"", ""en"": ""corn"", ""kanji"": [], ""targets"": [], ""kana_targets"": [133]}, {""kind"": ""particle"", ""kana"": ""です""}]"
s1152,"[24, 14, 89, 90]",[],"[{""kind"": ""word"", ""ja"": ""今日"", ""reading"": ""きょう"", ""en"": ""today"", ""kanji"": [""今"", ""日""], ""targets"": [24, 14]}, {""kind"": ""particle"", ""kana"": ""の""}, {""kind"": ""word"", ""ja"": ""飯"", ""reading"": ""めし"", ""en"": ""meal"", ""kanji"": [""飯""], ""targets"": [89]}, {""kind"": ""particle"", ""kana"": ""は""}, {""kind"": ""word"", ""ja"": ""麺"", ""reading"": ""めん"", ""en"": ""noodles"", ""kanji"": [""麺""], ""targets"": [90]}, {""kind"": ""particle"", ""kana"": ""です""}]"
s1153,"[167, 305, 90, 1, 299]",[],"[{""kind"": ""word"", ""ja"": ""夏"", ""reading"": ""なつ"", ""en"": ""summer"", ""kanji"": [""夏""], ""targets"": [167]}, {""kind"": ""particle"", ""kana"": ""は""}, {""kind"": ""word"", ""ja"": ""冷麺"", ""reading"": ""れいめん"", ""en"": ""cold noodles"", ""kanji"": [""冷"", ""麺""], ""targets"": [305, 90]}, {""kind"": ""particle"", ""kana"": ""が""}, {""kind"": ""word"", ""ja"": ""一番"", ""reading"": ""いちばん"", ""en"": ""the best"", ""kanji"": [""一"", ""番""], ""targets"": [1, 299]}, {""kind"": ""particle"", ""kana"": ""です""}]"
s1154,"[305, 58]",[124],"[{""kind"": ""word"", ""ja"": ""冷たい"", ""reading"": ""つめたい"", ""en"": ""cold"", ""kanji"": [""冷""], ""targets"": [305]}, {""kind"": ""word"", ""ja"": ""ソーダ"", ""reading"": ""そーだ"", ""en"": ""soda"", ""kanji"": [], ""targets"": [], ""kana_targets"": [124]}, {""kind"": ""particle"", ""kana"": ""を""}, {""kind"": ""word"", ""ja"": ""飲みました"", ""reading"": ""のみました"", ""en"": ""drank"", ""kanji"": [""飲""], ""targets"": [58], ""lemma"": ""飲む""}]"
s1155,"[164, 159, 305]",[],"[{""kind"": ""word"", ""ja"": ""夜"", ""reading"": ""よる"", ""en"": ""night"", ""kanji"": [""夜""], ""targets"": [164]}, {""kind"": ""particle"", ""kana"": ""は""}, {""kind"": ""word"", ""ja"": ""体"", ""reading"": ""からだ"", ""en"": ""body"", ""kanji"": [""体""], ""targets"": [159]}, {""kind"": ""particle"", ""kana"": ""が""}, {""kind"": ""word"", ""ja"": ""冷えます"", ""reading"": ""ひえます"", ""en"": ""gets cold"", ""kanji"": [""冷""], ""targets"": [305], ""lemma"": ""冷える""}]"
s1156,"[105, 104, 76]",[85],"[{""kind"": ""word"", ""ja"": ""甘味"", ""reading"": ""あまみ"", ""en"": ""sweetness"", ""kanji"": [""甘"", ""味""], ""targets"": [105, 104]}, {""kind"": ""particle"", ""kana"": ""が""}, {""kind"": ""word"", ""ja"": ""少ない"", ""reading"": ""すくない"", ""en"": ""little"", ""kanji"": [""少""], ""targets"": [76]}, {""kind"": ""word"", ""ja"": ""みかん"", ""reading"": ""みかん"", ""en"": ""mandarin"", ""kanji"": [], ""targets"": [], ""kana_targets"": [85]}, {""kind"": ""particle"", ""kana"": ""です""}]"
s1157,"[34, 102, 257, 58]",[],"[{""kind"": ""word"", ""ja"": ""子牛"", ""reading"": ""こうし"", ""en"": ""calf"", ""kanji"": [""子"", ""牛""], ""targets"": [34, 102]}, {""kind"": ""particle"", ""kana"": ""が""}, {""kind"": ""word"", ""ja"": ""牛乳"", ""reading"": ""ぎゅうにゅう"", ""en"": ""milk"", ""kanji"": [""牛"", ""乳""], ""targets"": [102, 257]}, {""kind"": ""particle"", ""kana"": ""を""}, {""kind"": ""word"", ""ja"": ""飲んでいます"", ""reading"": ""のんでいます"", ""en"": ""is drinking"", ""kanji"": [""飲""], ""targets"": [58], ""lemma"": ""飲む""}]"
s1158,"[168, 87, 303, 75]",[],"[{""kind"": ""word"", ""ja"": ""秋"", ""reading"": ""あき"", ""en"": ""autumn"", ""kanji"": [""秋""], ""targets"": [168]}, {""kind"": ""particle"", ""kana"": ""は""}, {""kind"": ""word"", ""ja"": ""果実"", ""reading"": ""かじつ"", ""en"": ""fruit"", ""kanji"": [""果"", ""実""], ""targets"": [87, 303]}, {""kind"": ""particle"", ""kana"": ""が""}, {""kind"": ""word"", ""ja"": ""多い"", ""reading"": ""おおい"", ""en"": ""plentiful"", ""kanji"": [""多""], ""targets"": [75]}, {""kind"": ""particle"", ""kana"": ""です""}]"
s1159,"[87, 88, 121, 62]",[88],"[{""kind"": ""word"", ""ja"": ""果物屋"", ""reading"": ""くだものや"", ""en"": ""fruit shop"", ""kanji"": [""果"", ""物"", ""屋""], ""targets"": [87, 88, 121]}, {""kind"": ""particle"", ""kana"": ""で""}, {""kind"": ""word"", ""ja"": ""びわ"", ""reading"": ""びわ"", ""en"": ""loquat"", ""kanji"": [], ""targets"": [], ""kana_targets"": [88]}, {""kind"": ""particle"", ""kana"": ""を""}, {""kind"": ""word"", ""ja"": ""買いました"", ""reading"": ""かいました"", ""en"": ""bought"", ""kanji"": [""買""], ""targets"": [62], ""lemma"": ""買う""}]"
s1160,"[235, 236, 302, 87, 60]",[],"[{""kind"": ""word"", ""ja"": ""試験"", ""reading"": ""しけん"", ""en"": ""exam"", ""kanji"": [""試"", ""験""], ""targets"": [235, 236]}, {""kind"": ""particle"", ""kana"": ""の""}, {""kind"": ""word"", ""ja"": ""結果"", ""reading"": ""けっか"", ""en"": ""results"", ""kanji"": [""結"", ""果""], ""targets"": [302, 87]}, {""kind"": ""particle"", ""kana"": ""が""}, {""kind"": ""word"", ""ja"": ""出ました"", ""reading"": ""でました"", ""en"": ""came out"", ""kanji"": [""出""], ""targets"": [60], ""lemma"": ""出る""}]"
s1161,"[261, 93, 131, 56]",[],"[{""kind"": ""word"", ""ja"": ""砂糖"", ""reading"": ""さとう"", ""en"": ""sugar"", ""kanji"": [""砂"", ""糖""], ""targets"": [261, 93]}, {""kind"": ""particle"", ""kana"": ""と""}, {""kind"": ""word"", ""ja"": ""砂"", ""reading"": ""すな"", ""en"": ""sand"", ""kanji"": [""砂""], ""targets"": [261]}, {""kind"": ""particle"", ""kana"": ""は""}, {""kind"": ""word"", ""ja"": ""同じ"", ""reading"": ""おなじ"", ""en"": ""the same"", ""kanji"": [""同""], ""targets"": [131]}, {""kind"": ""particle"", ""kana"": ""よう""}, {""kind"": ""particle"", ""kana"": ""に""}, {""kind"": ""word"", ""ja"": ""見えます"", ""reading"": ""みえます"", ""en"": ""look"", ""kanji"": [""見""], ""targets"": [56], ""lemma"": ""見る""}]"
s1162,[105],[127],"[{""kind"": ""word"", ""ja"": ""コンペイトウ"", ""reading"": ""こんぺいとう"", ""en"": ""konpeito"", ""kanji"": [], ""targets"": [], ""kana_targets"": [127]}, {""kind"": ""particle"", ""kana"": ""は""}, {""kind"": ""word"", ""ja"": ""甘い"", ""reading"": ""あまい"", ""en"": ""sweet"", ""kanji"": [""甘""], ""targets"": [105]}, {""kind"": ""particle"", ""kana"": ""です""}]"
s1163,[34],[127],"[{""kind"": ""word"", ""ja"": ""子ども"", ""reading"": ""こども"", ""en"": ""child"", ""kanji"": [""子""], ""targets"": [34]}, {""kind"": ""particle"", ""kana"": ""に""}, {""kind"": ""word"", ""ja"": ""コンペイトウ"", ""reading"": ""こんぺいとう"", ""en"": ""konpeito"", ""kanji"": [], ""targets"": [], ""kana_targets"": [127]}, {""kind"": ""particle"", ""kana"": ""を""}, {""kind"": ""particle"", ""kana"": ""あげました""}]"
s1164,"[167, 106, 57]",[133],"[{""kind"": ""word"", ""ja"": ""夏"", ""reading"": ""なつ"", ""en"": ""summer"", ""kanji"": [""夏""], ""targets"": [167]}, {""kind"": ""particle"", ""kana"": ""に""}, {""kind"": ""word"", ""ja"": ""トウモロコシ"", ""reading"": ""とうもろこし"", ""en"": ""corn"", ""kanji"": [], ""targets"": [], ""kana_targets"": [133]}, {""kind"": ""particle"", ""kana"": ""を""}, {""kind"": ""word"", ""ja"": ""焼いて"", ""reading"": ""やいて"", ""en"": ""grill"", ""kanji"": [""焼""], ""targets"": [106], ""lemma"": ""焼く""}, {""kind"": ""word"", ""ja"": ""食べます"", ""reading"": ""たべます"", ""en"": ""eat"", ""kanji"": [""食""], ""targets"": [57], ""lemma"": ""食べる""}]"
s1165,"[58, 254, 17, 62, 179]",[],"[{""kind"": ""word"", ""ja"": ""飲料水"", ""reading"": ""いんりょうすい"", ""en"": ""drinking water"", ""kanji"": [""飲"", ""料"", ""水""], ""targets"": [58, 254, 17]}, {""kind"": ""particle"", ""kana"": ""を""}, {""kind"": ""word"", ""ja"": ""買って"", ""reading"": ""かって"", ""en"": ""buy"", ""kanji"": [""買""], ""targets"": [62], ""lemma"": ""買う""}, {""kind"": ""word"", ""ja"": ""帰ります"", ""reading"": ""かえります"", ""en"": ""go home"", ""kanji"": [""帰""], ""targets"": [179], ""lemma"": ""帰る""}]"
s1166,"[76, 61]",[269],"[{""kind"": ""word"", ""ja"": ""しょうゆ"", ""reading"": ""しょうゆ"", ""en"": ""soy sauce"", ""kanji"": [], ""targets"": [], ""kana_targets"": [269]}, {""kind"": ""particle"", ""kana"": ""を""}, {""kind"": ""word"", ""ja"": ""少し"", ""reading"": ""すこし"", ""en"": ""a little"", ""kanji"": [""少""], ""targets"": [76]}, {""kind"": ""word"", ""ja"": ""入れます"", ""reading"": ""いれます"", ""en"": ""add"", ""kanji"": [""入""], ""targets"": [61], ""lemma"": ""入れる""}]"
s1167,"[232, 304, 250, 288, 99]",[],"[{""kind"": ""word"", ""ja"": ""教授"", ""reading"": ""きょうじゅ"", ""en"": ""professor"", ""kanji"": [""教"", ""授""], ""targets"": [232, 304]}, {""kind"": ""particle"", ""kana"": ""の""}, {""kind"": ""word"", ""ja"": ""授業"", ""reading"": ""じゅぎょう"", ""en"": ""class"", ""kanji"": [""授"", ""業""], ""targets"": [304, 250]}, {""kind"": ""particle"", ""kana"": ""は""}, {""kind"": ""word"", ""ja"": ""面白い"", ""reading"": ""おもしろい"", ""en"": ""interesting"", ""kanji"": [""面"", ""白""], ""targets"": [288, 99]}, {""kind"": ""particle"", ""kana"": ""です""}]"
s1168,"[3, 15, 42, 96, 306, 250]",[],"[{""kind"": ""word"", ""ja"": ""三月"", ""reading"": ""さんがつ"", ""en"": ""March"", ""kanji"": [""三"", ""月""], ""targets"": [3, 15]}, {""kind"": ""particle"", ""kana"": ""に""}, {""kind"": ""word"", ""ja"": ""大学"", ""reading"": ""だいがく"", ""en"": ""university"", ""kanji"": [""大"", ""学""], ""targets"": [42, 96]}, {""kind"": ""particle"", ""kana"": ""を""}, {""kind"": ""word"", ""ja"": ""卒業"", ""reading"": ""そつぎょう"", ""en"": ""graduate"", ""kanji"": [""卒"", ""業""], ""targets"": [306, 250]}, {""kind"": ""particle"", ""kana"": ""します""}]"
s1169,"[230, 279, 219, 286]",[],"[{""kind"": ""word"", ""ja"": ""文法"", ""reading"": ""ぶんぽう"", ""en"": ""grammar"", ""kanji"": [""文"", ""法""], ""targets"": [230, 279]}, {""kind"": ""particle"", ""kana"": ""を""}, {""kind"": ""word"", ""ja"": ""理解"", ""reading"": ""りかい"", ""en"": ""understood"", ""kanji"": [""理"", ""解""], ""targets"": [219, 286]}, {""kind"": ""particle"", ""kana"": ""しました""}]"
s1170,"[146, 98, 286, 287, 65]",[],"[{""kind"": ""word"", ""ja"": ""先生"", ""reading"": ""せんせい"", ""en"": ""teacher"", ""kanji"": [""先"", ""生""], ""targets"": [146, 98]}, {""kind"": ""particle"", ""kana"": ""の""}, {""kind"": ""word"", ""ja"": ""解説"", ""reading"": ""かいせつ"", ""en"": ""explanation"", ""kanji"": [""解"", ""説""], ""targets"": [286, 287]}, {""kind"": ""particle"", ""kana"": ""を""}, {""kind"": ""word"", ""ja"": ""聞きました"", ""reading"": ""ききました"", ""en"": ""listened to"", ""kanji"": [""聞""], ""targets"": [65], ""lemma"": ""聞く""}]"
s1171,"[234, 233, 286]",[],"[{""kind"": ""word"", ""ja"": ""問題"", ""reading"": ""もんだい"", ""en"": ""problem"", ""kanji"": [""問"", ""題""], ""targets"": [234, 233]}, {""kind"": ""particle"", ""kana"": ""を""}, {""kind"": ""word"", ""ja"": ""解いて"", ""reading"": ""といて"", ""en"": ""solve"", ""kanji"": [""解""], ""targets"": [286], ""lemma"": ""解く""}, {""kind"": ""particle"", ""kana"": ""ください""}]"
s1172,"[234, 233, 286, 300]",[],"[{""kind"": ""word"", ""ja"": ""問題"", ""reading"": ""もんだい"", ""en"": ""problem"", ""kanji"": [""問"", ""題""], ""targets"": [234, 233]}, {""kind"": ""particle"", ""kana"": ""は""}, {""kind"": ""word"", ""ja"": ""解決"", ""reading"": ""かいけつ"", ""en"": ""was solved"", ""kanji"": [""解"", ""決""], ""targets"": [286, 300]}, {""kind"": ""particle"", ""kana"": ""しました""}]"
s1173,"[96, 97, 303, 236]",[],"[{""kind"": ""word"", ""ja"": ""学校"", ""reading"": ""がっこう"", ""en"": ""school"", ""kanji"": [""学"", ""校""], ""targets"": [96, 97]}, {""kind"": ""particle"", ""kana"": ""で""}, {""kind"": ""word"", ""ja"": ""実験"", ""reading"": ""じっけん"", ""en"": ""experiment"", ""kanji"": [""実"", ""験""], ""targets"": [303, 236]}, {""kind"": ""particle"", ""kana"": ""を""}, {""kind"": ""particle"", ""kana"": ""しました""}]"
s1174,"[303, 19]",[],"[{""kind"": ""word"", ""ja"": ""実は"", ""reading"": ""じつは"", ""en"": ""actually"", ""kanji"": [""実""], ""targets"": [303]}, {""kind"": ""word"", ""ja"": ""お金"", ""reading"": ""おかね"", ""en"": ""money"", ""kanji"": [""金""], ""targets"": [19]}, {""kind"": ""particle"", ""kana"": ""が""}, {""kind"": ""particle"", ""kana"": ""ありません""}]"
s1175,"[122, 303]",[],"[{""kind"": ""word"", ""ja"": ""それ"", ""reading"": ""それ"", ""en"": ""that"", ""kanji"": [], ""targets"": []}, {""kind"": ""particle"", ""kana"": ""は""}, {""kind"": ""word"", ""ja"": ""事実"", ""reading"": ""じじつ"", ""en"": ""a fact"", ""kanji"": [""事"", ""実""], ""targets"": [122, 303]}, {""kind"": ""particle"", ""kana"": ""です""}]"
s1176,"[209, 14, 271, 191]",[],"[{""kind"": ""word"", ""ja"": ""明日"", ""reading"": ""あした"", ""en"": ""tomorrow"", ""kanji"": [""明"", ""日""], ""targets"": [209, 14]}, {""kind"": ""particle"", ""kana"": ""の""}, {""kind"": ""word"", ""ja"": ""予習"", ""reading"": ""よしゅう"", ""en"": ""lesson prep"", ""kanji"": [""予"", ""習""], ""targets"": [271, 191]}, {""kind"": ""particle"", ""kana"": ""を""}, {""kind"": ""particle"", ""kana"": ""します""}]"
s1177,"[154, 4, 15, 61, 96]",[],"[{""kind"": ""word"", ""ja"": ""弟"", ""reading"": ""おとうと"", ""en"": ""younger brother"", ""kanji"": [""弟""], ""targets"": [154]}, {""kind"": ""particle"", ""kana"": ""は""}, {""kind"": ""word"", ""ja"": ""四月"", ""reading"": ""しがつ"", ""en"": ""April"", ""kanji"": [""四"", ""月""], ""targets"": [4, 15]}, {""kind"": ""particle"", ""kana"": ""に""}, {""kind"": ""word"", ""ja"": ""入学"", ""reading"": ""にゅうがく"", ""en"": ""entering school"", ""kanji"": [""入"", ""学""], ""targets"": [61, 96]}, {""kind"": ""word"", ""ja"": ""します"", ""reading"": ""します"", ""en"": ""will do"", ""kanji"": [], ""targets"": []}]"
s1178,"[268, 172, 304, 250, 78]",[],"[{""kind"": ""word"", ""ja"": ""社会"", ""reading"": ""しゃかい"", ""en"": ""social studies"", ""kanji"": [""社"", ""会""], ""targets"": [268, 172]}, {""kind"": ""particle"", ""kana"": ""の""}, {""kind"": ""word"", ""ja"": ""授業"", ""reading"": ""じゅぎょう"", ""en"": ""class"", ""kanji"": [""授"", ""業""], ""targets"": [304, 250]}, {""kind"": ""particle"", ""kana"": ""が""}, {""kind"": ""word"", ""ja"": ""好き"", ""reading"": ""すき"", ""en"": ""like"", ""kanji"": [""好""], ""targets"": [78]}, {""kind"": ""particle"", ""kana"": ""です""}]"
s1179,"[152, 96, 202, 203, 78]",[],"[{""kind"": ""word"", ""ja"": ""語学"", ""reading"": ""ごがく"", ""en"": ""language study"", ""kanji"": [""語"", ""学""], ""targets"": [152, 96]}, {""kind"": ""particle"", ""kana"": ""の""}, {""kind"": ""word"", ""ja"": ""勉強"", ""reading"": ""べんきょう"", ""en"": ""studying"", ""kanji"": [""勉"", ""強""], ""targets"": [202, 203]}, {""kind"": ""particle"", ""kana"": ""が""}, {""kind"": ""word"", ""ja"": ""好き"", ""reading"": ""すき"", ""en"": ""like"", ""kanji"": [""好""], ""targets"": [78]}, {""kind"": ""particle"", ""kana"": ""です""}]"
s1180,"[70, 23, 85, 202, 203]",[],"[{""kind"": ""word"", ""ja"": ""新しい"", ""reading"": ""あたらしい"", ""en"": ""new"", ""kanji"": [""新""], ""targets"": [70]}, {""kind"": ""word"", ""ja"": ""分野"", ""reading"": ""ぶんや"", ""en"": ""field"", ""kanji"": [""分"", ""野""], ""targets"": [23, 85]}, {""kind"": ""particle"", ""kana"": ""を""}, {""kind"": ""word"", ""ja"": ""勉強"", ""reading"": ""べんきょう"", ""en"": ""study"", ""kanji"": [""勉"", ""強""], ""targets"": [202, 203]}, {""kind"": ""word"", ""ja"": ""します"", ""reading"": ""します"", ""en"": ""will do"", ""kanji"": [], ""targets"": []}]"
s1181,"[94, 188, 62, 253, 122]",[],"[{""kind"": ""word"", ""ja"": ""車"", ""reading"": ""くるま"", ""en"": ""cars"", ""kanji"": [""車""], ""targets"": [94]}, {""kind"": ""particle"", ""kana"": ""の""}, {""kind"": ""word"", ""ja"": ""売買"", ""reading"": ""ばいばい"", ""en"": ""buying and selling"", ""kanji"": [""売"", ""買""], ""targets"": [188, 62]}, {""kind"": ""particle"", ""kana"": ""の""}, {""kind"": ""word"", ""ja"": ""仕事"", ""reading"": ""しごと"", ""en"": ""work"", ""kanji"": [""仕"", ""事""], ""targets"": [253, 122]}, {""kind"": ""particle"", ""kana"": ""を""}, {""kind"": ""particle"", ""kana"": ""しています""}]"
s1182,"[253, 123]",[],"[{""kind"": ""word"", ""ja"": ""仕方"", ""reading"": ""しかた"", ""en"": ""way of doing"", ""kanji"": [""仕"", ""方""], ""targets"": [253, 123]}, {""kind"": ""particle"", ""kana"": ""が""}, {""kind"": ""particle"", ""kana"": ""ありません""}]"
s1183,"[252, 23]",[],"[{""kind"": ""word"", ""ja"": ""この"", ""reading"": ""この"", ""en"": ""this"", ""kanji"": [], ""targets"": []}, {""kind"": ""word"", ""ja"": ""部分"", ""reading"": ""ぶぶん"", ""en"": ""part"", ""kanji"": [""部"", ""分""], ""targets"": [252, 23]}, {""kind"": ""particle"", ""kana"": ""が""}, {""kind"": ""word"", ""ja"": ""分かりません"", ""reading"": ""わかりません"", ""en"": ""dont understand"", ""kanji"": [""分""], ""targets"": [23], ""lemma"": ""分かる""}]"
s1184,"[95, 94, 254, 19, 2, 11, 72]",[],"[{""kind"": ""word"", ""ja"": ""電車"", ""reading"": ""でんしゃ"", ""en"": ""train"", ""kanji"": [""電"", ""車""], ""targets"": [95, 94]}, {""kind"": ""particle"", ""kana"": ""の""}, {""kind"": ""word"", ""ja"": ""料金"", ""reading"": ""りょうきん"", ""en"": ""fare"", ""kanji"": [""料"", ""金""], ""targets"": [254, 19]}, {""kind"": ""particle"", ""kana"": ""は""}, {""kind"": ""word"", ""ja"": ""二百"", ""reading"": ""にひゃく"", ""en"": ""200"", ""kanji"": [""二"", ""百""], ""targets"": [2, 11]}, {""kind"": ""word"", ""ja"": ""円"", ""reading"": ""えん"", ""en"": ""yen"", ""kanji"": [""円""], ""targets"": [72]}, {""kind"": ""particle"", ""kana"": ""です""}]"
s1185,"[259, 291, 3, 12, 72]",[],"[{""kind"": ""word"", ""ja"": ""合計"", ""reading"": ""ごうけい"", ""en"": ""total"", ""kanji"": [""合"", ""計""], ""targets"": [259, 291]}, {""kind"": ""particle"", ""kana"": ""で""}, {""kind"": ""word"", ""ja"": ""三千"", ""reading"": ""さんぜん"", ""en"": ""3,000"", ""kanji"": [""三"", ""千""], ""targets"": [3, 12]}, {""kind"": ""word"", ""ja"": ""円"", ""reading"": ""えん"", ""en"": ""yen"", ""kanji"": [""円""], ""targets"": [72]}, {""kind"": ""particle"", ""kana"": ""です""}]"
s1186,"[30, 134]",[],"[{""kind"": ""word"", ""ja"": ""人数"", ""reading"": ""にんずう"", ""en"": ""number of people"", ""kanji"": [""人"", ""数""], ""targets"": [30, 134]}, {""kind"": ""particle"", ""kana"": ""を""}, {""kind"": ""word"", ""ja"": ""数えて"", ""reading"": ""かぞえて"", ""en"": ""count"", ""kanji"": [""数""], ""targets"": [134], ""lemma"": ""数える""}, {""kind"": ""particle"", ""kana"": ""ください""}]"
s1187,"[75, 134, 30, 196]",[],"[{""kind"": ""word"", ""ja"": ""多数"", ""reading"": ""たすう"", ""en"": ""many"", ""kanji"": [""多"", ""数""], ""targets"": [75, 134]}, {""kind"": ""particle"", ""kana"": ""の""}, {""kind"": ""word"", ""ja"": ""人"", ""reading"": ""ひと"", ""en"": ""people"", ""kanji"": [""人""], ""targets"": [30]}, {""kind"": ""particle"", ""kana"": ""が""}, {""kind"": ""word"", ""ja"": ""集まりました"", ""reading"": ""あつまりました"", ""en"": ""gathered"", ""kanji"": [""集""], ""targets"": [196], ""lemma"": ""集まる""}]"
s1188,"[48, 30, 157, 76]",[],"[{""kind"": ""word"", ""ja"": ""この"", ""reading"": ""この"", ""en"": ""this"", ""kanji"": [], ""targets"": []}, {""kind"": ""word"", ""ja"": ""町"", ""reading"": ""まち"", ""en"": ""town"", ""kanji"": [""町""], ""targets"": [48]}, {""kind"": ""particle"", ""kana"": ""の""}, {""kind"": ""word"", ""ja"": ""人口"", ""reading"": ""じんこう"", ""en"": ""population"", ""kanji"": [""人"", ""口""], ""targets"": [30, 157]}, {""kind"": ""particle"", ""kana"": ""は""}, {""kind"": ""word"", ""ja"": ""少ない"", ""reading"": ""すくない"", ""en"": ""small"", ""kanji"": [""少""], ""targets"": [76]}, {""kind"": ""particle"", ""kana"": ""です""}]"
s1189,"[59, 125]",[],"[{""kind"": ""word"", ""ja"": ""言い訳"", ""reading"": ""いいわけ"", ""en"": ""excuses"", ""kanji"": [""言"", ""訳""], ""targets"": [59, 125]}, {""kind"": ""particle"", ""kana"": ""を""}, {""kind"": ""particle"", ""kana"": ""しないで""}, {""kind"": ""particle"", ""kana"": ""ください""}]"
s1190,"[129, 44, 59, 265, 191]",[],"[{""kind"": ""word"", ""ja"": ""他国"", ""reading"": ""たこく"", ""en"": ""other countries"", ""kanji"": [""他"", ""国""], ""targets"": [129, 44]}, {""kind"": ""particle"", ""kana"": ""の""}, {""kind"": ""word"", ""ja"": ""言葉"", ""reading"": ""ことば"", ""en"": ""languages"", ""kanji"": [""言"", ""葉""], ""targets"": [59, 265]}, {""kind"": ""particle"", ""kana"": ""を""}, {""kind"": ""word"", ""ja"": ""習います"", ""reading"": ""ならいます"", ""en"": ""learn"", ""kanji"": [""習""], ""targets"": [191], ""lemma"": ""習う""}]"
s1191,"[133, 44, 26, 245]",[],"[{""kind"": ""word"", ""ja"": ""両国"", ""reading"": ""りょうこく"", ""en"": ""the two countries"", ""kanji"": [""両"", ""国""], ""targets"": [133, 44]}, {""kind"": ""particle"", ""kana"": ""の""}, {""kind"": ""word"", ""ja"": ""間"", ""reading"": ""あいだ"", ""en"": ""between"", ""kanji"": [""間""], ""targets"": [26]}, {""kind"": ""particle"", ""kana"": ""に""}, {""kind"": ""word"", ""ja"": ""海"", ""reading"": ""うみ"", ""en"": ""sea"", ""kanji"": [""海""], ""targets"": [245]}, {""kind"": ""particle"", ""kana"": ""が""}, {""kind"": ""particle"", ""kana"": ""あります""}]"
s1192,"[264, 258, 195]",[203],"[{""kind"": ""word"", ""ja"": ""自動"", ""reading"": ""じどう"", ""en"": ""automatic"", ""kanji"": [""自"", ""動""], ""targets"": [264, 258]}, {""kind"": ""particle"", ""kana"": ""の""}, {""kind"": ""word"", ""ja"": ""ドア"", ""reading"": ""どあ"", ""en"": ""door"", ""kanji"": [], ""targets"": [], ""kana_targets"": [203]}, {""kind"": ""particle"", ""kana"": ""が""}, {""kind"": ""word"", ""ja"": ""開きました"", ""reading"": ""ひらきました"", ""en"": ""opened"", ""kanji"": [""開""], ""targets"": [195], ""lemma"": ""開く""}]"
s1193,"[193, 258]",[235],"[{""kind"": ""word"", ""ja"": ""ジム"", ""reading"": ""じむ"", ""en"": ""gym"", ""kanji"": [], ""targets"": [], ""kana_targets"": [235]}, {""kind"": ""particle"", ""kana"": ""で""}, {""kind"": ""word"", ""ja"": ""運動"", ""reading"": ""うんどう"", ""en"": ""exercise"", ""kanji"": [""運"", ""動""], ""targets"": [193, 258]}, {""kind"": ""particle"", ""kana"": ""を""}, {""kind"": ""particle"", ""kana"": ""します""}]"
s1194,"[193, 14]",[],"[{""kind"": ""word"", ""ja"": ""運"", ""reading"": ""うん"", ""en"": ""luck"", ""kanji"": [""運""], ""targets"": [193]}, {""kind"": ""particle"", ""kana"": ""が""}, {""kind"": ""particle"", ""kana"": ""いい""}, {""kind"": ""word"", ""ja"": ""日"", ""reading"": ""ひ"", ""en"": ""day"", ""kanji"": [""日""], ""targets"": [14]}, {""kind"": ""particle"", ""kana"": ""です""}]"
s1195,"[290, 61, 195]",[],"[{""kind"": ""word"", ""ja"": ""力"", ""reading"": ""ちから"", ""en"": ""strength"", ""kanji"": [""力""], ""targets"": [290]}, {""kind"": ""particle"", ""kana"": ""を""}, {""kind"": ""word"", ""ja"": ""入れて"", ""reading"": ""いれて"", ""en"": ""put in"", ""kanji"": [""入""], ""targets"": [61], ""lemma"": ""入れる""}, {""kind"": ""word"", ""ja"": ""開けて"", ""reading"": ""あけて"", ""en"": ""open"", ""kanji"": [""開""], ""targets"": [195], ""lemma"": ""開ける""}, {""kind"": ""particle"", ""kana"": ""ください""}]"
s1196,"[37, 48, 1, 299, 290, 175]",[],"[{""kind"": ""word"", ""ja"": ""父"", ""reading"": ""ちち"", ""en"": ""father"", ""kanji"": [""父""], ""targets"": [37]}, {""kind"": ""particle"", ""kana"": ""は""}, {""kind"": ""word"", ""ja"": ""町"", ""reading"": ""まち"", ""en"": ""town"", ""kanji"": [""町""], ""targets"": [48]}, {""kind"": ""particle"", ""kana"": ""で""}, {""kind"": ""word"", ""ja"": ""一番"", ""reading"": ""いちばん"", ""en"": ""number one"", ""kanji"": [""一"", ""番""], ""targets"": [1, 299]}, {""kind"": ""particle"", ""kana"": ""の""}, {""kind"": ""word"", ""ja"": ""力持ち"", ""reading"": ""ちからもち"", ""en"": ""strong man"", ""kanji"": [""力"", ""持""], ""targets"": [290, 175]}, {""kind"": ""particle"", ""kana"": ""です""}]"
s1197,"[24, 14, 272, 299]",[64],"[{""kind"": ""word"", ""ja"": ""今日"", ""reading"": ""きょう"", ""en"": ""today"", ""kanji"": [""今"", ""日""], ""targets"": [24, 14]}, {""kind"": ""particle"", ""kana"": ""は""}, {""kind"": ""word"", ""ja"": ""ごみ"", ""reading"": ""ごみ"", ""en"": ""trash"", ""kanji"": [], ""targets"": [], ""kana_targets"": [64]}, {""kind"": ""word"", ""ja"": ""当番"", ""reading"": ""とうばん"", ""en"": ""duty"", ""kanji"": [""当"", ""番""], ""targets"": [272, 299]}, {""kind"": ""particle"", ""kana"": ""です""}]"
s1198,"[2, 299, 68]",[254],"[{""kind"": ""word"", ""ja"": ""二番"", ""reading"": ""にばん"", ""en"": ""number two"", ""kanji"": [""二"", ""番""], ""targets"": [2, 299]}, {""kind"": ""particle"", ""kana"": ""の""}, {""kind"": ""word"", ""ja"": ""ホーム"", ""reading"": ""ほーむ"", ""en"": ""platform"", ""kanji"": [], ""targets"": [], ""kana_targets"": [254]}, {""kind"": ""particle"", ""kana"": ""で""}, {""kind"": ""word"", ""ja"": ""待ちます"", ""reading"": ""まちます"", ""en"": ""wait"", ""kanji"": [""待""], ""targets"": [68], ""lemma"": ""待つ""}]"
s1199,"[297, 31, 259]",[],"[{""kind"": ""word"", ""ja"": ""この"", ""reading"": ""この"", ""en"": ""this"", ""kanji"": [], ""targets"": []}, {""kind"": ""word"", ""ja"": ""服"", ""reading"": ""ふく"", ""en"": ""clothes"", ""kanji"": [""服""], ""targets"": [297]}, {""kind"": ""particle"", ""kana"": ""は""}, {""kind"": ""word"", ""ja"": ""私"", ""reading"": ""わたし"", ""en"": ""me"", ""kanji"": [""私""], ""targets"": [31]}, {""kind"": ""particle"", ""kana"": ""に""}, {""kind"": ""word"", ""ja"": ""合っています"", ""reading"": ""あっています"", ""en"": ""suits"", ""kanji"": [""合""], ""targets"": [259], ""lemma"": ""合う""}]"
s1200,"[149, 117, 259, 51]",[],"[{""kind"": ""word"", ""ja"": ""雨"", ""reading"": ""あめ"", ""en"": ""rain"", ""kanji"": [""雨""], ""targets"": [149]}, {""kind"": ""particle"", ""kana"": ""の""}, {""kind"": ""word"", ""ja"": ""場合"", ""reading"": ""ばあい"", ""en"": ""case"", ""kanji"": [""場"", ""合""], ""targets"": [117, 259]}, {""kind"": ""particle"", ""kana"": ""は""}, {""kind"": ""word"", ""ja"": ""家"", ""reading"": ""いえ"", ""en"": ""home"", ""kanji"": [""家""], ""targets"": [51]}, {""kind"": ""particle"", ""kana"": ""に""}, {""kind"": ""particle"", ""kana"": ""います""}]"
s1201,"[2, 30, 131, 22, 55]",[],"[{""kind"": ""word"", ""ja"": ""二人"", ""reading"": ""ふたり"", ""en"": ""the two"", ""kanji"": [""二"", ""人""], ""targets"": [2, 30]}, {""kind"": ""particle"", ""kana"": ""が""}, {""kind"": ""word"", ""ja"": ""同時"", ""reading"": ""どうじ"", ""en"": ""the same time"", ""kanji"": [""同"", ""時""], ""targets"": [131, 22]}, {""kind"": ""particle"", ""kana"": ""に""}, {""kind"": ""word"", ""ja"": ""来ました"", ""reading"": ""きました"", ""en"": ""came"", ""kanji"": [""来""], ""targets"": [55], ""lemma"": ""来る""}]"
s1202,"[273, 31, 131, 21]",[],"[{""kind"": ""word"", ""ja"": ""彼"", ""reading"": ""かれ"", ""en"": ""he"", ""kanji"": [""彼""], ""targets"": [273]}, {""kind"": ""particle"", ""kana"": ""と""}, {""kind"": ""word"", ""ja"": ""私"", ""reading"": ""わたし"", ""en"": ""I"", ""kanji"": [""私""], ""targets"": [31]}, {""kind"": ""particle"", ""kana"": ""は""}, {""kind"": ""word"", ""ja"": ""同年"", ""reading"": ""どうねん"", ""en"": ""the same age"", ""kanji"": [""同"", ""年""], ""targets"": [131, 21]}, {""kind"": ""particle"", ""kana"": ""です""}]"
s1203,"[291, 294, 131, 218]",[],"[{""kind"": ""word"", ""ja"": ""その"", ""reading"": ""その"", ""en"": ""that"", ""kanji"": [], ""targets"": []}, {""kind"": ""word"", ""ja"": ""計画"", ""reading"": ""けいかく"", ""en"": ""plan"", ""kanji"": [""計"", ""画""], ""targets"": [291, 294]}, {""kind"": ""particle"", ""kana"": ""に""}, {""kind"": ""word"", ""ja"": ""同意"", ""reading"": ""どうい"", ""en"": ""agree"", ""kanji"": [""同"", ""意""], ""targets"": [131, 218]}, {""kind"": ""particle"", ""kana"": ""します""}]"
s1204,"[293, 294, 117, 288, 56]",[],"[{""kind"": ""word"", ""ja"": ""映画"", ""reading"": ""えいが"", ""en"": ""movie"", ""kanji"": [""映"", ""画""], ""targets"": [293, 294]}, {""kind"": ""particle"", ""kana"": ""の""}, {""kind"": ""particle"", ""kana"": ""いい""}, {""kind"": ""word"", ""ja"": ""場面"", ""reading"": ""ばめん"", ""en"": ""scene"", ""kanji"": [""場"", ""面""], ""targets"": [117, 288]}, {""kind"": ""particle"", ""kana"": ""を""}, {""kind"": ""word"", ""ja"": ""見ました"", ""reading"": ""みました"", ""en"": ""watched"", ""kanji"": [""見""], ""targets"": [56], ""lemma"": ""見る""}]"
s1205,"[294, 51, 221, 35]",[],"[{""kind"": ""word"", ""ja"": ""その"", ""reading"": ""その"", ""en"": ""that"", ""kanji"": [], ""targets"": []}, {""kind"": ""word"", ""ja"": ""画家"", ""reading"": ""がか"", ""en"": ""painter"", ""kanji"": [""画"", ""家""], ""targets"": [294, 51]}, {""kind"": ""particle"", ""kana"": ""は""}, {""kind"": ""word"", ""ja"": ""有名"", ""reading"": ""ゆうめい"", ""en"": ""famous"", ""kanji"": [""有"", ""名""], ""targets"": [221, 35]}, {""kind"": ""particle"", ""kana"": ""です""}]"
s1206,"[99, 296, 293, 294, 56]",[],"[{""kind"": ""word"", ""ja"": ""白黒"", ""reading"": ""しろくろ"", ""en"": ""black and white"", ""kanji"": [""白"", ""黒""], ""targets"": [99, 296]}, {""kind"": ""particle"", ""kana"": ""の""}, {""kind"": ""word"", ""ja"": ""映画"", ""reading"": ""えいが"", ""en"": ""movie"", ""kanji"": [""映"", ""画""], ""targets"": [293, 294]}, {""kind"": ""particle"", ""kana"": ""を""}, {""kind"": ""word"", ""ja"": ""見ました"", ""reading"": ""みました"", ""en"": ""watched"", ""kanji"": [""見""], ""targets"": [56], ""lemma"": ""見る""}]"
s1207,"[101, 285, 71, 189]",[],"[{""kind"": ""word"", ""ja"": ""美術"", ""reading"": ""びじゅつ"", ""en"": ""art"", ""kanji"": [""美"", ""術""], ""targets"": [101, 285]}, {""kind"": ""particle"", ""kana"": ""の""}, {""kind"": ""word"", ""ja"": ""本"", ""reading"": ""ほん"", ""en"": ""book"", ""kanji"": [""本""], ""targets"": [71]}, {""kind"": ""particle"", ""kana"": ""を""}, {""kind"": ""word"", ""ja"": ""借りました"", ""reading"": ""かりました"", ""en"": ""borrowed"", ""kanji"": [""借""], ""targets"": [189], ""lemma"": ""借りる""}]"
s1208,"[100, 285, 213, 122, 181]",[],"[{""kind"": ""word"", ""ja"": ""手術"", ""reading"": ""しゅじゅつ"", ""en"": ""surgery"", ""kanji"": [""手"", ""術""], ""targets"": [100, 285]}, {""kind"": ""particle"", ""kana"": ""は""}, {""kind"": ""word"", ""ja"": ""無事"", ""reading"": ""ぶじ"", ""en"": ""safely"", ""kanji"": [""無"", ""事""], ""targets"": [213, 122]}, {""kind"": ""particle"", ""kana"": ""に""}, {""kind"": ""word"", ""ja"": ""終わりました"", ""reading"": ""おわりました"", ""en"": ""ended"", ""kanji"": [""終""], ""targets"": [181], ""lemma"": ""終わる""}]"
s1209,"[284, 17]",[150],"[{""kind"": ""word"", ""ja"": ""ジョウロ"", ""reading"": ""じょうろ"", ""en"": ""watering can"", ""kanji"": [], ""targets"": [], ""kana_targets"": [150]}, {""kind"": ""particle"", ""kana"": ""で""}, {""kind"": ""word"", ""ja"": ""花"", ""reading"": ""はな"", ""en"": ""flowers"", ""kanji"": [""花""], ""targets"": [284]}, {""kind"": ""particle"", ""kana"": ""に""}, {""kind"": ""word"", ""ja"": ""水"", ""reading"": ""みず"", ""en"": ""water"", ""kanji"": [""水""], ""targets"": [17]}, {""kind"": ""particle"", ""kana"": ""を""}, {""kind"": ""particle"", ""kana"": ""あげます""}]"
s1210,"[38, 14, 284, 276]",[],"[{""kind"": ""word"", ""ja"": ""母"", ""reading"": ""はは"", ""en"": ""mother"", ""kanji"": [""母""], ""targets"": [38]}, {""kind"": ""particle"", ""kana"": ""の""}, {""kind"": ""word"", ""ja"": ""日"", ""reading"": ""ひ"", ""en"": ""day"", ""kanji"": [""日""], ""targets"": [14]}, {""kind"": ""particle"", ""kana"": ""に""}, {""kind"": ""word"", ""ja"": ""花束"", ""reading"": ""はなたば"", ""en"": ""bouquet"", ""kanji"": [""花"", ""束""], ""targets"": [284, 276]}, {""kind"": ""particle"", ""kana"": ""を""}, {""kind"": ""particle"", ""kana"": ""あげました""}]"
s1211,"[52, 42, 289]",[],"[{""kind"": ""word"", ""ja"": ""外"", ""reading"": ""そと"", ""en"": ""outside"", ""kanji"": [""外""], ""targets"": [52]}, {""kind"": ""particle"", ""kana"": ""で""}, {""kind"": ""word"", ""ja"": ""大きい"", ""reading"": ""おおきい"", ""en"": ""loud"", ""kanji"": [""大""], ""targets"": [42]}, {""kind"": ""word"", ""ja"": ""音"", ""reading"": ""おと"", ""en"": ""sound"", ""kanji"": [""音""], ""targets"": [289]}, {""kind"": ""particle"", ""kana"": ""が""}, {""kind"": ""particle"", ""kana"": ""しました""}]"
s1212,"[160, 289, 65]",[],"[{""kind"": ""word"", ""ja"": ""足音"", ""reading"": ""あしおと"", ""en"": ""footsteps"", ""kanji"": [""足"", ""音""], ""targets"": [160, 289]}, {""kind"": ""particle"", ""kana"": ""が""}, {""kind"": ""word"", ""ja"": ""聞こえます"", ""reading"": ""きこえます"", ""en"": ""can be heard"", ""kanji"": [""聞""], ""targets"": [65], ""lemma"": ""聞こえる""}]"
s1213,"[289, 282, 64]",[220],"[{""kind"": ""word"", ""ja"": ""ノート"", ""reading"": ""のーと"", ""en"": ""notebook"", ""kanji"": [], ""targets"": [], ""kana_targets"": [220]}, {""kind"": ""particle"", ""kana"": ""に""}, {""kind"": ""word"", ""ja"": ""音符"", ""reading"": ""おんぷ"", ""en"": ""musical notes"", ""kanji"": [""音"", ""符""], ""targets"": [289, 282]}, {""kind"": ""particle"", ""kana"": ""を""}, {""kind"": ""word"", ""ja"": ""書きました"", ""reading"": ""かきました"", ""en"": ""wrote"", ""kanji"": [""書""], ""targets"": [64], ""lemma"": ""書く""}]"
s1214,"[240, 283, 123, 59, 288, 99]",[],"[{""kind"": ""word"", ""ja"": ""田舎"", ""reading"": ""いなか"", ""en"": ""countryside"", ""kanji"": [""田"", ""舎""], ""targets"": [240, 283]}, {""kind"": ""particle"", ""kana"": ""の""}, {""kind"": ""word"", ""ja"": ""方言"", ""reading"": ""ほうげん"", ""en"": ""dialect"", ""kanji"": [""方"", ""言""], ""targets"": [123, 59]}, {""kind"": ""particle"", ""kana"": ""は""}, {""kind"": ""word"", ""ja"": ""面白い"", ""reading"": ""おもしろい"", ""en"": ""interesting"", ""kanji"": [""面"", ""白""], ""targets"": [288, 99]}, {""kind"": ""particle"", ""kana"": ""です""}]"
s1215,"[18, 265, 42]",[],"[{""kind"": ""word"", ""ja"": ""この"", ""reading"": ""この"", ""en"": ""this"", ""kanji"": [], ""targets"": []}, {""kind"": ""word"", ""ja"": ""木"", ""reading"": ""き"", ""en"": ""tree"", ""kanji"": [""木""], ""targets"": [18]}, {""kind"": ""particle"", ""kana"": ""の""}, {""kind"": ""word"", ""ja"": ""葉"", ""reading"": ""は"", ""en"": ""leaves"", ""kanji"": [""葉""], ""targets"": [265]}, {""kind"": ""particle"", ""kana"": ""は""}, {""kind"": ""word"", ""ja"": ""大きい"", ""reading"": ""おおきい"", ""en"": ""big"", ""kanji"": [""大""], ""targets"": [42]}, {""kind"": ""particle"", ""kana"": ""です""}]"
s1216,"[36, 256, 265, 64, 178]",[],"[{""kind"": ""word"", ""ja"": ""友達"", ""reading"": ""ともだち"", ""en"": ""friend"", ""kanji"": [""友"", ""達""], ""targets"": [36, 256]}, {""kind"": ""particle"", ""kana"": ""に""}, {""kind"": ""word"", ""ja"": ""葉書"", ""reading"": ""はがき"", ""en"": ""postcard"", ""kanji"": [""葉"", ""書""], ""targets"": [265, 64]}, {""kind"": ""particle"", ""kana"": ""を""}, {""kind"": ""word"", ""ja"": ""送りました"", ""reading"": ""おくりました"", ""en"": ""sent"", ""kanji"": [""送""], ""targets"": [178], ""lemma"": ""送る""}]"
s1217,"[34, 266, 88, 78]",[],"[{""kind"": ""word"", ""ja"": ""子ども"", ""reading"": ""こども"", ""en"": ""children"", ""kanji"": [""子""], ""targets"": [34]}, {""kind"": ""particle"", ""kana"": ""は""}, {""kind"": ""word"", ""ja"": ""乗り物"", ""reading"": ""のりもの"", ""en"": ""vehicles"", ""kanji"": [""乗"", ""物""], ""targets"": [266, 88]}, {""kind"": ""particle"", ""kana"": ""が""}, {""kind"": ""word"", ""ja"": ""好き"", ""reading"": ""すき"", ""en"": ""like"", ""kanji"": [""好""], ""targets"": [78]}, {""kind"": ""particle"", ""kana"": ""です""}]"
s1218,"[144, 266, 94]",[],"[{""kind"": ""word"", ""ja"": ""前"", ""reading"": ""まえ"", ""en"": ""front"", ""kanji"": [""前""], ""targets"": [144]}, {""kind"": ""particle"", ""kana"": ""から""}, {""kind"": ""word"", ""ja"": ""乗車"", ""reading"": ""じょうしゃ"", ""en"": ""board"", ""kanji"": [""乗"", ""車""], ""targets"": [266, 94]}, {""kind"": ""particle"", ""kana"": ""して""}, {""kind"": ""particle"", ""kana"": ""ください""}]"
s1219,"[275, 21, 54]",[170],"[{""kind"": ""word"", ""ja"": ""昨年"", ""reading"": ""さくねん"", ""en"": ""last year"", ""kanji"": [""昨"", ""年""], ""targets"": [275, 21]}, {""kind"": ""word"", ""ja"": ""ニューヨーク"", ""reading"": ""にゅーよーく"", ""en"": ""New York"", ""kanji"": [], ""targets"": [], ""kana_targets"": [170]}, {""kind"": ""particle"", ""kana"": ""に""}, {""kind"": ""word"", ""ja"": ""行きました"", ""reading"": ""いきました"", ""en"": ""went"", ""kanji"": [""行""], ""targets"": [54], ""lemma"": ""行く""}]"
s1220,"[275, 164, 295]",[19],"[{""kind"": ""word"", ""ja"": ""昨夜"", ""reading"": ""さくや"", ""en"": ""last night"", ""kanji"": [""昨"", ""夜""], ""targets"": [275, 164]}, {""kind"": ""particle"", ""kana"": ""は""}, {""kind"": ""word"", ""ja"": ""ひどい"", ""reading"": ""ひどい"", ""en"": ""terrible"", ""kanji"": [], ""targets"": [], ""kana_targets"": [19]}, {""kind"": ""word"", ""ja"": ""風"", ""reading"": ""かぜ"", ""en"": ""wind"", ""kanji"": [""風""], ""targets"": [295]}, {""kind"": ""particle"", ""kana"": ""でした""}]"
s1221,"[167, 245, 207, 278, 301, 54]",[],"[{""kind"": ""word"", ""ja"": ""夏"", ""reading"": ""なつ"", ""en"": ""summer"", ""kanji"": [""夏""], ""targets"": [167]}, {""kind"": ""particle"", ""kana"": ""は""}, {""kind"": ""word"", ""ja"": ""海"", ""reading"": ""うみ"", ""en"": ""sea"", ""kanji"": [""海""], ""targets"": [245]}, {""kind"": ""particle"", ""kana"": ""の""}, {""kind"": ""word"", ""ja"": ""近く"", ""reading"": ""ちかく"", ""en"": ""near"", ""kanji"": [""近""], ""targets"": [207]}, {""kind"": ""particle"", ""kana"": ""の""}, {""kind"": ""word"", ""ja"": ""民宿"", ""reading"": ""みんしゅく"", ""en"": ""guesthouse"", ""kanji"": [""民"", ""宿""], ""targets"": [278, 301]}, {""kind"": ""particle"", ""kana"": ""に""}, {""kind"": ""word"", ""ja"": ""行きます"", ""reading"": ""いきます"", ""en"": ""go"", ""kanji"": [""行""], ""targets"": [54], ""lemma"": ""行く""}]"
s1222,"[171, 301, 186]",[],"[{""kind"": ""word"", ""ja"": ""古い"", ""reading"": ""ふるい"", ""en"": ""old"", ""kanji"": [""古""], ""targets"": [171]}, {""kind"": ""word"", ""ja"": ""宿"", ""reading"": ""やど"", ""en"": ""inn"", ""kanji"": [""宿""], ""targets"": [301]}, {""kind"": ""particle"", ""kana"": ""に""}, {""kind"": ""word"", ""ja"": ""着きました"", ""reading"": ""つきました"", ""en"": ""arrived"", ""kanji"": [""着""], ""targets"": [186], ""lemma"": ""着く""}]"
s1223,[302],[73],"[{""kind"": ""word"", ""ja"": ""ひも"", ""reading"": ""ひも"", ""en"": ""string"", ""kanji"": [], ""targets"": [], ""kana_targets"": [73]}, {""kind"": ""particle"", ""kana"": ""を""}, {""kind"": ""word"", ""ja"": ""結んで"", ""reading"": ""むすんで"", ""en"": ""tie"", ""kanji"": [""結""], ""targets"": [302], ""lemma"": ""結ぶ""}, {""kind"": ""particle"", ""kana"": ""ください""}]"
s1224,"[264, 23]","[175, 266]","[{""kind"": ""word"", ""ja"": ""自分"", ""reading"": ""じぶん"", ""en"": ""myself"", ""kanji"": [""自"", ""分""], ""targets"": [264, 23]}, {""kind"": ""particle"", ""kana"": ""で""}, {""kind"": ""word"", ""ja"": ""カーテン"", ""reading"": ""かーてん"", ""en"": ""curtains"", ""kanji"": [], ""targets"": [], ""kana_targets"": [175]}, {""kind"": ""particle"", ""kana"": ""を""}, {""kind"": ""word"", ""ja"": ""つけました"", ""reading"": ""つけました"", ""en"": ""put up"", ""kanji"": [], ""targets"": [], ""kana_targets"": [266], ""lemma"": ""つける""}]"
s1225,"[71, 241, 144, 197, 220]",[],"[{""kind"": ""word"", ""ja"": ""本堂"", ""reading"": ""ほんどう"", ""en"": ""main hall"", ""kanji"": [""本"", ""堂""], ""targets"": [71, 241]}, {""kind"": ""particle"", ""kana"": ""の""}, {""kind"": ""word"", ""ja"": ""前"", ""reading"": ""まえ"", ""en"": ""front"", ""kanji"": [""前""], ""targets"": [144]}, {""kind"": ""particle"", ""kana"": ""で""}, {""kind"": ""word"", ""ja"": ""写真"", ""reading"": ""しゃしん"", ""en"": ""photo"", ""kanji"": [""写"", ""真""], ""targets"": [197, 220]}, {""kind"": ""particle"", ""kana"": ""を""}, {""kind"": ""word"", ""ja"": ""写しました"", ""reading"": ""うつしました"", ""en"": ""took"", ""kanji"": [""写""], ""targets"": [197], ""lemma"": ""写す""}]"
s1226,"[140, 141, 183]",[],"[{""kind"": ""word"", ""ja"": ""東"", ""reading"": ""ひがし"", ""en"": ""east"", ""kanji"": [""東""], ""targets"": [140]}, {""kind"": ""particle"", ""kana"": ""から""}, {""kind"": ""word"", ""ja"": ""西"", ""reading"": ""にし"", ""en"": ""west"", ""kanji"": [""西""], ""targets"": [141]}, {""kind"": ""particle"", ""kana"": ""へ""}, {""kind"": ""word"", ""ja"": ""歩きました"", ""reading"": ""あるきました"", ""en"": ""walked"", ""kanji"": [""歩""], ""targets"": [183], ""lemma"": ""歩く""}]"
s1227,"[142, 44, 167, 77]",[],"[{""kind"": ""word"", ""ja"": ""南"", ""reading"": ""みなみ"", ""en"": ""south"", ""kanji"": [""南""], ""targets"": [142]}, {""kind"": ""particle"", ""kana"": ""の""}, {""kind"": ""word"", ""ja"": ""国"", ""reading"": ""くに"", ""en"": ""countries"", ""kanji"": [""国""], ""targets"": [44]}, {""kind"": ""particle"", ""kana"": ""は""}, {""kind"": ""word"", ""ja"": ""夏"", ""reading"": ""なつ"", ""en"": ""summer"", ""kanji"": [""夏""], ""targets"": [167]}, {""kind"": ""particle"", ""kana"": ""が""}, {""kind"": ""word"", ""ja"": ""長い"", ""reading"": ""ながい"", ""en"": ""long"", ""kanji"": [""長""], ""targets"": [77]}, {""kind"": ""particle"", ""kana"": ""です""}]"
s1228,"[140, 143, 169, 77]",[],"[{""kind"": ""word"", ""ja"": ""東北"", ""reading"": ""とうほく"", ""en"": ""Tohoku"", ""kanji"": [""東"", ""北""], ""targets"": [140, 143]}, {""kind"": ""particle"", ""kana"": ""は""}, {""kind"": ""word"", ""ja"": ""冬"", ""reading"": ""ふゆ"", ""en"": ""winter"", ""kanji"": [""冬""], ""targets"": [169]}, {""kind"": ""particle"", ""kana"": ""が""}, {""kind"": ""word"", ""ja"": ""長い"", ""reading"": ""ながい"", ""en"": ""long"", ""kanji"": [""長""], ""targets"": [77]}, {""kind"": ""particle"", ""kana"": ""です""}]"
s1229,"[143, 79, 187]",[],"[{""kind"": ""word"", ""ja"": ""北米"", ""reading"": ""ほくべい"", ""en"": ""North America"", ""kanji"": [""北"", ""米""], ""targets"": [143, 79]}, {""kind"": ""particle"", ""kana"": ""に""}, {""kind"": ""word"", ""ja"": ""住んでいました"", ""reading"": ""すんでいました"", ""en"": ""used to live"", ""kanji"": [""住""], ""targets"": [187], ""lemma"": ""住む""}]"
s1230,"[77, 85, 45, 101]",[],"[{""kind"": ""word"", ""ja"": ""長野"", ""reading"": ""ながの"", ""en"": ""Nagano"", ""kanji"": [""長"", ""野""], ""targets"": [77, 85]}, {""kind"": ""particle"", ""kana"": ""の""}, {""kind"": ""word"", ""ja"": ""山"", ""reading"": ""やま"", ""en"": ""mountains"", ""kanji"": [""山""], ""targets"": [45]}, {""kind"": ""particle"", ""kana"": ""は""}, {""kind"": ""word"", ""ja"": ""美しい"", ""reading"": ""うつくしい"", ""en"": ""beautiful"", ""kanji"": [""美""], ""targets"": [101]}, {""kind"": ""particle"", ""kana"": ""です""}]"
s1231,"[44, 67, 101, 285, 228, 54]",[],"[{""kind"": ""word"", ""ja"": ""国立"", ""reading"": ""こくりつ"", ""en"": ""national"", ""kanji"": [""国"", ""立""], ""targets"": [44, 67]}, {""kind"": ""particle"", ""kana"": ""の""}, {""kind"": ""word"", ""ja"": ""美術館"", ""reading"": ""びじゅつかん"", ""en"": ""art museum"", ""kanji"": [""美"", ""術"", ""館""], ""targets"": [101, 285, 228]}, {""kind"": ""particle"", ""kana"": ""に""}, {""kind"": ""word"", ""ja"": ""行きました"", ""reading"": ""いきました"", ""en"": ""went"", ""kanji"": [""行""], ""targets"": [54], ""lemma"": ""行く""}]"
s1232,"[43, 46, 56]",[109],"[{""kind"": ""word"", ""ja"": ""小川"", ""reading"": ""おがわ"", ""en"": ""stream"", ""kanji"": [""小"", ""川""], ""targets"": [43, 46]}, {""kind"": ""particle"", ""kana"": ""で""}, {""kind"": ""word"", ""ja"": ""かえる"", ""reading"": ""かえる"", ""en"": ""frog"", ""kanji"": [], ""targets"": [], ""kana_targets"": [109]}, {""kind"": ""particle"", ""kana"": ""を""}, {""kind"": ""word"", ""ja"": ""見ました"", ""reading"": ""みました"", ""en"": ""saw"", ""kanji"": [""見""], ""targets"": [56], ""lemma"": ""見る""}]"
s1233,"[115, 116, 42, 18]",[],"[{""kind"": ""word"", ""ja"": ""公園"", ""reading"": ""こうえん"", ""en"": ""park"", ""kanji"": [""公"", ""園""], ""targets"": [115, 116]}, {""kind"": ""particle"", ""kana"": ""に""}, {""kind"": ""word"", ""ja"": ""大木"", ""reading"": ""たいぼく"", ""en"": ""big tree"", ""kanji"": [""大"", ""木""], ""targets"": [42, 18]}, {""kind"": ""particle"", ""kana"": ""が""}, {""kind"": ""particle"", ""kana"": ""あります""}]"
s1234,[17],[],"[{""kind"": ""word"", ""ja"": ""お水"", ""reading"": ""おみず"", ""en"": ""water"", ""kanji"": [""水""], ""targets"": [17]}, {""kind"": ""particle"", ""kana"": ""を""}, {""kind"": ""particle"", ""kana"": ""ください""}]"
s1235,"[235, 236, 144, 14, 170, 151]",[],"[{""kind"": ""word"", ""ja"": ""試験"", ""reading"": ""しけん"", ""en"": ""exam"", ""kanji"": [""試"", ""験""], ""targets"": [235, 236]}, {""kind"": ""particle"", ""kana"": ""の""}, {""kind"": ""word"", ""ja"": ""前日"", ""reading"": ""ぜんじつ"", ""en"": ""the day before"", ""kanji"": [""前"", ""日""], ""targets"": [144, 14]}, {""kind"": ""particle"", ""kana"": ""は""}, {""kind"": ""word"", ""ja"": ""早く"", ""reading"": ""はやく"", ""en"": ""early"", ""kanji"": [""早""], ""targets"": [170]}, {""kind"": ""word"", ""ja"": ""休みます"", ""reading"": ""やすみます"", ""en"": ""rest"", ""kanji"": [""休""], ""targets"": [151], ""lemma"": ""休む""}]"
s1236,"[146, 54]",[],"[{""kind"": ""word"", ""ja"": ""先"", ""reading"": ""さき"", ""en"": ""ahead"", ""kanji"": [""先""], ""targets"": [146]}, {""kind"": ""particle"", ""kana"": ""に""}, {""kind"": ""word"", ""ja"": ""行って"", ""reading"": ""いって"", ""en"": ""go"", ""kanji"": [""行""], ""targets"": [54], ""lemma"": ""行く""}, {""kind"": ""particle"", ""kana"": ""ください""}]"
s1237,"[147, 44]",[],"[{""kind"": ""word"", ""ja"": ""ここ"", ""reading"": ""ここ"", ""en"": ""here"", ""kanji"": [], ""targets"": []}, {""kind"": ""particle"", ""kana"": ""は""}, {""kind"": ""word"", ""ja"": ""天国"", ""reading"": ""てんごく"", ""en"": ""heaven"", ""kanji"": [""天"", ""国""], ""targets"": [147, 44]}, {""kind"": ""particle"", ""kana"": ""の""}, {""kind"": ""particle"", ""kana"": ""よう""}, {""kind"": ""particle"", ""kana"": ""です""}]"
s1238,[148],[],"[{""kind"": ""word"", ""ja"": ""気"", ""reading"": ""き"", ""en"": ""attention"", ""kanji"": [""気""], ""targets"": [148]}, {""kind"": ""particle"", ""kana"": ""を""}, {""kind"": ""particle"", ""kana"": ""つけて""}, {""kind"": ""particle"", ""kana"": ""ください""}]"
s1239,"[164, 26, 195]",[248],"[{""kind"": ""word"", ""ja"": ""夜間"", ""reading"": ""やかん"", ""en"": ""at night"", ""kanji"": [""夜"", ""間""], ""targets"": [164, 26]}, {""kind"": ""particle"", ""kana"": ""は""}, {""kind"": ""word"", ""ja"": ""ガソリンスタンド"", ""reading"": ""がそりんすたんど"", ""en"": ""gas station"", ""kanji"": [], ""targets"": [], ""kana_targets"": [248]}, {""kind"": ""particle"", ""kana"": ""が""}, {""kind"": ""word"", ""ja"": ""開いています"", ""reading"": ""あいています"", ""en"": ""is open"", ""kanji"": [""開""], ""targets"": [195], ""lemma"": ""開く""}]"
s1240,"[121, 39, 245, 56]",[207],"[{""kind"": ""word"", ""ja"": ""ビル"", ""reading"": ""びる"", ""en"": ""building"", ""kanji"": [], ""targets"": [], ""kana_targets"": [207]}, {""kind"": ""particle"", ""kana"": ""の""}, {""kind"": ""word"", ""ja"": ""屋上"", ""reading"": ""おくじょう"", ""en"": ""rooftop"", ""kanji"": [""屋"", ""上""], ""targets"": [121, 39]}, {""kind"": ""particle"", ""kana"": ""から""}, {""kind"": ""word"", ""ja"": ""海"", ""reading"": ""うみ"", ""en"": ""sea"", ""kanji"": [""海""], ""targets"": [245]}, {""kind"": ""particle"", ""kana"": ""が""}, {""kind"": ""word"", ""ja"": ""見えます"", ""reading"": ""みえます"", ""en"": ""can see"", ""kanji"": [""見""], ""targets"": [56], ""lemma"": ""見る""}]"
s1241,"[110, 54, 117, 111, 56]",[],"[{""kind"": ""word"", ""ja"": ""飛行場"", ""reading"": ""ひこうじょう"", ""en"": ""airfield"", ""kanji"": [""飛"", ""行"", ""場""], ""targets"": [110, 54, 117]}, {""kind"": ""particle"", ""kana"": ""で""}, {""kind"": ""word"", ""ja"": ""飛行機"", ""reading"": ""ひこうき"", ""en"": ""airplane"", ""kanji"": [""飛"", ""行"", ""機""], ""targets"": [110, 54, 111]}, {""kind"": ""particle"", ""kana"": ""を""}, {""kind"": ""word"", ""ja"": ""見ました"", ""reading"": ""みました"", ""en"": ""watched"", ""kanji"": [""見""], ""targets"": [56], ""lemma"": ""見る""}]"
s1242,"[118, 119, 68, 259, 229]",[],"[{""kind"": ""word"", ""ja"": ""病院"", ""reading"": ""びょういん"", ""en"": ""hospital"", ""kanji"": [""病"", ""院""], ""targets"": [118, 119]}, {""kind"": ""particle"", ""kana"": ""の""}, {""kind"": ""word"", ""ja"": ""待合室"", ""reading"": ""まちあいしつ"", ""en"": ""waiting room"", ""kanji"": [""待"", ""合"", ""室""], ""targets"": [68, 259, 229]}, {""kind"": ""particle"", ""kana"": ""で""}, {""kind"": ""word"", ""ja"": ""待ちます"", ""reading"": ""まちます"", ""en"": ""wait"", ""kanji"": [""待""], ""targets"": [68], ""lemma"": ""待つ""}]"
s1243,"[150, 145, 52, 60]",[],"[{""kind"": ""word"", ""ja"": ""午後"", ""reading"": ""ごご"", ""en"": ""afternoon"", ""kanji"": [""午"", ""後""], ""targets"": [150, 145]}, {""kind"": ""particle"", ""kana"": ""は""}, {""kind"": ""word"", ""ja"": ""外出"", ""reading"": ""がいしゅつ"", ""en"": ""go out"", ""kanji"": [""外"", ""出""], ""targets"": [52, 60]}, {""kind"": ""particle"", ""kana"": ""します""}]"
s1244,"[273, 54, 258, 170]",[],"[{""kind"": ""word"", ""ja"": ""彼"", ""reading"": ""かれ"", ""en"": ""his"", ""kanji"": [""彼""], ""targets"": [273]}, {""kind"": ""particle"", ""kana"": ""の""}, {""kind"": ""word"", ""ja"": ""行動"", ""reading"": ""こうどう"", ""en"": ""actions"", ""kanji"": [""行"", ""動""], ""targets"": [54, 258]}, {""kind"": ""particle"", ""kana"": ""は""}, {""kind"": ""word"", ""ja"": ""早い"", ""reading"": ""はやい"", ""en"": ""quick"", ""kanji"": [""早""], ""targets"": [170]}, {""kind"": ""particle"", ""kana"": ""です""}]"
s1245,"[48, 53, 196]",[],"[{""kind"": ""word"", ""ja"": ""町内"", ""reading"": ""ちょうない"", ""en"": ""neighborhood"", ""kanji"": [""町"", ""内""], ""targets"": [48, 53]}, {""kind"": ""particle"", ""kana"": ""の""}, {""kind"": ""word"", ""ja"": ""集まり"", ""reading"": ""あつまり"", ""en"": ""gathering"", ""kanji"": [""集""], ""targets"": [196], ""lemma"": ""集まる""}, {""kind"": ""particle"", ""kana"": ""が""}, {""kind"": ""particle"", ""kana"": ""あります""}]"
s1246,"[47, 188, 50, 17, 62]",[],"[{""kind"": ""word"", ""ja"": ""駅"", ""reading"": ""えき"", ""en"": ""station"", ""kanji"": [""駅""], ""targets"": [47]}, {""kind"": ""particle"", ""kana"": ""の""}, {""kind"": ""word"", ""ja"": ""売店"", ""reading"": ""ばいてん"", ""en"": ""kiosk shop"", ""kanji"": [""売"", ""店""], ""targets"": [188, 50]}, {""kind"": ""particle"", ""kana"": ""で""}, {""kind"": ""word"", ""ja"": ""水"", ""reading"": ""みず"", ""en"": ""water"", ""kanji"": [""水""], ""targets"": [17]}, {""kind"": ""particle"", ""kana"": ""を""}, {""kind"": ""word"", ""ja"": ""買いました"", ""reading"": ""かいました"", ""en"": ""bought"", ""kanji"": [""買""], ""targets"": [62], ""lemma"": ""買う""}]"
s1247,"[10, 22, 195, 50]",[],"[{""kind"": ""word"", ""ja"": ""十時"", ""reading"": ""じゅうじ"", ""en"": ""10 oclock"", ""kanji"": [""十"", ""時""], ""targets"": [10, 22]}, {""kind"": ""particle"", ""kana"": ""に""}, {""kind"": ""word"", ""ja"": ""開店"", ""reading"": ""かいてん"", ""en"": ""opens"", ""kanji"": [""開"", ""店""], ""targets"": [195, 50]}, {""kind"": ""particle"", ""kana"": ""します""}]"
s1248,"[34, 211, 182, 60]",[],"[{""kind"": ""word"", ""ja"": ""子ども"", ""reading"": ""こども"", ""en"": ""child"", ""kanji"": [""子""], ""targets"": [34]}, {""kind"": ""particle"", ""kana"": ""が""}, {""kind"": ""word"", ""ja"": ""急に"", ""reading"": ""きゅうに"", ""en"": ""suddenly"", ""kanji"": [""急""], ""targets"": [211]}, {""kind"": ""word"", ""ja"": ""走り出しました"", ""reading"": ""はしりだしました"", ""en"": ""started running"", ""kanji"": [""走"", ""出""], ""targets"": [182, 60], ""lemma"": ""走り出す""}]"
s1249,"[211, 54, 95, 94, 266]",[],"[{""kind"": ""word"", ""ja"": ""急行"", ""reading"": ""きゅうこう"", ""en"": ""express"", ""kanji"": [""急"", ""行""], ""targets"": [211, 54]}, {""kind"": ""particle"", ""kana"": ""の""}, {""kind"": ""word"", ""ja"": ""電車"", ""reading"": ""でんしゃ"", ""en"": ""train"", ""kanji"": [""電"", ""車""], ""targets"": [95, 94]}, {""kind"": ""particle"", ""kana"": ""に""}, {""kind"": ""word"", ""ja"": ""乗りました"", ""reading"": ""のりました"", ""en"": ""rode"", ""kanji"": [""乗""], ""targets"": [266], ""lemma"": ""乗る""}]"
s1250,"[203, 290]",[139],"[{""kind"": ""word"", ""ja"": ""強力"", ""reading"": ""きょうりょく"", ""en"": ""strong"", ""kanji"": [""強"", ""力""], ""targets"": [203, 290]}, {""kind"": ""particle"", ""kana"": ""な""}, {""kind"": ""word"", ""ja"": ""ゴム"", ""reading"": ""ごむ"", ""en"": ""rubber"", ""kanji"": [], ""targets"": [], ""kana_targets"": [139]}, {""kind"": ""particle"", ""kana"": ""です""}]"
s1251,"[24, 14, 263, 205]",[],"[{""kind"": ""word"", ""ja"": ""今日"", ""reading"": ""きょう"", ""en"": ""today"", ""kanji"": [""今"", ""日""], ""targets"": [24, 14]}, {""kind"": ""particle"", ""kana"": ""は""}, {""kind"": ""word"", ""ja"": ""最悪"", ""reading"": ""さいあく"", ""en"": ""the worst"", ""kanji"": [""最"", ""悪""], ""targets"": [263, 205]}, {""kind"": ""particle"", ""kana"": ""の""}, {""kind"": ""word"", ""ja"": ""日"", ""reading"": ""ひ"", ""en"": ""day"", ""kanji"": [""日""], ""targets"": [14]}, {""kind"": ""particle"", ""kana"": ""でした""}]"
s1252,"[263, 70, 69]",[222],"[{""kind"": ""word"", ""ja"": ""最新"", ""reading"": ""さいしん"", ""en"": ""the newest"", ""kanji"": [""最"", ""新""], ""targets"": [263, 70]}, {""kind"": ""particle"", ""kana"": ""の""}, {""kind"": ""word"", ""ja"": ""スマホ"", ""reading"": ""すまほ"", ""en"": ""smartphone"", ""kanji"": [], ""targets"": [], ""kana_targets"": [222]}, {""kind"": ""particle"", ""kana"": ""は""}, {""kind"": ""word"", ""ja"": ""高い"", ""reading"": ""たかい"", ""en"": ""expensive"", ""kanji"": [""高""], ""targets"": [69]}, {""kind"": ""particle"", ""kana"": ""です""}]"
s1253,"[17, 212, 160]",[],"[{""kind"": ""word"", ""ja"": ""水"", ""reading"": ""みず"", ""en"": ""water"", ""kanji"": [""水""], ""targets"": [17]}, {""kind"": ""particle"", ""kana"": ""が""}, {""kind"": ""word"", ""ja"": ""不足"", ""reading"": ""ふそく"", ""en"": ""is running short"", ""kanji"": [""不"", ""足""], ""targets"": [212, 160]}, {""kind"": ""particle"", ""kana"": ""しています""}]"
s1254,"[51, 186, 74, 161]",[],"[{""kind"": ""word"", ""ja"": ""家"", ""reading"": ""いえ"", ""en"": ""home"", ""kanji"": [""家""], ""targets"": [51]}, {""kind"": ""particle"", ""kana"": ""に""}, {""kind"": ""word"", ""ja"": ""着いて"", ""reading"": ""ついて"", ""en"": ""arrive"", ""kanji"": [""着""], ""targets"": [186], ""lemma"": ""着く""}, {""kind"": ""word"", ""ja"": ""安心"", ""reading"": ""あんしん"", ""en"": ""relief"", ""kanji"": [""安"", ""心""], ""targets"": [74, 161]}, {""kind"": ""word"", ""ja"": ""しました"", ""reading"": ""しました"", ""en"": ""did"", ""kanji"": [], ""targets"": []}]"
s1255,"[75, 76, 69]",[],"[{""kind"": ""word"", ""ja"": ""多少"", ""reading"": ""たしょう"", ""en"": ""somewhat"", ""kanji"": [""多"", ""少""], ""targets"": [75, 76]}, {""kind"": ""word"", ""ja"": ""高くても"", ""reading"": ""たかくても"", ""en"": ""even if expensive"", ""kanji"": [""高""], ""targets"": [69], ""lemma"": ""高い""}, {""kind"": ""particle"", ""kana"": ""いい""}, {""kind"": ""particle"", ""kana"": ""です""}]"
s1256,"[30, 81, 66, 78]",[],"[{""kind"": ""word"", ""ja"": ""人魚"", ""reading"": ""にんぎょ"", ""en"": ""mermaids"", ""kanji"": [""人"", ""魚""], ""targets"": [30, 81]}, {""kind"": ""particle"", ""kana"": ""の""}, {""kind"": ""word"", ""ja"": ""話"", ""reading"": ""はなし"", ""en"": ""story"", ""kanji"": [""話""], ""targets"": [66]}, {""kind"": ""particle"", ""kana"": ""が""}, {""kind"": ""word"", ""ja"": ""好き"", ""reading"": ""すき"", ""en"": ""like"", ""kanji"": [""好""], ""targets"": [78]}, {""kind"": ""particle"", ""kana"": ""です""}]"
s1257,"[1, 98, 36, 256]",[],"[{""kind"": ""word"", ""ja"": ""一生"", ""reading"": ""いっしょう"", ""en"": ""lifelong"", ""kanji"": [""一"", ""生""], ""targets"": [1, 98]}, {""kind"": ""particle"", ""kana"": ""の""}, {""kind"": ""word"", ""ja"": ""友達"", ""reading"": ""ともだち"", ""en"": ""friend"", ""kanji"": [""友"", ""達""], ""targets"": [36, 256]}, {""kind"": ""particle"", ""kana"": ""です""}]"
s1258,"[47, 144, 196, 259]",[],"[{""kind"": ""word"", ""ja"": ""駅"", ""reading"": ""えき"", ""en"": ""station"", ""kanji"": [""駅""], ""targets"": [47]}, {""kind"": ""particle"", ""kana"": ""の""}, {""kind"": ""word"", ""ja"": ""前"", ""reading"": ""まえ"", ""en"": ""front"", ""kanji"": [""前""], ""targets"": [144]}, {""kind"": ""particle"", ""kana"": ""に""}, {""kind"": ""word"", ""ja"": ""集合"", ""reading"": ""しゅうごう"", ""en"": ""assemble"", ""kanji"": [""集"", ""合""], ""targets"": [196, 259]}, {""kind"": ""particle"", ""kana"": ""して""}, {""kind"": ""particle"", ""kana"": ""ください""}]"
s1259,"[82, 175, 54]",[],"[{""kind"": ""word"", ""ja"": ""お茶"", ""reading"": ""おちゃ"", ""en"": ""tea"", ""kanji"": [""茶""], ""targets"": [82]}, {""kind"": ""particle"", ""kana"": ""を""}, {""kind"": ""word"", ""ja"": ""持って行きます"", ""reading"": ""もっていきます"", ""en"": ""will take along"", ""kanji"": [""持"", ""行""], ""targets"": [175, 54], ""lemma"": ""持って行く""}]"
s1260,"[34, 60]",[39],"[{""kind"": ""word"", ""ja"": ""子ども"", ""reading"": ""こども"", ""en"": ""baby"", ""kanji"": [""子""], ""targets"": [34]}, {""kind"": ""particle"", ""kana"": ""の""}, {""kind"": ""word"", ""ja"": ""よだれ"", ""reading"": ""よだれ"", ""en"": ""drool"", ""kanji"": [], ""targets"": [], ""kana_targets"": [39]}, {""kind"": ""particle"", ""kana"": ""が""}, {""kind"": ""word"", ""ja"": ""出ています"", ""reading"": ""でています"", ""en"": ""is coming out"", ""kanji"": [""出""], ""targets"": [60], ""lemma"": ""出る""}]"
s1261,[184],[39],"[{""kind"": ""word"", ""ja"": ""よだれ"", ""reading"": ""よだれ"", ""en"": ""drool"", ""kanji"": [], ""targets"": [], ""kana_targets"": [39]}, {""kind"": ""particle"", ""kana"": ""が""}, {""kind"": ""word"", ""ja"": ""止まりません"", ""reading"": ""とまりません"", ""en"": ""wont stop"", ""kanji"": [""止""], ""targets"": [184], ""lemma"": ""止まる""}]"
s1262,[136],[40],"[{""kind"": ""word"", ""ja"": ""誰"", ""reading"": ""だれ"", ""en"": ""whose"", ""kanji"": [""誰""], ""targets"": [136]}, {""kind"": ""particle"", ""kana"": ""の""}, {""kind"": ""word"", ""ja"": ""おなら"", ""reading"": ""おなら"", ""en"": ""fart"", ""kanji"": [], ""targets"": [], ""kana_targets"": [40]}, {""kind"": ""particle"", ""kana"": ""です""}, {""kind"": ""particle"", ""kana"": ""か""}]"
s1263,[289],[40],"[{""kind"": ""word"", ""ja"": ""おなら"", ""reading"": ""おなら"", ""en"": ""fart"", ""kanji"": [], ""targets"": [], ""kana_targets"": [40]}, {""kind"": ""particle"", ""kana"": ""の""}, {""kind"": ""word"", ""ja"": ""音"", ""reading"": ""おと"", ""en"": ""sound"", ""kanji"": [""音""], ""targets"": [289]}, {""kind"": ""particle"", ""kana"": ""が""}, {""kind"": ""particle"", ""kana"": ""しました""}]"
s1264,[297],[43],"[{""kind"": ""word"", ""ja"": ""服"", ""reading"": ""ふく"", ""en"": ""clothes"", ""kanji"": [""服""], ""targets"": [297]}, {""kind"": ""particle"", ""kana"": ""に""}, {""kind"": ""word"", ""ja"": ""しわ"", ""reading"": ""しわ"", ""en"": ""wrinkles"", ""kanji"": [], ""targets"": [], ""kana_targets"": [43]}, {""kind"": ""particle"", ""kana"": ""が""}, {""kind"": ""particle"", ""kana"": ""あります""}]"
s1265,[148],[43],"[{""kind"": ""word"", ""ja"": ""しわ"", ""reading"": ""しわ"", ""en"": ""wrinkles"", ""kanji"": [], ""targets"": [], ""kana_targets"": [43]}, {""kind"": ""particle"", ""kana"": ""が""}, {""kind"": ""word"", ""ja"": ""気"", ""reading"": ""き"", ""en"": ""on my mind"", ""kanji"": [""気""], ""targets"": [148]}, {""kind"": ""particle"", ""kana"": ""に""}, {""kind"": ""particle"", ""kana"": ""なります""}]"
s1266,"[158, 40]",[44],"[{""kind"": ""word"", ""ja"": ""目"", ""reading"": ""め"", ""en"": ""eye"", ""kanji"": [""目""], ""targets"": [158]}, {""kind"": ""particle"", ""kana"": ""の""}, {""kind"": ""word"", ""ja"": ""下"", ""reading"": ""した"", ""en"": ""under"", ""kanji"": [""下""], ""targets"": [40]}, {""kind"": ""particle"", ""kana"": ""に""}, {""kind"": ""word"", ""ja"": ""ほくろ"", ""reading"": ""ほくろ"", ""en"": ""mole"", ""kanji"": [], ""targets"": [], ""kana_targets"": [44]}, {""kind"": ""particle"", ""kana"": ""が""}, {""kind"": ""particle"", ""kana"": ""あります""}]"
s1267,"[273, 42]",[44],"[{""kind"": ""word"", ""ja"": ""彼"", ""reading"": ""かれ"", ""en"": ""his"", ""kanji"": [""彼""], ""targets"": [273]}, {""kind"": ""particle"", ""kana"": ""の""}, {""kind"": ""word"", ""ja"": ""ほくろ"", ""reading"": ""ほくろ"", ""en"": ""mole"", ""kanji"": [], ""targets"": [], ""kana_targets"": [44]}, {""kind"": ""particle"", ""kana"": ""は""}, {""kind"": ""word"", ""ja"": ""大きい"", ""reading"": ""おおきい"", ""en"": ""big"", ""kanji"": [""大""], ""targets"": [42]}, {""kind"": ""particle"", ""kana"": ""です""}]"
s1268,[195],"[188, 74]","[{""kind"": ""word"", ""ja"": ""ポット"", ""reading"": ""ぽっと"", ""en"": ""pot"", ""kanji"": [], ""targets"": [], ""kana_targets"": [188]}, {""kind"": ""particle"", ""kana"": ""の""}, {""kind"": ""word"", ""ja"": ""ふた"", ""reading"": ""ふた"", ""en"": ""lid"", ""kanji"": [], ""targets"": [], ""kana_targets"": [74]}, {""kind"": ""particle"", ""kana"": ""を""}, {""kind"": ""word"", ""ja"": ""開けて"", ""reading"": ""あけて"", ""en"": ""open"", ""kanji"": [""開""], ""targets"": [195], ""lemma"": ""開ける""}, {""kind"": ""particle"", ""kana"": ""ください""}]"
s1269,[],[74],"[{""kind"": ""word"", ""ja"": ""ふた"", ""reading"": ""ふた"", ""en"": ""lid"", ""kanji"": [], ""targets"": [], ""kana_targets"": [74]}, {""kind"": ""particle"", ""kana"": ""を""}, {""kind"": ""particle"", ""kana"": ""して""}, {""kind"": ""particle"", ""kana"": ""ください""}]"
s1270,"[82, 61]",[188],"[{""kind"": ""word"", ""ja"": ""ポット"", ""reading"": ""ぽっと"", ""en"": ""pot"", ""kanji"": [], ""targets"": [], ""kana_targets"": [188]}, {""kind"": ""particle"", ""kana"": ""に""}, {""kind"": ""word"", ""ja"": ""お茶"", ""reading"": ""おちゃ"", ""en"": ""tea"", ""kanji"": [""茶""], ""targets"": [82]}, {""kind"": ""particle"", ""kana"": ""を""}, {""kind"": ""word"", ""ja"": ""入れました"", ""reading"": ""いれました"", ""en"": ""put"", ""kanji"": [""入""], ""targets"": [61], ""lemma"": ""入れる""}]"
s1271,[173],"[75, 71]","[{""kind"": ""word"", ""ja"": ""のり"", ""reading"": ""のり"", ""en"": ""glue"", ""kanji"": [], ""targets"": [], ""kana_targets"": [75]}, {""kind"": ""particle"", ""kana"": ""と""}, {""kind"": ""word"", ""ja"": ""はさみ"", ""reading"": ""はさみ"", ""en"": ""scissors"", ""kanji"": [], ""targets"": [], ""kana_targets"": [71]}, {""kind"": ""particle"", ""kana"": ""を""}, {""kind"": ""word"", ""ja"": ""使います"", ""reading"": ""つかいます"", ""en"": ""use"", ""kanji"": [""使""], ""targets"": [173], ""lemma"": ""使う""}]"
s1272,"[242, 174, 173]",[75],"[{""kind"": ""word"", ""ja"": ""工作"", ""reading"": ""こうさく"", ""en"": ""crafts"", ""kanji"": [""工"", ""作""], ""targets"": [242, 174]}, {""kind"": ""particle"", ""kana"": ""に""}, {""kind"": ""word"", ""ja"": ""のり"", ""reading"": ""のり"", ""en"": ""glue"", ""kanji"": [], ""targets"": [], ""kana_targets"": [75]}, {""kind"": ""particle"", ""kana"": ""を""}, {""kind"": ""word"", ""ja"": ""使いました"", ""reading"": ""つかいました"", ""en"": ""used"", ""kanji"": [""使""], ""targets"": [173], ""lemma"": ""使う""}]"
s1273,"[43, 113]",[94],"[{""kind"": ""word"", ""ja"": ""ごぼう"", ""reading"": ""ごぼう"", ""en"": ""burdock"", ""kanji"": [], ""targets"": [], ""kana_targets"": [94]}, {""kind"": ""particle"", ""kana"": ""を""}, {""kind"": ""word"", ""ja"": ""小さく"", ""reading"": ""ちいさく"", ""en"": ""into small pieces"", ""kanji"": [""小""], ""targets"": [43], ""lemma"": ""小さい""}, {""kind"": ""word"", ""ja"": ""切ります"", ""reading"": ""きります"", ""en"": ""cut"", ""kanji"": [""切""], ""targets"": [113], ""lemma"": ""切る""}]"
s1274,[],"[94, 77, 20]","[{""kind"": ""word"", ""ja"": ""ごぼう"", ""reading"": ""ごぼう"", ""en"": ""burdock"", ""kanji"": [], ""targets"": [], ""kana_targets"": [94]}, {""kind"": ""particle"", ""kana"": ""の""}, {""kind"": ""word"", ""ja"": ""てんぷら"", ""reading"": ""てんぷら"", ""en"": ""tempura"", ""kanji"": [], ""targets"": [], ""kana_targets"": [77]}, {""kind"": ""particle"", ""kana"": ""は""}, {""kind"": ""word"", ""ja"": ""うまい"", ""reading"": ""うまい"", ""en"": ""tasty"", ""kanji"": [], ""targets"": [], ""kana_targets"": [20]}, {""kind"": ""particle"", ""kana"": ""です""}]"
s1275,"[149, 145, 49, 60]",[118],"[{""kind"": ""word"", ""ja"": ""雨"", ""reading"": ""あめ"", ""en"": ""rain"", ""kanji"": [""雨""], ""targets"": [149]}, {""kind"": ""particle"", ""kana"": ""の""}, {""kind"": ""word"", ""ja"": ""後"", ""reading"": ""あと"", ""en"": ""after"", ""kanji"": [""後""], ""targets"": [145]}, {""kind"": ""word"", ""ja"": ""みみず"", ""reading"": ""みみず"", ""en"": ""earthworms"", ""kanji"": [], ""targets"": [], ""kana_targets"": [118]}, {""kind"": ""particle"", ""kana"": ""が""}, {""kind"": ""word"", ""ja"": ""道"", ""reading"": ""みち"", ""en"": ""road"", ""kanji"": [""道""], ""targets"": [49]}, {""kind"": ""particle"", ""kana"": ""に""}, {""kind"": ""word"", ""ja"": ""出ます"", ""reading"": ""でます"", ""en"": ""come out"", ""kanji"": [""出""], ""targets"": [60], ""lemma"": ""出る""}]"
s1276,[20],[118],"[{""kind"": ""word"", ""ja"": ""みみず"", ""reading"": ""みみず"", ""en"": ""earthworms"", ""kanji"": [], ""targets"": [], ""kana_targets"": [118]}, {""kind"": ""particle"", ""kana"": ""は""}, {""kind"": ""word"", ""ja"": ""土"", ""reading"": ""つち"", ""en"": ""soil"", ""kanji"": [""土""], ""targets"": [20]}, {""kind"": ""particle"", ""kana"": ""に""}, {""kind"": ""particle"", ""kana"": ""いい""}, {""kind"": ""particle"", ""kana"": ""です""}]"
s1277,"[70, 62]",[143],"[{""kind"": ""word"", ""ja"": ""新しい"", ""reading"": ""あたらしい"", ""en"": ""new"", ""kanji"": [""新""], ""targets"": [70]}, {""kind"": ""word"", ""ja"": ""ハブラシ"", ""reading"": ""はぶらし"", ""en"": ""toothbrush"", ""kanji"": [], ""targets"": [], ""kana_targets"": [143]}, {""kind"": ""particle"", ""kana"": ""を""}, {""kind"": ""word"", ""ja"": ""買いました"", ""reading"": ""かいました"", ""en"": ""bought"", ""kanji"": [""買""], ""targets"": [62], ""lemma"": ""買う""}]"
s1278,"[162, 164, 173]",[143],"[{""kind"": ""word"", ""ja"": ""朝"", ""reading"": ""あさ"", ""en"": ""morning"", ""kanji"": [""朝""], ""targets"": [162]}, {""kind"": ""particle"", ""kana"": ""と""}, {""kind"": ""word"", ""ja"": ""夜"", ""reading"": ""よる"", ""en"": ""night"", ""kanji"": [""夜""], ""targets"": [164]}, {""kind"": ""particle"", ""kana"": ""に""}, {""kind"": ""word"", ""ja"": ""ハブラシ"", ""reading"": ""はぶらし"", ""en"": ""toothbrush"", ""kanji"": [], ""targets"": [], ""kana_targets"": [143]}, {""kind"": ""particle"", ""kana"": ""を""}, {""kind"": ""word"", ""ja"": ""使います"", ""reading"": ""つかいます"", ""en"": ""use"", ""kanji"": [""使""], ""targets"": [173], ""lemma"": ""使う""}]"
s1279,"[121, 39]",[144],"[{""kind"": ""word"", ""ja"": ""ハシゴ"", ""reading"": ""はしご"", ""en"": ""ladder"", ""kanji"": [], ""targets"": [], ""kana_targets"": [144]}, {""kind"": ""particle"", ""kana"": ""で""}, {""kind"": ""word"", ""ja"": ""屋上"", ""reading"": ""おくじょう"", ""en"": ""roof"", ""kanji"": [""屋"", ""上""], ""targets"": [121, 39]}, {""kind"": ""particle"", ""kana"": ""に""}, {""kind"": ""word"", ""ja"": ""上がります"", ""reading"": ""あがります"", ""en"": ""go up"", ""kanji"": [""上""], ""targets"": [39], ""lemma"": ""上がる""}]"
s1280,"[173, 18, 39]",[144],"[{""kind"": ""word"", ""ja"": ""ハシゴ"", ""reading"": ""はしご"", ""en"": ""ladder"", ""kanji"": [], ""targets"": [], ""kana_targets"": [144]}, {""kind"": ""particle"", ""kana"": ""を""}, {""kind"": ""word"", ""ja"": ""使って"", ""reading"": ""つかって"", ""en"": ""use"", ""kanji"": [""使""], ""targets"": [173], ""lemma"": ""使う""}, {""kind"": ""word"", ""ja"": ""木"", ""reading"": ""き"", ""en"": ""tree"", ""kanji"": [""木""], ""targets"": [18]}, {""kind"": ""particle"", ""kana"": ""に""}, {""kind"": ""word"", ""ja"": ""上がりました"", ""reading"": ""あがりました"", ""en"": ""climbed"", ""kanji"": [""上""], ""targets"": [39], ""lemma"": ""上がる""}]"
s1281,[195],[149],"[{""kind"": ""word"", ""ja"": ""フスマ"", ""reading"": ""ふすま"", ""en"": ""sliding door"", ""kanji"": [], ""targets"": [], ""kana_targets"": [149]}, {""kind"": ""particle"", ""kana"": ""を""}, {""kind"": ""word"", ""ja"": ""開けて"", ""reading"": ""あけて"", ""en"": ""open"", ""kanji"": [""開""], ""targets"": [195], ""lemma"": ""開ける""}, {""kind"": ""particle"", ""kana"": ""ください""}]"
s1282,"[171, 51, 101]",[149],"[{""kind"": ""word"", ""ja"": ""古い"", ""reading"": ""ふるい"", ""en"": ""old"", ""kanji"": [""古""], ""targets"": [171]}, {""kind"": ""word"", ""ja"": ""家"", ""reading"": ""いえ"", ""en"": ""house"", ""kanji"": [""家""], ""targets"": [51]}, {""kind"": ""particle"", ""kana"": ""の""}, {""kind"": ""word"", ""ja"": ""フスマ"", ""reading"": ""ふすま"", ""en"": ""sliding doors"", ""kanji"": [], ""targets"": [], ""kana_targets"": [149]}, {""kind"": ""particle"", ""kana"": ""は""}, {""kind"": ""word"", ""ja"": ""美しい"", ""reading"": ""うつくしい"", ""en"": ""beautiful"", ""kanji"": [""美""], ""targets"": [101]}, {""kind"": ""particle"", ""kana"": ""です""}]"
s1283,[300],[152],"[{""kind"": ""word"", ""ja"": ""サイコロ"", ""reading"": ""さいころ"", ""en"": ""dice"", ""kanji"": [], ""targets"": [], ""kana_targets"": [152]}, {""kind"": ""particle"", ""kana"": ""で""}, {""kind"": ""word"", ""ja"": ""決めましょう"", ""reading"": ""きめましょう"", ""en"": ""lets decide"", ""kanji"": [""決""], ""targets"": [300], ""lemma"": ""決める""}]"
s1284,"[2, 173]",[152],"[{""kind"": ""word"", ""ja"": ""サイコロ"", ""reading"": ""さいころ"", ""en"": ""dice"", ""kanji"": [], ""targets"": [], ""kana_targets"": [152]}, {""kind"": ""particle"", ""kana"": ""を""}, {""kind"": ""word"", ""ja"": ""二つ"", ""reading"": ""ふたつ"", ""en"": ""two"", ""kanji"": [""二""], ""targets"": [2]}, {""kind"": ""word"", ""ja"": ""使います"", ""reading"": ""つかいます"", ""en"": ""use"", ""kanji"": [""使""], ""targets"": [173], ""lemma"": ""使う""}]"
s1285,"[149, 75]",[169],"[{""kind"": ""word"", ""ja"": ""ロンドン"", ""reading"": ""ろんどん"", ""en"": ""London"", ""kanji"": [], ""targets"": [], ""kana_targets"": [169]}, {""kind"": ""particle"", ""kana"": ""は""}, {""kind"": ""word"", ""ja"": ""雨"", ""reading"": ""あめ"", ""en"": ""rain"", ""kanji"": [""雨""], ""targets"": [149]}, {""kind"": ""particle"", ""kana"": ""が""}, {""kind"": ""word"", ""ja"": ""多い"", ""reading"": ""おおい"", ""en"": ""frequent"", ""kanji"": [""多""], ""targets"": [75]}, {""kind"": ""particle"", ""kana"": ""です""}]"
s1286,"[147, 148, 205]",[169],"[{""kind"": ""word"", ""ja"": ""ロンドン"", ""reading"": ""ろんどん"", ""en"": ""London"", ""kanji"": [], ""targets"": [], ""kana_targets"": [169]}, {""kind"": ""particle"", ""kana"": ""の""}, {""kind"": ""word"", ""ja"": ""天気"", ""reading"": ""てんき"", ""en"": ""weather"", ""kanji"": [""天"", ""気""], ""targets"": [147, 148]}, {""kind"": ""particle"", ""kana"": ""は""}, {""kind"": ""word"", ""ja"": ""悪い"", ""reading"": ""わるい"", ""en"": ""bad"", ""kanji"": [""悪""], ""targets"": [205]}, {""kind"": ""particle"", ""kana"": ""です""}]"
s1287,[151],[172],"[{""kind"": ""word"", ""ja"": ""ソファベッド"", ""reading"": ""そふぁべっど"", ""en"": ""sofa bed"", ""kanji"": [], ""targets"": [], ""kana_targets"": [172]}, {""kind"": ""particle"", ""kana"": ""で""}, {""kind"": ""word"", ""ja"": ""休みました"", ""reading"": ""やすみました"", ""en"": ""rested"", ""kanji"": [""休""], ""targets"": [151], ""lemma"": ""休む""}]"
s1288,"[43, 252, 121]",[172],"[{""kind"": ""word"", ""ja"": ""小さい"", ""reading"": ""ちいさい"", ""en"": ""small"", ""kanji"": [""小""], ""targets"": [43]}, {""kind"": ""word"", ""ja"": ""部屋"", ""reading"": ""へや"", ""en"": ""room"", ""kanji"": [""部"", ""屋""], ""targets"": [252, 121]}, {""kind"": ""particle"", ""kana"": ""に""}, {""kind"": ""particle"", ""kana"": ""は""}, {""kind"": ""word"", ""ja"": ""ソファベッド"", ""reading"": ""そふぁべっど"", ""en"": ""sofa bed"", ""kanji"": [], ""targets"": [], ""kana_targets"": [172]}, {""kind"": ""particle"", ""kana"": ""が""}, {""kind"": ""particle"", ""kana"": ""いい""}, {""kind"": ""particle"", ""kana"": ""です""}]"
s1289,"[70, 62]",[176],"[{""kind"": ""word"", ""ja"": ""新しい"", ""reading"": ""あたらしい"", ""en"": ""new"", ""kanji"": [""新""], ""targets"": [70]}, {""kind"": ""word"", ""ja"": ""カーペット"", ""reading"": ""かーぺっと"", ""en"": ""carpet"", ""kanji"": [], ""targets"": [], ""kana_targets"": [176]}, {""kind"": ""particle"", ""kana"": ""を""}, {""kind"": ""word"", ""ja"": ""買いました"", ""reading"": ""かいました"", ""en"": ""bought"", ""kanji"": [""買""], ""targets"": [62], ""lemma"": ""買う""}]"
s1290,[],"[176, 16]","[{""kind"": ""word"", ""ja"": ""カーペット"", ""reading"": ""かーぺっと"", ""en"": ""carpet"", ""kanji"": [], ""targets"": [], ""kana_targets"": [176]}, {""kind"": ""particle"", ""kana"": ""を""}, {""kind"": ""word"", ""ja"": ""きれい"", ""reading"": ""きれい"", ""en"": ""clean"", ""kanji"": [], ""targets"": [], ""kana_targets"": [16]}, {""kind"": ""particle"", ""kana"": ""に""}, {""kind"": ""particle"", ""kana"": ""します""}]"
s1291,"[70, 151]",[178],"[{""kind"": ""word"", ""ja"": ""新しい"", ""reading"": ""あたらしい"", ""en"": ""new"", ""kanji"": [""新""], ""targets"": [70]}, {""kind"": ""word"", ""ja"": ""マットレス"", ""reading"": ""まっとれす"", ""en"": ""mattress"", ""kanji"": [], ""targets"": [], ""kana_targets"": [178]}, {""kind"": ""particle"", ""kana"": ""で""}, {""kind"": ""word"", ""ja"": ""休みます"", ""reading"": ""やすみます"", ""en"": ""sleep"", ""kanji"": [""休""], ""targets"": [151], ""lemma"": ""休む""}]"
s1292,[171],[178],"[{""kind"": ""word"", ""ja"": ""マットレス"", ""reading"": ""まっとれす"", ""en"": ""mattress"", ""kanji"": [], ""targets"": [], ""kana_targets"": [178]}, {""kind"": ""particle"", ""kana"": ""が""}, {""kind"": ""word"", ""ja"": ""古く"", ""reading"": ""ふるく"", ""en"": ""old"", ""kanji"": [""古""], ""targets"": [171], ""lemma"": ""古い""}, {""kind"": ""particle"", ""kana"": ""なりました""}]"
s1293,"[17, 61]",[181],"[{""kind"": ""word"", ""ja"": ""グラス"", ""reading"": ""ぐらす"", ""en"": ""glass"", ""kanji"": [], ""targets"": [], ""kana_targets"": [181]}, {""kind"": ""particle"", ""kana"": ""に""}, {""kind"": ""word"", ""ja"": ""水"", ""reading"": ""みず"", ""en"": ""water"", ""kanji"": [""水""], ""targets"": [17]}, {""kind"": ""particle"", ""kana"": ""を""}, {""kind"": ""word"", ""ja"": ""入れて"", ""reading"": ""いれて"", ""en"": ""pour"", ""kanji"": [""入""], ""targets"": [61], ""lemma"": ""入れる""}, {""kind"": ""particle"", ""kana"": ""ください""}]"
s1294,"[2, 175, 55]",[181],"[{""kind"": ""word"", ""ja"": ""グラス"", ""reading"": ""ぐらす"", ""en"": ""glasses"", ""kanji"": [], ""targets"": [], ""kana_targets"": [181]}, {""kind"": ""particle"", ""kana"": ""を""}, {""kind"": ""word"", ""ja"": ""二つ"", ""reading"": ""ふたつ"", ""en"": ""two"", ""kanji"": [""二""], ""targets"": [2]}, {""kind"": ""word"", ""ja"": ""持って"", ""reading"": ""もって"", ""en"": ""holding"", ""kanji"": [""持""], ""targets"": [175], ""lemma"": ""持つ""}, {""kind"": ""word"", ""ja"": ""来て"", ""reading"": ""きて"", ""en"": ""come"", ""kanji"": [""来""], ""targets"": [55], ""lemma"": ""来る""}, {""kind"": ""particle"", ""kana"": ""ください""}]"
s1295,"[104, 56]","[183, 82]","[{""kind"": ""word"", ""ja"": ""スプーン"", ""reading"": ""すぷーん"", ""en"": ""spoon"", ""kanji"": [], ""targets"": [], ""kana_targets"": [183]}, {""kind"": ""particle"", ""kana"": ""で""}, {""kind"": ""word"", ""ja"": ""だし"", ""reading"": ""だし"", ""en"": ""broth"", ""kanji"": [], ""targets"": [], ""kana_targets"": [82]}, {""kind"": ""particle"", ""kana"": ""の""}, {""kind"": ""word"", ""ja"": ""味"", ""reading"": ""あじ"", ""en"": ""taste"", ""kanji"": [""味""], ""targets"": [104]}, {""kind"": ""particle"", ""kana"": ""を""}, {""kind"": ""word"", ""ja"": ""見ます"", ""reading"": ""みます"", ""en"": ""check"", ""kanji"": [""見""], ""targets"": [56], ""lemma"": ""見る""}]"
s1296,"[43, 173]",[183],"[{""kind"": ""word"", ""ja"": ""小さい"", ""reading"": ""ちいさい"", ""en"": ""small"", ""kanji"": [""小""], ""targets"": [43]}, {""kind"": ""word"", ""ja"": ""スプーン"", ""reading"": ""すぷーん"", ""en"": ""spoon"", ""kanji"": [], ""targets"": [], ""kana_targets"": [183]}, {""kind"": ""particle"", ""kana"": ""を""}, {""kind"": ""word"", ""ja"": ""使います"", ""reading"": ""つかいます"", ""en"": ""use"", ""kanji"": [""使""], ""targets"": [173], ""lemma"": ""使う""}]"
s1297,[16],[187],"[{""kind"": ""word"", ""ja"": ""ケトル"", ""reading"": ""けとる"", ""en"": ""kettle"", ""kanji"": [], ""targets"": [], ""kana_targets"": [187]}, {""kind"": ""particle"", ""kana"": ""を""}, {""kind"": ""word"", ""ja"": ""火"", ""reading"": ""ひ"", ""en"": ""fire"", ""kanji"": [""火""], ""targets"": [16]}, {""kind"": ""particle"", ""kana"": ""に""}, {""kind"": ""particle"", ""kana"": ""かけます""}]"
s1298,"[70, 170]",[187],"[{""kind"": ""word"", ""ja"": ""新しい"", ""reading"": ""あたらしい"", ""en"": ""new"", ""kanji"": [""新""], ""targets"": [70]}, {""kind"": ""word"", ""ja"": ""ケトル"", ""reading"": ""けとる"", ""en"": ""kettle"", ""kanji"": [], ""targets"": [], ""kana_targets"": [187]}, {""kind"": ""particle"", ""kana"": ""は""}, {""kind"": ""word"", ""ja"": ""早い"", ""reading"": ""はやい"", ""en"": ""fast"", ""kanji"": [""早""], ""targets"": [170]}, {""kind"": ""particle"", ""kana"": ""です""}]"
s1299,[106],"[190, 121]","[{""kind"": ""word"", ""ja"": ""オーブン"", ""reading"": ""おーぶん"", ""en"": ""oven"", ""kanji"": [], ""targets"": [], ""kana_targets"": [190]}, {""kind"": ""particle"", ""kana"": ""で""}, {""kind"": ""word"", ""ja"": ""パン"", ""reading"": ""ぱん"", ""en"": ""bread"", ""kanji"": [], ""targets"": [], ""kana_targets"": [121]}, {""kind"": ""particle"", ""kana"": ""を""}, {""kind"": ""word"", ""ja"": ""焼きます"", ""reading"": ""やきます"", ""en"": ""bake"", ""kanji"": [""焼""], ""targets"": [106], ""lemma"": ""焼く""}]"
s1300,[106],"[190, 91]","[{""kind"": ""word"", ""ja"": ""オーブン"", ""reading"": ""おーぶん"", ""en"": ""oven"", ""kanji"": [], ""targets"": [], ""kana_targets"": [190]}, {""kind"": ""particle"", ""kana"": ""で""}, {""kind"": ""word"", ""ja"": ""なす"", ""reading"": ""なす"", ""en"": ""eggplant"", ""kanji"": [], ""targets"": [], ""kana_targets"": [91]}, {""kind"": ""particle"", ""kana"": ""を""}, {""kind"": ""word"", ""ja"": ""焼きました"", ""reading"": ""やきました"", ""en"": ""roasted"", ""kanji"": [""焼""], ""targets"": [106], ""lemma"": ""焼く""}]"
s1301,[89],[191],"[{""kind"": ""word"", ""ja"": ""ご飯"", ""reading"": ""ごはん"", ""en"": ""rice"", ""kanji"": [""飯""], ""targets"": [89]}, {""kind"": ""particle"", ""kana"": ""に""}, {""kind"": ""word"", ""ja"": ""ラップ"", ""reading"": ""らっぷ"", ""en"": ""plastic wrap"", ""kanji"": [], ""targets"": [], ""kana_targets"": [191]}, {""kind"": ""particle"", ""kana"": ""を""}, {""kind"": ""particle"", ""kana"": ""かけます""}]"
s1302,[],"[83, 191]","[{""kind"": ""word"", ""ja"": ""おかず"", ""reading"": ""おかず"", ""en"": ""side dishes"", ""kanji"": [], ""targets"": [], ""kana_targets"": [83]}, {""kind"": ""particle"", ""kana"": ""に""}, {""kind"": ""word"", ""ja"": ""ラップ"", ""reading"": ""らっぷ"", ""en"": ""wrap"", ""kanji"": [], ""targets"": [], ""kana_targets"": [191]}, {""kind"": ""particle"", ""kana"": ""を""}, {""kind"": ""particle"", ""kana"": ""して""}, {""kind"": ""particle"", ""kana"": ""ください""}]"
s1303,[173],"[194, 135]","[{""kind"": ""word"", ""ja"": ""スポンジ"", ""reading"": ""すぽんじ"", ""en"": ""sponge"", ""kanji"": [], ""targets"": [], ""kana_targets"": [194]}, {""kind"": ""particle"", ""kana"": ""と""}, {""kind"": ""word"", ""ja"": ""セッケン"", ""reading"": ""せっけん"", ""en"": ""soap"", ""kanji"": [], ""targets"": [], ""kana_targets"": [135]}, {""kind"": ""particle"", ""kana"": ""を""}, {""kind"": ""word"", ""ja"": ""使います"", ""reading"": ""つかいます"", ""en"": ""use"", ""kanji"": [""使""], ""targets"": [173], ""lemma"": ""使う""}]"
s1304,"[43, 62]",[194],"[{""kind"": ""word"", ""ja"": ""小さい"", ""reading"": ""ちいさい"", ""en"": ""small"", ""kanji"": [""小""], ""targets"": [43]}, {""kind"": ""word"", ""ja"": ""スポンジ"", ""reading"": ""すぽんじ"", ""en"": ""sponge"", ""kanji"": [], ""targets"": [], ""kana_targets"": [194]}, {""kind"": ""particle"", ""kana"": ""を""}, {""kind"": ""word"", ""ja"": ""買いました"", ""reading"": ""かいました"", ""en"": ""bought"", ""kanji"": [""買""], ""targets"": [62], ""lemma"": ""買う""}]"
s1305,[297],[199],"[{""kind"": ""word"", ""ja"": ""服"", ""reading"": ""ふく"", ""en"": ""clothes"", ""kanji"": [""服""], ""targets"": [297]}, {""kind"": ""particle"", ""kana"": ""に""}, {""kind"": ""word"", ""ja"": ""アイロン"", ""reading"": ""あいろん"", ""en"": ""iron"", ""kanji"": [], ""targets"": [], ""kana_targets"": [199]}, {""kind"": ""particle"", ""kana"": ""を""}, {""kind"": ""particle"", ""kana"": ""かけます""}]"
s1306,"[70, 62]",[199],"[{""kind"": ""word"", ""ja"": ""新しい"", ""reading"": ""あたらしい"", ""en"": ""new"", ""kanji"": [""新""], ""targets"": [70]}, {""kind"": ""word"", ""ja"": ""アイロン"", ""reading"": ""あいろん"", ""en"": ""iron"", ""kanji"": [], ""targets"": [], ""kana_targets"": [199]}, {""kind"": ""particle"", ""kana"": ""を""}, {""kind"": ""word"", ""ja"": ""買いました"", ""reading"": ""かいました"", ""en"": ""bought"", ""kanji"": [""買""], ""targets"": [62], ""lemma"": ""買う""}]"
s1307,"[95, 148, 61]",[202],"[{""kind"": ""word"", ""ja"": ""電気"", ""reading"": ""でんき"", ""en"": ""light"", ""kanji"": [""電"", ""気""], ""targets"": [95, 148]}, {""kind"": ""particle"", ""kana"": ""の""}, {""kind"": ""word"", ""ja"": ""スイッチ"", ""reading"": ""すいっち"", ""en"": ""switch"", ""kanji"": [], ""targets"": [], ""kana_targets"": [202]}, {""kind"": ""particle"", ""kana"": ""を""}, {""kind"": ""word"", ""ja"": ""入れて"", ""reading"": ""いれて"", ""en"": ""turn on"", ""kanji"": [""入""], ""targets"": [61], ""lemma"": ""入れる""}, {""kind"": ""particle"", ""kana"": ""ください""}]"
s1308,[113],[202],"[{""kind"": ""word"", ""ja"": ""スイッチ"", ""reading"": ""すいっち"", ""en"": ""switch"", ""kanji"": [], ""targets"": [], ""kana_targets"": [202]}, {""kind"": ""particle"", ""kana"": ""を""}, {""kind"": ""word"", ""ja"": ""切りました"", ""reading"": ""きりました"", ""en"": ""turned off"", ""kanji"": [""切""], ""targets"": [113], ""lemma"": ""切る""}]"
s1309,[297],[205],"[{""kind"": ""word"", ""ja"": ""服"", ""reading"": ""ふく"", ""en"": ""clothes"", ""kanji"": [""服""], ""targets"": [297]}, {""kind"": ""particle"", ""kana"": ""を""}, {""kind"": ""word"", ""ja"": ""ハンガー"", ""reading"": ""はんがー"", ""en"": ""hanger"", ""kanji"": [], ""targets"": [], ""kana_targets"": [205]}, {""kind"": ""particle"", ""kana"": ""に""}, {""kind"": ""particle"", ""kana"": ""かけます""}]"
s1310,[160],[205],"[{""kind"": ""word"", ""ja"": ""ハンガー"", ""reading"": ""はんがー"", ""en"": ""hangers"", ""kanji"": [], ""targets"": [], ""kana_targets"": [205]}, {""kind"": ""particle"", ""kana"": ""が""}, {""kind"": ""word"", ""ja"": ""足りません"", ""reading"": ""たりません"", ""en"": ""not enough"", ""kanji"": [""足""], ""targets"": [160], ""lemma"": ""足りる""}]"
s1311,"[62, 179]",[206],"[{""kind"": ""word"", ""ja"": ""シャンプー"", ""reading"": ""しゃんぷー"", ""en"": ""shampoo"", ""kanji"": [], ""targets"": [], ""kana_targets"": [206]}, {""kind"": ""particle"", ""kana"": ""を""}, {""kind"": ""word"", ""ja"": ""買って"", ""reading"": ""かって"", ""en"": ""buy"", ""kanji"": [""買""], ""targets"": [62], ""lemma"": ""買う""}, {""kind"": ""word"", ""ja"": ""帰ります"", ""reading"": ""かえります"", ""en"": ""go home"", ""kanji"": [""帰""], ""targets"": [179], ""lemma"": ""帰る""}]"
s1312,[69],[206],"[{""kind"": ""word"", ""ja"": ""この"", ""reading"": ""この"", ""en"": ""this"", ""kanji"": [], ""targets"": []}, {""kind"": ""word"", ""ja"": ""シャンプー"", ""reading"": ""しゃんぷー"", ""en"": ""shampoo"", ""kanji"": [], ""targets"": [], ""kana_targets"": [206]}, {""kind"": ""particle"", ""kana"": ""は""}, {""kind"": ""word"", ""ja"": ""高い"", ""reading"": ""たかい"", ""en"": ""expensive"", ""kanji"": [""高""], ""targets"": [69]}, {""kind"": ""particle"", ""kana"": ""です""}]"
s1313,"[85, 86, 61]",[223],"[{""kind"": ""word"", ""ja"": ""ビニール"", ""reading"": ""びにーる"", ""en"": ""plastic bag"", ""kanji"": [], ""targets"": [], ""kana_targets"": [223]}, {""kind"": ""particle"", ""kana"": ""に""}, {""kind"": ""word"", ""ja"": ""野菜"", ""reading"": ""やさい"", ""en"": ""vegetables"", ""kanji"": [""野"", ""菜""], ""targets"": [85, 86]}, {""kind"": ""particle"", ""kana"": ""を""}, {""kind"": ""word"", ""ja"": ""入れます"", ""reading"": ""いれます"", ""en"": ""put"", ""kanji"": [""入""], ""targets"": [61], ""lemma"": ""入れる""}]"
s1314,[74],"[223, 65]","[{""kind"": ""word"", ""ja"": ""ビニール"", ""reading"": ""びにーる"", ""en"": ""vinyl"", ""kanji"": [], ""targets"": [], ""kana_targets"": [223]}, {""kind"": ""particle"", ""kana"": ""の""}, {""kind"": ""word"", ""ja"": ""かばん"", ""reading"": ""かばん"", ""en"": ""bag"", ""kanji"": [], ""targets"": [], ""kana_targets"": [65]}, {""kind"": ""particle"", ""kana"": ""は""}, {""kind"": ""word"", ""ja"": ""安い"", ""reading"": ""やすい"", ""en"": ""cheap"", ""kanji"": [""安""], ""targets"": [74]}, {""kind"": ""particle"", ""kana"": ""です""}]"
s1315,"[51, 99]",[224],"[{""kind"": ""word"", ""ja"": ""ペンキ"", ""reading"": ""ぺんき"", ""en"": ""paint"", ""kanji"": [], ""targets"": [], ""kana_targets"": [224]}, {""kind"": ""particle"", ""kana"": ""で""}, {""kind"": ""word"", ""ja"": ""家"", ""reading"": ""いえ"", ""en"": ""house"", ""kanji"": [""家""], ""targets"": [51]}, {""kind"": ""particle"", ""kana"": ""を""}, {""kind"": ""word"", ""ja"": ""白く"", ""reading"": ""しろく"", ""en"": ""white"", ""kanji"": [""白""], ""targets"": [99], ""lemma"": ""白い""}, {""kind"": ""particle"", ""kana"": ""します""}]"
s1316,"[162, 89]","[257, 20]","[{""kind"": ""word"", ""ja"": ""ホテル"", ""reading"": ""ほてる"", ""en"": ""hotel"", ""kanji"": [], ""targets"": [], ""kana_targets"": [257]}, {""kind"": ""particle"", ""kana"": ""の""}, {""kind"": ""word"", ""ja"": ""朝ご飯"", ""reading"": ""あさごはん"", ""en"": ""breakfast"", ""kanji"": [""朝"", ""飯""], ""targets"": [162, 89]}, {""kind"": ""particle"", ""kana"": ""は""}, {""kind"": ""word"", ""ja"": ""うまい"", ""reading"": ""うまい"", ""en"": ""good"", ""kanji"": [], ""targets"": [], ""kana_targets"": [20]}, {""kind"": ""particle"", ""kana"": ""です""}]"
s1317,"[252, 121, 245, 56]",[257],"[{""kind"": ""word"", ""ja"": ""ホテル"", ""reading"": ""ほてる"", ""en"": ""hotel"", ""kanji"": [], ""targets"": [], ""kana_targets"": [257]}, {""kind"": ""particle"", ""kana"": ""の""}, {""kind"": ""word"", ""ja"": ""部屋"", ""reading"": ""へや"", ""en"": ""room"", ""kanji"": [""部"", ""屋""], ""targets"": [252, 121]}, {""kind"": ""particle"", ""kana"": ""から""}, {""kind"": ""word"", ""ja"": ""海"", ""reading"": ""うみ"", ""en"": ""sea"", ""kanji"": [""海""], ""targets"": [245]}, {""kind"": ""particle"", ""kana"": ""が""}, {""kind"": ""word"", ""ja"": ""見えます"", ""reading"": ""みえます"", ""en"": ""can see"", ""kanji"": [""見""], ""targets"": [56], ""lemma"": ""見る""}]"
s1318,"[42, 243, 88]",[262],"[{""kind"": ""word"", ""ja"": ""ドーム"", ""reading"": ""どーむ"", ""en"": ""dome"", ""kanji"": [], ""targets"": [], ""kana_targets"": [262]}, {""kind"": ""particle"", ""kana"": ""は""}, {""kind"": ""word"", ""ja"": ""大きい"", ""reading"": ""おおきい"", ""en"": ""big"", ""kanji"": [""大""], ""targets"": [42]}, {""kind"": ""word"", ""ja"": ""建物"", ""reading"": ""たてもの"", ""en"": ""building"", ""kanji"": [""建"", ""物""], ""targets"": [243, 88]}, {""kind"": ""particle"", ""kana"": ""です""}]"
s1319,"[171, 62]",[141],"[{""kind"": ""word"", ""ja"": ""古い"", ""reading"": ""ふるい"", ""en"": ""old"", ""kanji"": [""古""], ""targets"": [171]}, {""kind"": ""word"", ""ja"": ""ランプ"", ""reading"": ""らんぷ"", ""en"": ""lamp"", ""kanji"": [], ""targets"": [], ""kana_targets"": [141]}, {""kind"": ""particle"", ""kana"": ""を""}, {""kind"": ""word"", ""ja"": ""買いました"", ""reading"": ""かいました"", ""en"": ""bought"", ""kanji"": [""買""], ""targets"": [62], ""lemma"": ""買う""}]"
s1320,"[209, 101]",[141],"[{""kind"": ""word"", ""ja"": ""ランプ"", ""reading"": ""らんぷ"", ""en"": ""lamp"", ""kanji"": [], ""targets"": [], ""kana_targets"": [141]}, {""kind"": ""particle"", ""kana"": ""の""}, {""kind"": ""word"", ""ja"": ""明かり"", ""reading"": ""あかり"", ""en"": ""light"", ""kanji"": [""明""], ""targets"": [209], ""lemma"": ""明るい""}, {""kind"": ""particle"", ""kana"": ""は""}, {""kind"": ""word"", ""ja"": ""美しい"", ""reading"": ""うつくしい"", ""en"": ""beautiful"", ""kanji"": [""美""], ""targets"": [101]}, {""kind"": ""particle"", ""kana"": ""です""}]"
s1321,"[34, 266]",[151],"[{""kind"": ""word"", ""ja"": ""子ども"", ""reading"": ""こども"", ""en"": ""child"", ""kanji"": [""子""], ""targets"": [34]}, {""kind"": ""particle"", ""kana"": ""が""}, {""kind"": ""word"", ""ja"": ""ブランコ"", ""reading"": ""ぶらんこ"", ""en"": ""swing"", ""kanji"": [], ""targets"": [], ""kana_targets"": [151]}, {""kind"": ""particle"", ""kana"": ""に""}, {""kind"": ""word"", ""ja"": ""乗っています"", ""reading"": ""のっています"", ""en"": ""is riding"", ""kanji"": [""乗""], ""targets"": [266], ""lemma"": ""乗る""}]"
s1322,[40],[151],"[{""kind"": ""word"", ""ja"": ""ブランコ"", ""reading"": ""ぶらんこ"", ""en"": ""swing"", ""kanji"": [], ""targets"": [], ""kana_targets"": [151]}, {""kind"": ""particle"", ""kana"": ""から""}, {""kind"": ""word"", ""ja"": ""下りて"", ""reading"": ""おりて"", ""en"": ""get off"", ""kanji"": [""下""], ""targets"": [40], ""lemma"": ""下りる""}, {""kind"": ""particle"", ""kana"": ""ください""}]"
s1323,[39],"[174, 181]","[{""kind"": ""word"", ""ja"": ""テーブル"", ""reading"": ""てーぶる"", ""en"": ""table"", ""kanji"": [], ""targets"": [], ""kana_targets"": [174]}, {""kind"": ""particle"", ""kana"": ""の""}, {""kind"": ""word"", ""ja"": ""上"", ""reading"": ""うえ"", ""en"": ""top"", ""kanji"": [""上""], ""targets"": [39]}, {""kind"": ""particle"", ""kana"": ""に""}, {""kind"": ""word"", ""ja"": ""グラス"", ""reading"": ""ぐらす"", ""en"": ""glass"", ""kanji"": [], ""targets"": [], ""kana_targets"": [181]}, {""kind"": ""particle"", ""kana"": ""が""}, {""kind"": ""particle"", ""kana"": ""あります""}]"
s1324,"[148, 175]",[177],"[{""kind"": ""word"", ""ja"": ""この"", ""reading"": ""この"", ""en"": ""this"", ""kanji"": [], ""targets"": []}, {""kind"": ""word"", ""ja"": ""クッション"", ""reading"": ""くっしょん"", ""en"": ""cushion"", ""kanji"": [], ""targets"": [], ""kana_targets"": [177]}, {""kind"": ""particle"", ""kana"": ""は""}, {""kind"": ""word"", ""ja"": ""気持ち"", ""reading"": ""きもち"", ""en"": ""feel"", ""kanji"": [""気"", ""持""], ""targets"": [148, 175]}, {""kind"": ""particle"", ""kana"": ""が""}, {""kind"": ""particle"", ""kana"": ""いい""}, {""kind"": ""particle"", ""kana"": ""です""}]"
s1325,[164],"[155, 18]","[{""kind"": ""word"", ""ja"": ""夜"", ""reading"": ""よる"", ""en"": ""night"", ""kanji"": [""夜""], ""targets"": [164]}, {""kind"": ""particle"", ""kana"": ""の""}, {""kind"": ""word"", ""ja"": ""クラブ"", ""reading"": ""くらぶ"", ""en"": ""club"", ""kanji"": [], ""targets"": [], ""kana_targets"": [155]}, {""kind"": ""particle"", ""kana"": ""は""}, {""kind"": ""word"", ""ja"": ""うるさい"", ""reading"": ""うるさい"", ""en"": ""loud"", ""kanji"": [], ""targets"": [], ""kana_targets"": [18]}, {""kind"": ""particle"", ""kana"": ""です""}]"
s1326,[262],[156],"[{""kind"": ""word"", ""ja"": ""旅"", ""reading"": ""たび"", ""en"": ""journeys"", ""kanji"": [""旅""], ""targets"": [262]}, {""kind"": ""particle"", ""kana"": ""に""}, {""kind"": ""particle"", ""kana"": ""は""}, {""kind"": ""word"", ""ja"": ""ロマン"", ""reading"": ""ろまん"", ""en"": ""romance"", ""kanji"": [], ""targets"": [], ""kana_targets"": [156]}, {""kind"": ""particle"", ""kana"": ""が""}, {""kind"": ""particle"", ""kana"": ""あります""}]"
s1327,"[88, 69]",[170],"[{""kind"": ""word"", ""ja"": ""ニューヨーク"", ""reading"": ""にゅーよーく"", ""en"": ""New York"", ""kanji"": [], ""targets"": [], ""kana_targets"": [170]}, {""kind"": ""particle"", ""kana"": ""は""}, {""kind"": ""word"", ""ja"": ""物"", ""reading"": ""もの"", ""en"": ""things"", ""kanji"": [""物""], ""targets"": [88]}, {""kind"": ""particle"", ""kana"": ""が""}, {""kind"": ""word"", ""ja"": ""高い"", ""reading"": ""たかい"", ""en"": ""expensive"", ""kanji"": [""高""], ""targets"": [69]}, {""kind"": ""particle"", ""kana"": ""です""}]"
s1328,"[1, 62]",[153],"[{""kind"": ""word"", ""ja"": ""クジ"", ""reading"": ""くじ"", ""en"": ""lottery ticket"", ""kanji"": [], ""targets"": [], ""kana_targets"": [153]}, {""kind"": ""particle"", ""kana"": ""を""}, {""kind"": ""word"", ""ja"": ""一つ"", ""reading"": ""ひとつ"", ""en"": ""one"", ""kanji"": [""一""], ""targets"": [1]}, {""kind"": ""word"", ""ja"": ""買いました"", ""reading"": ""かいました"", ""en"": ""bought"", ""kanji"": [""買""], ""targets"": [62], ""lemma"": ""買う""}]"
s1329,[203],[139],"[{""kind"": ""word"", ""ja"": ""この"", ""reading"": ""この"", ""en"": ""this"", ""kanji"": [], ""targets"": []}, {""kind"": ""word"", ""ja"": ""ゴム"", ""reading"": ""ごむ"", ""en"": ""rubber band"", ""kanji"": [], ""targets"": [], ""kana_targets"": [139]}, {""kind"": ""particle"", ""kana"": ""は""}, {""kind"": ""word"", ""ja"": ""強い"", ""reading"": ""つよい"", ""en"": ""strong"", ""kanji"": [""強""], ""targets"": [203]}, {""kind"": ""particle"", ""kana"": ""です""}]"
s1330,"[253, 122, 25, 14, 181]",[224],"[{""kind"": ""word"", ""ja"": ""ペンキ"", ""reading"": ""ぺんき"", ""en"": ""paint"", ""kanji"": [], ""targets"": [], ""kana_targets"": [224]}, {""kind"": ""particle"", ""kana"": ""の""}, {""kind"": ""word"", ""ja"": ""仕事"", ""reading"": ""しごと"", ""en"": ""work"", ""kanji"": [""仕"", ""事""], ""targets"": [253, 122]}, {""kind"": ""particle"", ""kana"": ""は""}, {""kind"": ""word"", ""ja"": ""半日"", ""reading"": ""はんにち"", ""en"": ""half a day"", ""kanji"": [""半"", ""日""], ""targets"": [25, 14]}, {""kind"": ""particle"", ""kana"": ""で""}, {""kind"": ""word"", ""ja"": ""終わりました"", ""reading"": ""おわりました"", ""en"": ""finished"", ""kanji"": [""終""], ""targets"": [181], ""lemma"": ""終わる""}]"
s1331,"[49, 183]",[148],"[{""kind"": ""word"", ""ja"": ""レンガ"", ""reading"": ""れんが"", ""en"": ""brick"", ""kanji"": [], ""targets"": [], ""kana_targets"": [148]}, {""kind"": ""particle"", ""kana"": ""の""}, {""kind"": ""word"", ""ja"": ""道"", ""reading"": ""みち"", ""en"": ""road"", ""kanji"": [""道""], ""targets"": [49]}, {""kind"": ""particle"", ""kana"": ""を""}, {""kind"": ""word"", ""ja"": ""歩きました"", ""reading"": ""あるきました"", ""en"": ""walked"", ""kanji"": [""歩""], ""targets"": [183], ""lemma"": ""歩く""}]"
s1332,"[94, 193, 194]",[3],"[{""kind"": ""word"", ""ja"": ""車"", ""reading"": ""くるま"", ""en"": ""car"", ""kanji"": [""車""], ""targets"": [94]}, {""kind"": ""particle"", ""kana"": ""の""}, {""kind"": ""word"", ""ja"": ""運転"", ""reading"": ""うんてん"", ""en"": ""driving"", ""kanji"": [""運"", ""転""], ""targets"": [193, 194]}, {""kind"": ""particle"", ""kana"": ""が""}, {""kind"": ""word"", ""ja"": ""できます"", ""reading"": ""できます"", ""en"": ""can do"", ""kanji"": [], ""targets"": [], ""kana_targets"": [3], ""lemma"": ""できる""}]"
s1333,"[247, 269]",[4],"[{""kind"": ""word"", ""ja"": ""医者"", ""reading"": ""いしゃ"", ""en"": ""doctor"", ""kanji"": [""医"", ""者""], ""targets"": [247, 269]}, {""kind"": ""particle"", ""kana"": ""に""}, {""kind"": ""word"", ""ja"": ""なりたい"", ""reading"": ""なりたい"", ""en"": ""want to become"", ""kanji"": [], ""targets"": [], ""kana_targets"": [4], ""lemma"": ""なる""}, {""kind"": ""particle"", ""kana"": ""です""}]"
s1334,"[301, 233, 146]",[5],"[{""kind"": ""word"", ""ja"": ""宿題"", ""reading"": ""しゅくだい"", ""en"": ""homework"", ""kanji"": [""宿"", ""題""], ""targets"": [301, 233]}, {""kind"": ""particle"", ""kana"": ""を""}, {""kind"": ""word"", ""ja"": ""先"", ""reading"": ""さき"", ""en"": ""first"", ""kanji"": [""先""], ""targets"": [146]}, {""kind"": ""particle"", ""kana"": ""に""}, {""kind"": ""word"", ""ja"": ""やります"", ""reading"": ""やります"", ""en"": ""do"", ""kanji"": [], ""targets"": [], ""kana_targets"": [5], ""lemma"": ""やる""}]"
s1335,"[155, 297]",[6],"[{""kind"": ""word"", ""ja"": ""姉"", ""reading"": ""あね"", ""en"": ""older sister"", ""kanji"": [""姉""], ""targets"": [155]}, {""kind"": ""particle"", ""kana"": ""が""}, {""kind"": ""word"", ""ja"": ""服"", ""reading"": ""ふく"", ""en"": ""clothes"", ""kanji"": [""服""], ""targets"": [297]}, {""kind"": ""particle"", ""kana"": ""を""}, {""kind"": ""word"", ""ja"": ""くれました"", ""reading"": ""くれました"", ""en"": ""gave me"", ""kanji"": [], ""targets"": [], ""kana_targets"": [6], ""lemma"": ""くれる""}]"
s1336,"[36, 256, 265, 64]",[7],"[{""kind"": ""word"", ""ja"": ""友達"", ""reading"": ""ともだち"", ""en"": ""friend"", ""kanji"": [""友"", ""達""], ""targets"": [36, 256]}, {""kind"": ""particle"", ""kana"": ""に""}, {""kind"": ""word"", ""ja"": ""葉書"", ""reading"": ""はがき"", ""en"": ""postcard"", ""kanji"": [""葉"", ""書""], ""targets"": [265, 64]}, {""kind"": ""particle"", ""kana"": ""を""}, {""kind"": ""word"", ""ja"": ""もらいました"", ""reading"": ""もらいました"", ""en"": ""received"", ""kanji"": [], ""targets"": [], ""kana_targets"": [7], ""lemma"": ""もらう""}]"
s1337,[66],[9],"[{""kind"": ""word"", ""ja"": ""話"", ""reading"": ""はなし"", ""en"": ""the story"", ""kanji"": [""話""], ""targets"": [66]}, {""kind"": ""particle"", ""kana"": ""を""}, {""kind"": ""word"", ""ja"": ""ごまかさないで"", ""reading"": ""ごまかさないで"", ""en"": ""dont dodge"", ""kanji"": [], ""targets"": [], ""kana_targets"": [9], ""lemma"": ""ごまかす""}, {""kind"": ""particle"", ""kana"": ""ください""}]"
s1338,"[304, 250, 41]",[10],"[{""kind"": ""word"", ""ja"": ""授業"", ""reading"": ""じゅぎょう"", ""en"": ""class"", ""kanji"": [""授"", ""業""], ""targets"": [304, 250]}, {""kind"": ""word"", ""ja"": ""中"", ""reading"": ""ちゅう"", ""en"": ""during"", ""kanji"": [""中""], ""targets"": [41]}, {""kind"": ""particle"", ""kana"": ""に""}, {""kind"": ""word"", ""ja"": ""ふざけて"", ""reading"": ""ふざけて"", ""en"": ""fool around"", ""kanji"": [], ""targets"": [], ""kana_targets"": [10], ""lemma"": ""ふざける""}, {""kind"": ""particle"", ""kana"": ""は""}, {""kind"": ""particle"", ""kana"": ""いけません""}]"
s1339,"[24, 14, 31]",[11],"[{""kind"": ""word"", ""ja"": ""今日"", ""reading"": ""きょう"", ""en"": ""today"", ""kanji"": [""今"", ""日""], ""targets"": [24, 14]}, {""kind"": ""particle"", ""kana"": ""は""}, {""kind"": ""word"", ""ja"": ""私"", ""reading"": ""わたし"", ""en"": ""I"", ""kanji"": [""私""], ""targets"": [31]}, {""kind"": ""particle"", ""kana"": ""が""}, {""kind"": ""word"", ""ja"": ""おごります"", ""reading"": ""おごります"", ""en"": ""will treat"", ""kanji"": [], ""targets"": [], ""kana_targets"": [11], ""lemma"": ""おごる""}]"
s1340,"[258, 88]",[12],"[{""kind"": ""word"", ""ja"": ""動物"", ""reading"": ""どうぶつ"", ""en"": ""animals"", ""kanji"": [""動"", ""物""], ""targets"": [258, 88]}, {""kind"": ""particle"", ""kana"": ""を""}, {""kind"": ""word"", ""ja"": ""いじめないで"", ""reading"": ""いじめないで"", ""en"": ""dont bully"", ""kanji"": [], ""targets"": [], ""kana_targets"": [12], ""lemma"": ""いじめる""}, {""kind"": ""particle"", ""kana"": ""ください""}]"
s1341,"[197, 220]",[14],"[{""kind"": ""word"", ""ja"": ""写真"", ""reading"": ""しゃしん"", ""en"": ""photo"", ""kanji"": [""写"", ""真""], ""targets"": [197, 220]}, {""kind"": ""particle"", ""kana"": ""の""}, {""kind"": ""particle"", ""kana"": ""ため""}, {""kind"": ""particle"", ""kana"": ""に""}, {""kind"": ""word"", ""ja"": ""しゃがみました"", ""reading"": ""しゃがみました"", ""en"": ""crouched"", ""kanji"": [], ""targets"": [], ""kana_targets"": [14], ""lemma"": ""しゃがむ""}]"
s1342,[],"[145, 267]","[{""kind"": ""word"", ""ja"": ""ハンコ"", ""reading"": ""はんこ"", ""en"": ""seal"", ""kanji"": [], ""targets"": [], ""kana_targets"": [145]}, {""kind"": ""particle"", ""kana"": ""を""}, {""kind"": ""word"", ""ja"": ""なくしました"", ""reading"": ""なくしました"", ""en"": ""lost"", ""kanji"": [], ""targets"": [], ""kana_targets"": [267], ""lemma"": ""なくす""}]"
s1343,[290],[15],"[{""kind"": ""word"", ""ja"": ""すごい"", ""reading"": ""すごい"", ""en"": ""amazing"", ""kanji"": [], ""targets"": [], ""kana_targets"": [15]}, {""kind"": ""word"", ""ja"": ""力"", ""reading"": ""ちから"", ""en"": ""strength"", ""kanji"": [""力""], ""targets"": [290]}, {""kind"": ""particle"", ""kana"": ""です""}, {""kind"": ""particle"", ""kana"": ""ね""}]"
s1344,[],"[17, 179]","[{""kind"": ""word"", ""ja"": ""かわいい"", ""reading"": ""かわいい"", ""en"": ""cute"", ""kanji"": [], ""targets"": [], ""kana_targets"": [17]}, {""kind"": ""word"", ""ja"": ""マグカップ"", ""reading"": ""まぐかっぷ"", ""en"": ""mug"", ""kanji"": [], ""targets"": [], ""kana_targets"": [179]}, {""kind"": ""particle"", ""kana"": ""です""}, {""kind"": ""particle"", ""kana"": ""ね""}]"
s1345,"[253, 123]","[22, 25]","[{""kind"": ""word"", ""ja"": ""ずるい"", ""reading"": ""ずるい"", ""en"": ""unfair"", ""kanji"": [], ""targets"": [], ""kana_targets"": [22]}, {""kind"": ""word"", ""ja"": ""仕方"", ""reading"": ""しかた"", ""en"": ""way"", ""kanji"": [""仕"", ""方""], ""targets"": [253, 123]}, {""kind"": ""particle"", ""kana"": ""は""}, {""kind"": ""word"", ""ja"": ""だめ"", ""reading"": ""だめ"", ""en"": ""no good"", ""kanji"": [], ""targets"": [], ""kana_targets"": [25]}, {""kind"": ""particle"", ""kana"": ""です""}]"
s1346,[173],[23],"[{""kind"": ""word"", ""ja"": ""もったいない"", ""reading"": ""もったいない"", ""en"": ""wasteful"", ""kanji"": [], ""targets"": [], ""kana_targets"": [23]}, {""kind"": ""particle"", ""kana"": ""から""}, {""kind"": ""word"", ""ja"": ""使います"", ""reading"": ""つかいます"", ""en"": ""will use"", ""kanji"": [""使""], ""targets"": [173], ""lemma"": ""使う""}]"
s1347,[],[24],"[{""kind"": ""word"", ""ja"": ""ばか"", ""reading"": ""ばか"", ""en"": ""silly"", ""kanji"": [], ""targets"": [], ""kana_targets"": [24]}, {""kind"": ""particle"", ""kana"": ""な""}, {""kind"": ""particle"", ""kana"": ""こと""}, {""kind"": ""particle"", ""kana"": ""を""}, {""kind"": ""particle"", ""kana"": ""しないで""}, {""kind"": ""particle"", ""kana"": ""ください""}]"
s1348,[30],"[26, 11]","[{""kind"": ""word"", ""ja"": ""けち"", ""reading"": ""けち"", ""en"": ""stingy"", ""kanji"": [], ""targets"": [], ""kana_targets"": [26]}, {""kind"": ""particle"", ""kana"": ""な""}, {""kind"": ""word"", ""ja"": ""人"", ""reading"": ""ひと"", ""en"": ""people"", ""kanji"": [""人""], ""targets"": [30]}, {""kind"": ""particle"", ""kana"": ""は""}, {""kind"": ""word"", ""ja"": ""おごりません"", ""reading"": ""おごりません"", ""en"": ""dont treat"", ""kanji"": [], ""targets"": [], ""kana_targets"": [11], ""lemma"": ""おごる""}]"
s1349,[59],[27],"[{""kind"": ""word"", ""ja"": ""わがまま"", ""reading"": ""わがまま"", ""en"": ""selfishness"", ""kanji"": [], ""targets"": [], ""kana_targets"": [27]}, {""kind"": ""particle"", ""kana"": ""を""}, {""kind"": ""word"", ""ja"": ""言わないで"", ""reading"": ""いわないで"", ""en"": ""dont say"", ""kanji"": [""言""], ""targets"": [59], ""lemma"": ""言う""}, {""kind"": ""particle"", ""kana"": ""ください""}]"
s1350,[66],[28],"[{""kind"": ""word"", ""ja"": ""その"", ""reading"": ""その"", ""en"": ""that"", ""kanji"": [], ""targets"": []}, {""kind"": ""word"", ""ja"": ""話"", ""reading"": ""はなし"", ""en"": ""story"", ""kanji"": [""話""], ""targets"": [66]}, {""kind"": ""particle"", ""kana"": ""は""}, {""kind"": ""word"", ""ja"": ""でたらめ"", ""reading"": ""でたらめ"", ""en"": ""nonsense"", ""kanji"": [], ""targets"": [], ""kana_targets"": [28]}, {""kind"": ""particle"", ""kana"": ""です""}]"
s1351,"[34, 28, 14]",[29],"[{""kind"": ""word"", ""ja"": ""子ども"", ""reading"": ""こども"", ""en"": ""kids"", ""kanji"": [""子""], ""targets"": [34]}, {""kind"": ""particle"", ""kana"": ""の""}, {""kind"": ""word"", ""ja"": ""いたずら"", ""reading"": ""いたずら"", ""en"": ""prank"", ""kanji"": [], ""targets"": [], ""kana_targets"": [29]}, {""kind"": ""particle"", ""kana"": ""は""}, {""kind"": ""word"", ""ja"": ""毎日"", ""reading"": ""まいにち"", ""en"": ""every day"", ""kanji"": [""毎"", ""日""], ""targets"": [28, 14]}, {""kind"": ""particle"", ""kana"": ""です""}]"
s1352,[],[30],"[{""kind"": ""word"", ""ja"": ""けんか"", ""reading"": ""けんか"", ""en"": ""fight"", ""kanji"": [], ""targets"": [], ""kana_targets"": [30]}, {""kind"": ""particle"", ""kana"": ""は""}, {""kind"": ""particle"", ""kana"": ""やめて""}, {""kind"": ""particle"", ""kana"": ""ください""}]"
s1353,"[37, 39, 100]",[31],"[{""kind"": ""word"", ""ja"": ""父"", ""reading"": ""ちち"", ""en"": ""father"", ""kanji"": [""父""], ""targets"": [37]}, {""kind"": ""particle"", ""kana"": ""の""}, {""kind"": ""word"", ""ja"": ""まね"", ""reading"": ""まね"", ""en"": ""imitation"", ""kanji"": [], ""targets"": [], ""kana_targets"": [31]}, {""kind"": ""particle"", ""kana"": ""が""}, {""kind"": ""word"", ""ja"": ""上手"", ""reading"": ""じょうず"", ""en"": ""good at"", ""kanji"": [""上"", ""手""], ""targets"": [39, 100]}, {""kind"": ""particle"", ""kana"": ""です""}]"
s1354,[148],[33],"[{""kind"": ""word"", ""ja"": ""けが"", ""reading"": ""けが"", ""en"": ""injury"", ""kanji"": [], ""targets"": [], ""kana_targets"": [33]}, {""kind"": ""particle"", ""kana"": ""に""}, {""kind"": ""word"", ""ja"": ""気"", ""reading"": ""き"", ""en"": ""care"", ""kanji"": [""気""], ""targets"": [148]}, {""kind"": ""particle"", ""kana"": ""を""}, {""kind"": ""particle"", ""kana"": ""つけて""}, {""kind"": ""particle"", ""kana"": ""ください""}]"
s1355,[],"[187, 34]","[{""kind"": ""word"", ""ja"": ""ケトル"", ""reading"": ""けとる"", ""en"": ""kettle"", ""kanji"": [], ""targets"": [], ""kana_targets"": [187]}, {""kind"": ""particle"", ""kana"": ""で""}, {""kind"": ""word"", ""ja"": ""やけど"", ""reading"": ""やけど"", ""en"": ""burn"", ""kanji"": [], ""targets"": [], ""kana_targets"": [34]}, {""kind"": ""particle"", ""kana"": ""を""}, {""kind"": ""particle"", ""kana"": ""しました""}]"
s1356,"[42, 60]",[35],"[{""kind"": ""word"", ""ja"": ""大きい"", ""reading"": ""おおきい"", ""en"": ""big"", ""kanji"": [""大""], ""targets"": [42]}, {""kind"": ""word"", ""ja"": ""くしゃみ"", ""reading"": ""くしゃみ"", ""en"": ""sneeze"", ""kanji"": [], ""targets"": [], ""kana_targets"": [35]}, {""kind"": ""particle"", ""kana"": ""が""}, {""kind"": ""word"", ""ja"": ""出ました"", ""reading"": ""でました"", ""en"": ""came out"", ""kanji"": [""出""], ""targets"": [60], ""lemma"": ""出る""}]"
s1357,"[304, 250, 41, 60]",[36],"[{""kind"": ""word"", ""ja"": ""授業"", ""reading"": ""じゅぎょう"", ""en"": ""class"", ""kanji"": [""授"", ""業""], ""targets"": [304, 250]}, {""kind"": ""word"", ""ja"": ""中"", ""reading"": ""ちゅう"", ""en"": ""during"", ""kanji"": [""中""], ""targets"": [41]}, {""kind"": ""particle"", ""kana"": ""に""}, {""kind"": ""word"", ""ja"": ""あくび"", ""reading"": ""あくび"", ""en"": ""yawn"", ""kanji"": [], ""targets"": [], ""kana_targets"": [36]}, {""kind"": ""particle"", ""kana"": ""が""}, {""kind"": ""word"", ""ja"": ""出ました"", ""reading"": ""でました"", ""en"": ""came out"", ""kanji"": [""出""], ""targets"": [60], ""lemma"": ""出る""}]"
s1358,"[153, 42]",[37],"[{""kind"": ""word"", ""ja"": ""兄"", ""reading"": ""あに"", ""en"": ""older brother"", ""kanji"": [""兄""], ""targets"": [153]}, {""kind"": ""particle"", ""kana"": ""の""}, {""kind"": ""word"", ""ja"": ""いびき"", ""reading"": ""いびき"", ""en"": ""snoring"", ""kanji"": [], ""targets"": [], ""kana_targets"": [37]}, {""kind"": ""particle"", ""kana"": ""は""}, {""kind"": ""word"", ""ja"": ""大きい"", ""reading"": ""おおきい"", ""en"": ""loud"", ""kanji"": [""大""], ""targets"": [42]}, {""kind"": ""particle"", ""kana"": ""です""}]"
s1359,"[17, 58, 184]",[38],"[{""kind"": ""word"", ""ja"": ""水"", ""reading"": ""みず"", ""en"": ""water"", ""kanji"": [""水""], ""targets"": [17]}, {""kind"": ""particle"", ""kana"": ""を""}, {""kind"": ""word"", ""ja"": ""飲んで"", ""reading"": ""のんで"", ""en"": ""drink"", ""kanji"": [""飲""], ""targets"": [58], ""lemma"": ""飲む""}, {""kind"": ""word"", ""ja"": ""しゃっくり"", ""reading"": ""しゃっくり"", ""en"": ""hiccups"", ""kanji"": [], ""targets"": [], ""kana_targets"": [38]}, {""kind"": ""particle"", ""kana"": ""を""}, {""kind"": ""word"", ""ja"": ""止めます"", ""reading"": ""とめます"", ""en"": ""stop"", ""kanji"": [""止""], ""targets"": [184], ""lemma"": ""止める""}]"
s1360,[211],[41],"[{""kind"": ""word"", ""ja"": ""急に"", ""reading"": ""きゅうに"", ""en"": ""suddenly"", ""kanji"": [""急""], ""targets"": [211]}, {""kind"": ""word"", ""ja"": ""めまい"", ""reading"": ""めまい"", ""en"": ""dizziness"", ""kanji"": [], ""targets"": [], ""kana_targets"": [41]}, {""kind"": ""particle"", ""kana"": ""が""}, {""kind"": ""particle"", ""kana"": ""しました""}]"
s1361,"[105, 88, 60]",[42],"[{""kind"": ""word"", ""ja"": ""甘い"", ""reading"": ""あまい"", ""en"": ""sweet"", ""kanji"": [""甘""], ""targets"": [105]}, {""kind"": ""word"", ""ja"": ""物"", ""reading"": ""もの"", ""en"": ""things"", ""kanji"": [""物""], ""targets"": [88]}, {""kind"": ""particle"", ""kana"": ""で""}, {""kind"": ""word"", ""ja"": ""にきび"", ""reading"": ""にきび"", ""en"": ""pimples"", ""kanji"": [], ""targets"": [], ""kana_targets"": [42]}, {""kind"": ""particle"", ""kana"": ""が""}, {""kind"": ""word"", ""ja"": ""出ます"", ""reading"": ""でます"", ""en"": ""appear"", ""kanji"": [""出""], ""targets"": [60], ""lemma"": ""出る""}]"
s1362,[206],[45],"[{""kind"": ""word"", ""ja"": ""まぶた"", ""reading"": ""まぶた"", ""en"": ""eyelids"", ""kanji"": [], ""targets"": [], ""kana_targets"": [45]}, {""kind"": ""particle"", ""kana"": ""が""}, {""kind"": ""word"", ""ja"": ""重く"", ""reading"": ""おもく"", ""en"": ""heavy"", ""kanji"": [""重""], ""targets"": [206], ""lemma"": ""重い""}, {""kind"": ""particle"", ""kana"": ""なりました""}]"
s1363,"[39, 67]",[46],"[{""kind"": ""word"", ""ja"": ""かかと"", ""reading"": ""かかと"", ""en"": ""heels"", ""kanji"": [], ""targets"": [], ""kana_targets"": [46]}, {""kind"": ""particle"", ""kana"": ""を""}, {""kind"": ""word"", ""ja"": ""上げて"", ""reading"": ""あげて"", ""en"": ""raise"", ""kanji"": [""上""], ""targets"": [39], ""lemma"": ""上がる""}, {""kind"": ""word"", ""ja"": ""立ちます"", ""reading"": ""たちます"", ""en"": ""stand"", ""kanji"": [""立""], ""targets"": [67], ""lemma"": ""立つ""}]"
s1364,[203],[47],"[{""kind"": ""word"", ""ja"": ""ふくらはぎ"", ""reading"": ""ふくらはぎ"", ""en"": ""calves"", ""kanji"": [], ""targets"": [], ""kana_targets"": [47]}, {""kind"": ""particle"", ""kana"": ""が""}, {""kind"": ""word"", ""ja"": ""強く"", ""reading"": ""つよく"", ""en"": ""strong"", ""kanji"": [""強""], ""targets"": [203], ""lemma"": ""強い""}, {""kind"": ""particle"", ""kana"": ""なりました""}]"
s1365,"[37, 77]",[48],"[{""kind"": ""word"", ""ja"": ""父"", ""reading"": ""ちち"", ""en"": ""father"", ""kanji"": [""父""], ""targets"": [37]}, {""kind"": ""particle"", ""kana"": ""は""}, {""kind"": ""word"", ""ja"": ""ひげ"", ""reading"": ""ひげ"", ""en"": ""beard"", ""kanji"": [], ""targets"": [], ""kana_targets"": [48]}, {""kind"": ""particle"", ""kana"": ""が""}, {""kind"": ""word"", ""ja"": ""長い"", ""reading"": ""ながい"", ""en"": ""long"", ""kanji"": [""長""], ""targets"": [77]}, {""kind"": ""particle"", ""kana"": ""です""}]"
s1366,[99],"[101, 49]","[{""kind"": ""word"", ""ja"": ""うさぎ"", ""reading"": ""うさぎ"", ""en"": ""rabbit"", ""kanji"": [], ""targets"": [], ""kana_targets"": [101]}, {""kind"": ""particle"", ""kana"": ""の""}, {""kind"": ""word"", ""ja"": ""しっぽ"", ""reading"": ""しっぽ"", ""en"": ""tail"", ""kanji"": [], ""targets"": [], ""kana_targets"": [49]}, {""kind"": ""particle"", ""kana"": ""は""}, {""kind"": ""word"", ""ja"": ""白い"", ""reading"": ""しろい"", ""en"": ""white"", ""kanji"": [""白""], ""targets"": [99]}, {""kind"": ""particle"", ""kana"": ""です""}]"
s1367,[19],[51],"[{""kind"": ""word"", ""ja"": ""お金"", ""reading"": ""おかね"", ""en"": ""money"", ""kanji"": [""金""], ""targets"": [19]}, {""kind"": ""particle"", ""kana"": ""が""}, {""kind"": ""word"", ""ja"": ""ほとんど"", ""reading"": ""ほとんど"", ""en"": ""hardly any"", ""kanji"": [], ""targets"": [], ""kana_targets"": [51]}, {""kind"": ""particle"", ""kana"": ""ありません""}]"
s1368,"[254, 219, 256, 30]",[52],"[{""kind"": ""word"", ""ja"": ""さすが"", ""reading"": ""さすが"", ""en"": ""as expected"", ""kanji"": [], ""targets"": [], ""kana_targets"": [52]}, {""kind"": ""word"", ""ja"": ""料理"", ""reading"": ""りょうり"", ""en"": ""cooking"", ""kanji"": [""料"", ""理""], ""targets"": [254, 219]}, {""kind"": ""particle"", ""kana"": ""の""}, {""kind"": ""word"", ""ja"": ""達人"", ""reading"": ""たつじん"", ""en"": ""master"", ""kanji"": [""達"", ""人""], ""targets"": [256, 30]}, {""kind"": ""particle"", ""kana"": ""です""}]"
s1369,"[51, 1, 299]",[53],"[{""kind"": ""word"", ""ja"": ""やはり"", ""reading"": ""やはり"", ""en"": ""after all"", ""kanji"": [], ""targets"": [], ""kana_targets"": [53]}, {""kind"": ""word"", ""ja"": ""家"", ""reading"": ""いえ"", ""en"": ""home"", ""kanji"": [""家""], ""targets"": [51]}, {""kind"": ""particle"", ""kana"": ""が""}, {""kind"": ""word"", ""ja"": ""一番"", ""reading"": ""いちばん"", ""en"": ""the best"", ""kanji"": [""一"", ""番""], ""targets"": [1, 299]}, {""kind"": ""particle"", ""kana"": ""です""}]"
s1370,"[47, 55]","[54, 6]","[{""kind"": ""word"", ""ja"": ""わざわざ"", ""reading"": ""わざわざ"", ""en"": ""all the way"", ""kanji"": [], ""targets"": [], ""kana_targets"": [54]}, {""kind"": ""word"", ""ja"": ""駅"", ""reading"": ""えき"", ""en"": ""station"", ""kanji"": [""駅""], ""targets"": [47]}, {""kind"": ""particle"", ""kana"": ""まで""}, {""kind"": ""word"", ""ja"": ""来て"", ""reading"": ""きて"", ""en"": ""come"", ""kanji"": [""来""], ""targets"": [55], ""lemma"": ""来る""}, {""kind"": ""word"", ""ja"": ""くれました"", ""reading"": ""くれました"", ""en"": ""for me"", ""kanji"": [], ""targets"": [], ""kana_targets"": [6], ""lemma"": ""くれる""}]"
s1371,[17],[55],"[{""kind"": ""word"", ""ja"": ""とりあえず"", ""reading"": ""とりあえず"", ""en"": ""for now"", ""kanji"": [], ""targets"": [], ""kana_targets"": [55]}, {""kind"": ""word"", ""ja"": ""お水"", ""reading"": ""おみず"", ""en"": ""water"", ""kanji"": [""水""], ""targets"": [17]}, {""kind"": ""particle"", ""kana"": ""を""}, {""kind"": ""particle"", ""kana"": ""ください""}]"
s1372,[],[56],"[{""kind"": ""word"", ""ja"": ""もちろん"", ""reading"": ""もちろん"", ""en"": ""of course"", ""kanji"": [], ""targets"": [], ""kana_targets"": [56]}, {""kind"": ""particle"", ""kana"": ""いい""}, {""kind"": ""particle"", ""kana"": ""です""}, {""kind"": ""particle"", ""kana"": ""よ""}]"
s1373,"[71, 241, 56]",[57],"[{""kind"": ""word"", ""ja"": ""ぜひ"", ""reading"": ""ぜひ"", ""en"": ""by all means"", ""kanji"": [], ""targets"": [], ""kana_targets"": [57]}, {""kind"": ""word"", ""ja"": ""本堂"", ""reading"": ""ほんどう"", ""en"": ""main hall"", ""kanji"": [""本"", ""堂""], ""targets"": [71, 241]}, {""kind"": ""particle"", ""kana"": ""を""}, {""kind"": ""word"", ""ja"": ""見て"", ""reading"": ""みて"", ""en"": ""see"", ""kanji"": [""見""], ""targets"": [56], ""lemma"": ""見る""}, {""kind"": ""particle"", ""kana"": ""ください""}]"
s1374,"[39, 100]",[58],"[{""kind"": ""word"", ""ja"": ""なかなか"", ""reading"": ""なかなか"", ""en"": ""quite"", ""kanji"": [], ""targets"": [], ""kana_targets"": [58]}, {""kind"": ""word"", ""ja"": ""上手"", ""reading"": ""じょうず"", ""en"": ""skilled"", ""kanji"": [""上"", ""手""], ""targets"": [39, 100]}, {""kind"": ""particle"", ""kana"": ""です""}, {""kind"": ""particle"", ""kana"": ""ね""}]"
s1375,"[273, 55, 176]",[59],"[{""kind"": ""word"", ""ja"": ""まさか"", ""reading"": ""まさか"", ""en"": ""never thought"", ""kanji"": [], ""targets"": [], ""kana_targets"": [59]}, {""kind"": ""word"", ""ja"": ""彼"", ""reading"": ""かれ"", ""en"": ""he"", ""kanji"": [""彼""], ""targets"": [273]}, {""kind"": ""particle"", ""kana"": ""が""}, {""kind"": ""word"", ""ja"": ""来る"", ""reading"": ""くる"", ""en"": ""would come"", ""kanji"": [""来""], ""targets"": [55]}, {""kind"": ""particle"", ""kana"": ""とは""}, {""kind"": ""word"", ""ja"": ""思いませんでした"", ""reading"": ""おもいませんでした"", ""en"": ""didnt think"", ""kanji"": [""思""], ""targets"": [176], ""lemma"": ""思う""}]"
s1376,"[61, 96]",[61],"[{""kind"": ""word"", ""ja"": ""入学"", ""reading"": ""にゅうがく"", ""en"": ""starting school"", ""kanji"": [""入"", ""学""], ""targets"": [61, 96]}, {""kind"": ""word"", ""ja"": ""おめでとう"", ""reading"": ""おめでとう"", ""en"": ""congratulations"", ""kanji"": [], ""targets"": [], ""kana_targets"": [61]}, {""kind"": ""particle"", ""kana"": ""ございます""}]"
s1377,"[51, 274]",[62],"[{""kind"": ""word"", ""ja"": ""家族"", ""reading"": ""かぞく"", ""en"": ""family"", ""kanji"": [""家"", ""族""], ""targets"": [51, 274]}, {""kind"": ""particle"", ""kana"": ""に""}, {""kind"": ""word"", ""ja"": ""よろしく"", ""reading"": ""よろしく"", ""en"": ""my regards"", ""kanji"": [], ""targets"": [], ""kana_targets"": [62]}]"
s1378,"[174, 68]",[63],"[{""kind"": ""word"", ""ja"": ""ごちそう"", ""reading"": ""ごちそう"", ""en"": ""feast"", ""kanji"": [], ""targets"": [], ""kana_targets"": [63]}, {""kind"": ""particle"", ""kana"": ""を""}, {""kind"": ""word"", ""ja"": ""作って"", ""reading"": ""つくって"", ""en"": ""make"", ""kanji"": [""作""], ""targets"": [174], ""lemma"": ""作る""}, {""kind"": ""word"", ""ja"": ""待っています"", ""reading"": ""まっています"", ""en"": ""am waiting"", ""kanji"": [""待""], ""targets"": [68], ""lemma"": ""待つ""}]"
s1379,[39],"[66, 174]","[{""kind"": ""word"", ""ja"": ""めがね"", ""reading"": ""めがね"", ""en"": ""glasses"", ""kanji"": [], ""targets"": [], ""kana_targets"": [66]}, {""kind"": ""particle"", ""kana"": ""を""}, {""kind"": ""word"", ""ja"": ""テーブル"", ""reading"": ""てーぶる"", ""en"": ""table"", ""kanji"": [], ""targets"": [], ""kana_targets"": [174]}, {""kind"": ""particle"", ""kana"": ""の""}, {""kind"": ""word"", ""ja"": ""上"", ""reading"": ""うえ"", ""en"": ""top"", ""kanji"": [""上""], ""targets"": [39]}, {""kind"": ""particle"", ""kana"": ""に""}, {""kind"": ""particle"", ""kana"": ""おきました""}]"
s1380,[],[69],"[{""kind"": ""word"", ""ja"": ""ほうき"", ""reading"": ""ほうき"", ""en"": ""broom"", ""kanji"": [], ""targets"": [], ""kana_targets"": [69]}, {""kind"": ""particle"", ""kana"": ""は""}, {""kind"": ""particle"", ""kana"": ""どこ""}, {""kind"": ""particle"", ""kana"": ""に""}, {""kind"": ""particle"", ""kana"": ""あります""}, {""kind"": ""particle"", ""kana"": ""か""}]"
s1381,"[2, 173]",[72],"[{""kind"": ""word"", ""ja"": ""ねじ"", ""reading"": ""ねじ"", ""en"": ""screws"", ""kanji"": [], ""targets"": [], ""kana_targets"": [72]}, {""kind"": ""particle"", ""kana"": ""を""}, {""kind"": ""word"", ""ja"": ""二つ"", ""reading"": ""ふたつ"", ""en"": ""two"", ""kanji"": [""二""], ""targets"": [2]}, {""kind"": ""word"", ""ja"": ""使います"", ""reading"": ""つかいます"", ""en"": ""use"", ""kanji"": [""使""], ""targets"": [173], ""lemma"": ""使う""}]"
s1382,[169],[76],"[{""kind"": ""word"", ""ja"": ""冬"", ""reading"": ""ふゆ"", ""en"": ""winter"", ""kanji"": [""冬""], ""targets"": [169]}, {""kind"": ""particle"", ""kana"": ""は""}, {""kind"": ""word"", ""ja"": ""うどん"", ""reading"": ""うどん"", ""en"": ""udon"", ""kanji"": [], ""targets"": [], ""kana_targets"": [76]}, {""kind"": ""particle"", ""kana"": ""が""}, {""kind"": ""particle"", ""kana"": ""いい""}, {""kind"": ""particle"", ""kana"": ""です""}]"
s1383,[159],[78],"[{""kind"": ""word"", ""ja"": ""こんにゃく"", ""reading"": ""こんにゃく"", ""en"": ""konjac"", ""kanji"": [], ""targets"": [], ""kana_targets"": [78]}, {""kind"": ""particle"", ""kana"": ""は""}, {""kind"": ""word"", ""ja"": ""体"", ""reading"": ""からだ"", ""en"": ""body"", ""kanji"": [""体""], ""targets"": [159]}, {""kind"": ""particle"", ""kana"": ""に""}, {""kind"": ""particle"", ""kana"": ""いい""}, {""kind"": ""particle"", ""kana"": ""です""}]"
s1384,[76],[79],"[{""kind"": ""word"", ""ja"": ""わさび"", ""reading"": ""わさび"", ""en"": ""wasabi"", ""kanji"": [], ""targets"": [], ""kana_targets"": [79]}, {""kind"": ""particle"", ""kana"": ""は""}, {""kind"": ""word"", ""ja"": ""少し"", ""reading"": ""すこし"", ""en"": ""a little"", ""kanji"": [""少""], ""targets"": [76]}, {""kind"": ""particle"", ""kana"": ""で""}, {""kind"": ""particle"", ""kana"": ""いい""}, {""kind"": ""particle"", ""kana"": ""です""}]"
s1385,"[61, 106]",[80],"[{""kind"": ""word"", ""ja"": ""にんにく"", ""reading"": ""にんにく"", ""en"": ""garlic"", ""kanji"": [], ""targets"": [], ""kana_targets"": [80]}, {""kind"": ""particle"", ""kana"": ""を""}, {""kind"": ""word"", ""ja"": ""入れて"", ""reading"": ""いれて"", ""en"": ""add"", ""kanji"": [""入""], ""targets"": [61], ""lemma"": ""入れる""}, {""kind"": ""word"", ""ja"": ""焼きます"", ""reading"": ""やきます"", ""en"": ""fry"", ""kanji"": [""焼""], ""targets"": [106], ""lemma"": ""焼く""}]"
s1386,[39],[81],"[{""kind"": ""word"", ""ja"": ""ごま"", ""reading"": ""ごま"", ""en"": ""sesame"", ""kanji"": [], ""targets"": [], ""kana_targets"": [81]}, {""kind"": ""particle"", ""kana"": ""を""}, {""kind"": ""word"", ""ja"": ""上"", ""reading"": ""うえ"", ""en"": ""top"", ""kanji"": [""上""], ""targets"": [39]}, {""kind"": ""particle"", ""kana"": ""に""}, {""kind"": ""particle"", ""kana"": ""かけます""}]"
s1387,"[1, 62]",[86],"[{""kind"": ""word"", ""ja"": ""ぶどう"", ""reading"": ""ぶどう"", ""en"": ""grapes"", ""kanji"": [], ""targets"": [], ""kana_targets"": [86]}, {""kind"": ""particle"", ""kana"": ""を""}, {""kind"": ""word"", ""ja"": ""一つ"", ""reading"": ""ひとつ"", ""en"": ""a bunch"", ""kanji"": [""一""], ""targets"": [1]}, {""kind"": ""word"", ""ja"": ""買いました"", ""reading"": ""かいました"", ""en"": ""bought"", ""kanji"": [""買""], ""targets"": [62], ""lemma"": ""買う""}]"
s1388,"[113, 158, 17, 60]",[89],"[{""kind"": ""word"", ""ja"": ""たまねぎ"", ""reading"": ""たまねぎ"", ""en"": ""onion"", ""kanji"": [], ""targets"": [], ""kana_targets"": [89]}, {""kind"": ""particle"", ""kana"": ""を""}, {""kind"": ""word"", ""ja"": ""切る"", ""reading"": ""きる"", ""en"": ""cut"", ""kanji"": [""切""], ""targets"": [113]}, {""kind"": ""particle"", ""kana"": ""と""}, {""kind"": ""word"", ""ja"": ""目"", ""reading"": ""め"", ""en"": ""eyes"", ""kanji"": [""目""], ""targets"": [158]}, {""kind"": ""particle"", ""kana"": ""から""}, {""kind"": ""word"", ""ja"": ""水"", ""reading"": ""みず"", ""en"": ""water"", ""kanji"": [""水""], ""targets"": [17]}, {""kind"": ""particle"", ""kana"": ""が""}, {""kind"": ""word"", ""ja"": ""出ます"", ""reading"": ""でます"", ""en"": ""come out"", ""kanji"": [""出""], ""targets"": [60], ""lemma"": ""出る""}]"
s1389,[39],[90],"[{""kind"": ""word"", ""ja"": ""ねぎ"", ""reading"": ""ねぎ"", ""en"": ""green onion"", ""kanji"": [], ""targets"": [], ""kana_targets"": [90]}, {""kind"": ""particle"", ""kana"": ""を""}, {""kind"": ""word"", ""ja"": ""上"", ""reading"": ""うえ"", ""en"": ""top"", ""kanji"": [""上""], ""targets"": [39]}, {""kind"": ""particle"", ""kana"": ""に""}, {""kind"": ""particle"", ""kana"": ""のせます""}]"
s1390,"[25, 23, 113]",[93],"[{""kind"": ""word"", ""ja"": ""じゃがいも"", ""reading"": ""じゃがいも"", ""en"": ""potatoes"", ""kanji"": [], ""targets"": [], ""kana_targets"": [93]}, {""kind"": ""particle"", ""kana"": ""を""}, {""kind"": ""word"", ""ja"": ""半分"", ""reading"": ""はんぶん"", ""en"": ""in half"", ""kanji"": [""半"", ""分""], ""targets"": [25, 23]}, {""kind"": ""particle"", ""kana"": ""に""}, {""kind"": ""word"", ""ja"": ""切ります"", ""reading"": ""きります"", ""en"": ""cut"", ""kanji"": [""切""], ""targets"": [113], ""lemma"": ""切る""}]"
s1391,"[45, 56]",[95],"[{""kind"": ""word"", ""ja"": ""きのこ"", ""reading"": ""きのこ"", ""en"": ""mushrooms"", ""kanji"": [], ""targets"": [], ""kana_targets"": [95]}, {""kind"": ""particle"", ""kana"": ""を""}, {""kind"": ""word"", ""ja"": ""山"", ""reading"": ""やま"", ""en"": ""mountain"", ""kanji"": [""山""], ""targets"": [45]}, {""kind"": ""particle"", ""kana"": ""で""}, {""kind"": ""word"", ""ja"": ""見ました"", ""reading"": ""みました"", ""en"": ""saw"", ""kanji"": [""見""], ""targets"": [56], ""lemma"": ""見る""}]"
s1392,[60],"[121, 96]","[{""kind"": ""word"", ""ja"": ""パン"", ""reading"": ""ぱん"", ""en"": ""bread"", ""kanji"": [], ""targets"": [], ""kana_targets"": [121]}, {""kind"": ""particle"", ""kana"": ""に""}, {""kind"": ""word"", ""ja"": ""かび"", ""reading"": ""かび"", ""en"": ""mold"", ""kanji"": [], ""targets"": [], ""kana_targets"": [96]}, {""kind"": ""particle"", ""kana"": ""が""}, {""kind"": ""word"", ""ja"": ""出ました"", ""reading"": ""でました"", ""en"": ""appeared"", ""kanji"": [""出""], ""targets"": [60], ""lemma"": ""出る""}]"
s1393,"[284, 276, 62]",[97],"[{""kind"": ""word"", ""ja"": ""ばら"", ""reading"": ""ばら"", ""en"": ""roses"", ""kanji"": [], ""targets"": [], ""kana_targets"": [97]}, {""kind"": ""particle"", ""kana"": ""の""}, {""kind"": ""word"", ""ja"": ""花束"", ""reading"": ""はなたば"", ""en"": ""bouquet"", ""kanji"": [""花"", ""束""], ""targets"": [284, 276]}, {""kind"": ""particle"", ""kana"": ""を""}, {""kind"": ""word"", ""ja"": ""買いました"", ""reading"": ""かいました"", ""en"": ""bought"", ""kanji"": [""買""], ""targets"": [62], ""lemma"": ""買う""}]"
s1394,"[140, 56]",[98],"[{""kind"": ""word"", ""ja"": ""ひまわり"", ""reading"": ""ひまわり"", ""en"": ""sunflowers"", ""kanji"": [], ""targets"": [], ""kana_targets"": [98]}, {""kind"": ""particle"", ""kana"": ""は""}, {""kind"": ""word"", ""ja"": ""東"", ""reading"": ""ひがし"", ""en"": ""east"", ""kanji"": [""東""], ""targets"": [140]}, {""kind"": ""particle"", ""kana"": ""を""}, {""kind"": ""word"", ""ja"": ""見ます"", ""reading"": ""みます"", ""en"": ""face"", ""kanji"": [""見""], ""targets"": [56], ""lemma"": ""見る""}]"
s1395,"[166, 75]",[99],"[{""kind"": ""word"", ""ja"": ""春"", ""reading"": ""はる"", ""en"": ""spring"", ""kanji"": [""春""], ""targets"": [166]}, {""kind"": ""particle"", ""kana"": ""は""}, {""kind"": ""word"", ""ja"": ""たんぽぽ"", ""reading"": ""たんぽぽ"", ""en"": ""dandelions"", ""kanji"": [], ""targets"": [], ""kana_targets"": [99]}, {""kind"": ""particle"", ""kana"": ""が""}, {""kind"": ""word"", ""ja"": ""多い"", ""reading"": ""おおい"", ""en"": ""everywhere"", ""kanji"": [""多""], ""targets"": [75]}, {""kind"": ""particle"", ""kana"": ""です""}]"
s1396,"[160, 289]",[100],"[{""kind"": ""word"", ""ja"": ""ねずみ"", ""reading"": ""ねずみ"", ""en"": ""mouse"", ""kanji"": [], ""targets"": [], ""kana_targets"": [100]}, {""kind"": ""particle"", ""kana"": ""の""}, {""kind"": ""word"", ""ja"": ""足音"", ""reading"": ""あしおと"", ""en"": ""footsteps"", ""kanji"": [""足"", ""音""], ""targets"": [160, 289]}, {""kind"": ""particle"", ""kana"": ""が""}, {""kind"": ""particle"", ""kana"": ""しました""}]"
s1397,"[240, 283, 49]",[102],"[{""kind"": ""word"", ""ja"": ""たぬき"", ""reading"": ""たぬき"", ""en"": ""tanuki"", ""kanji"": [], ""targets"": [], ""kana_targets"": [102]}, {""kind"": ""particle"", ""kana"": ""が""}, {""kind"": ""word"", ""ja"": ""田舎"", ""reading"": ""いなか"", ""en"": ""countryside"", ""kanji"": [""田"", ""舎""], ""targets"": [240, 283]}, {""kind"": ""particle"", ""kana"": ""の""}, {""kind"": ""word"", ""ja"": ""道"", ""reading"": ""みち"", ""en"": ""road"", ""kanji"": [""道""], ""targets"": [49]}, {""kind"": ""particle"", ""kana"": ""に""}, {""kind"": ""particle"", ""kana"": ""いました""}]"
s1398,"[17, 58]","[104, 50]","[{""kind"": ""word"", ""ja"": ""らくだ"", ""reading"": ""らくだ"", ""en"": ""camels"", ""kanji"": [], ""targets"": [], ""kana_targets"": [104]}, {""kind"": ""particle"", ""kana"": ""は""}, {""kind"": ""word"", ""ja"": ""水"", ""reading"": ""みず"", ""en"": ""water"", ""kanji"": [""水""], ""targets"": [17]}, {""kind"": ""particle"", ""kana"": ""を""}, {""kind"": ""word"", ""ja"": ""たくさん"", ""reading"": ""たくさん"", ""en"": ""a lot"", ""kanji"": [], ""targets"": [], ""kana_targets"": [50]}, {""kind"": ""word"", ""ja"": ""飲みます"", ""reading"": ""のみます"", ""en"": ""drink"", ""kanji"": [""飲""], ""targets"": [58], ""lemma"": ""飲む""}]"
s1399,"[18, 265, 57]",[105],"[{""kind"": ""word"", ""ja"": ""きりん"", ""reading"": ""きりん"", ""en"": ""giraffe"", ""kanji"": [], ""targets"": [], ""kana_targets"": [105]}, {""kind"": ""particle"", ""kana"": ""は""}, {""kind"": ""word"", ""ja"": ""木"", ""reading"": ""き"", ""en"": ""tree"", ""kanji"": [""木""], ""targets"": [18]}, {""kind"": ""particle"", ""kana"": ""の""}, {""kind"": ""word"", ""ja"": ""葉"", ""reading"": ""は"", ""en"": ""leaves"", ""kanji"": [""葉""], ""targets"": [265]}, {""kind"": ""particle"", ""kana"": ""を""}, {""kind"": ""word"", ""ja"": ""食べます"", ""reading"": ""たべます"", ""en"": ""eat"", ""kanji"": [""食""], ""targets"": [57], ""lemma"": ""食べる""}]"
s1400,"[245, 30, 148, 269]",[106],"[{""kind"": ""word"", ""ja"": ""いるか"", ""reading"": ""いるか"", ""en"": ""dolphin"", ""kanji"": [], ""targets"": [], ""kana_targets"": [106]}, {""kind"": ""particle"", ""kana"": ""は""}, {""kind"": ""word"", ""ja"": ""海"", ""reading"": ""うみ"", ""en"": ""sea"", ""kanji"": [""海""], ""targets"": [245]}, {""kind"": ""particle"", ""kana"": ""の""}, {""kind"": ""word"", ""ja"": ""人気者"", ""reading"": ""にんきもの"", ""en"": ""popular one"", ""kanji"": [""人"", ""気"", ""者""], ""targets"": [30, 148, 269]}, {""kind"": ""particle"", ""kana"": ""です""}]"
s1401,"[164, 151]",[107],"[{""kind"": ""word"", ""ja"": ""さめ"", ""reading"": ""さめ"", ""en"": ""sharks"", ""kanji"": [], ""targets"": [], ""kana_targets"": [107]}, {""kind"": ""particle"", ""kana"": ""は""}, {""kind"": ""word"", ""ja"": ""夜"", ""reading"": ""よる"", ""en"": ""night"", ""kanji"": [""夜""], ""targets"": [164]}, {""kind"": ""particle"", ""kana"": ""も""}, {""kind"": ""word"", ""ja"": ""休みません"", ""reading"": ""やすみません"", ""en"": ""dont rest"", ""kanji"": [""休""], ""targets"": [151], ""lemma"": ""休む""}]"
s1402,"[157, 42]",[108],"[{""kind"": ""word"", ""ja"": ""わに"", ""reading"": ""わに"", ""en"": ""crocodile"", ""kanji"": [], ""targets"": [], ""kana_targets"": [108]}, {""kind"": ""particle"", ""kana"": ""は""}, {""kind"": ""word"", ""ja"": ""口"", ""reading"": ""くち"", ""en"": ""mouth"", ""kanji"": [""口""], ""targets"": [157]}, {""kind"": ""particle"", ""kana"": ""が""}, {""kind"": ""word"", ""ja"": ""大きい"", ""reading"": ""おおきい"", ""en"": ""big"", ""kanji"": [""大""], ""targets"": [42]}, {""kind"": ""particle"", ""kana"": ""です""}]"
s1403,"[14, 78]",[110],"[{""kind"": ""word"", ""ja"": ""とかげ"", ""reading"": ""とかげ"", ""en"": ""lizard"", ""kanji"": [], ""targets"": [], ""kana_targets"": [110]}, {""kind"": ""particle"", ""kana"": ""は""}, {""kind"": ""word"", ""ja"": ""日"", ""reading"": ""ひ"", ""en"": ""sun"", ""kanji"": [""日""], ""targets"": [14]}, {""kind"": ""particle"", ""kana"": ""が""}, {""kind"": ""word"", ""ja"": ""好き"", ""reading"": ""すき"", ""en"": ""like"", ""kanji"": [""好""], ""targets"": [78]}, {""kind"": ""particle"", ""kana"": ""です""}]"
s1404,"[160, 8, 71]",[111],"[{""kind"": ""word"", ""ja"": ""たこ"", ""reading"": ""たこ"", ""en"": ""octopus"", ""kanji"": [], ""targets"": [], ""kana_targets"": [111]}, {""kind"": ""particle"", ""kana"": ""は""}, {""kind"": ""word"", ""ja"": ""足"", ""reading"": ""あし"", ""en"": ""legs"", ""kanji"": [""足""], ""targets"": [160]}, {""kind"": ""particle"", ""kana"": ""が""}, {""kind"": ""word"", ""ja"": ""八"", ""reading"": ""はっ"", ""en"": ""eight"", ""kanji"": [""八""], ""targets"": [8]}, {""kind"": ""word"", ""ja"": ""本"", ""reading"": ""ぽん"", ""en"": ""(counter: long thin objects)"", ""kanji"": [""本""], ""targets"": [71]}, {""kind"": ""particle"", ""kana"": ""あります""}]"
s1405,"[106, 57]",[112],"[{""kind"": ""word"", ""ja"": ""いか"", ""reading"": ""いか"", ""en"": ""squid"", ""kanji"": [], ""targets"": [], ""kana_targets"": [112]}, {""kind"": ""particle"", ""kana"": ""を""}, {""kind"": ""word"", ""ja"": ""焼いて"", ""reading"": ""やいて"", ""en"": ""grill"", ""kanji"": [""焼""], ""targets"": [106], ""lemma"": ""焼く""}, {""kind"": ""word"", ""ja"": ""食べました"", ""reading"": ""たべました"", ""en"": ""ate"", ""kanji"": [""食""], ""targets"": [57], ""lemma"": ""食べる""}]"
s1406,[69],[113],"[{""kind"": ""word"", ""ja"": ""えび"", ""reading"": ""えび"", ""en"": ""shrimp"", ""kanji"": [], ""targets"": [], ""kana_targets"": [113]}, {""kind"": ""particle"", ""kana"": ""は""}, {""kind"": ""word"", ""ja"": ""高い"", ""reading"": ""たかい"", ""en"": ""expensive"", ""kanji"": [""高""], ""targets"": [69]}, {""kind"": ""particle"", ""kana"": ""です""}]"
s1407,"[290, 175]",[114],"[{""kind"": ""word"", ""ja"": ""あり"", ""reading"": ""あり"", ""en"": ""ants"", ""kanji"": [], ""targets"": [], ""kana_targets"": [114]}, {""kind"": ""particle"", ""kana"": ""は""}, {""kind"": ""word"", ""ja"": ""力持ち"", ""reading"": ""ちからもち"", ""en"": ""strong"", ""kanji"": [""力"", ""持""], ""targets"": [290, 175]}, {""kind"": ""particle"", ""kana"": ""です""}]"
s1408,"[167, 289]",[115],"[{""kind"": ""word"", ""ja"": ""せみ"", ""reading"": ""せみ"", ""en"": ""cicadas"", ""kanji"": [], ""targets"": [], ""kana_targets"": [115]}, {""kind"": ""particle"", ""kana"": ""は""}, {""kind"": ""word"", ""ja"": ""夏"", ""reading"": ""なつ"", ""en"": ""summer"", ""kanji"": [""夏""], ""targets"": [167]}, {""kind"": ""particle"", ""kana"": ""の""}, {""kind"": ""word"", ""ja"": ""音"", ""reading"": ""おと"", ""en"": ""sound"", ""kanji"": [""音""], ""targets"": [289]}, {""kind"": ""particle"", ""kana"": ""です""}]"
s1409,"[265, 39]",[116],"[{""kind"": ""word"", ""ja"": ""くも"", ""reading"": ""くも"", ""en"": ""spider"", ""kanji"": [], ""targets"": [], ""kana_targets"": [116]}, {""kind"": ""particle"", ""kana"": ""が""}, {""kind"": ""word"", ""ja"": ""葉"", ""reading"": ""は"", ""en"": ""leaf"", ""kanji"": [""葉""], ""targets"": [265]}, {""kind"": ""particle"", ""kana"": ""の""}, {""kind"": ""word"", ""ja"": ""上"", ""reading"": ""うえ"", ""en"": ""top"", ""kanji"": [""上""], ""targets"": [39]}, {""kind"": ""particle"", ""kana"": ""に""}, {""kind"": ""particle"", ""kana"": ""います""}]"
s1410,"[164, 60]",[117],"[{""kind"": ""word"", ""ja"": ""夜"", ""reading"": ""よる"", ""en"": ""night"", ""kanji"": [""夜""], ""targets"": [164]}, {""kind"": ""word"", ""ja"": ""ごきぶり"", ""reading"": ""ごきぶり"", ""en"": ""cockroach"", ""kanji"": [], ""targets"": [], ""kana_targets"": [117]}, {""kind"": ""particle"", ""kana"": ""が""}, {""kind"": ""word"", ""ja"": ""出ました"", ""reading"": ""でました"", ""en"": ""appeared"", ""kanji"": [""出""], ""targets"": [60], ""lemma"": ""出る""}]"
s1411,"[158, 42]",[119],"[{""kind"": ""word"", ""ja"": ""ふくろう"", ""reading"": ""ふくろう"", ""en"": ""owls"", ""kanji"": [], ""targets"": [], ""kana_targets"": [119]}, {""kind"": ""particle"", ""kana"": ""は""}, {""kind"": ""word"", ""ja"": ""目"", ""reading"": ""め"", ""en"": ""eyes"", ""kanji"": [""目""], ""targets"": [158]}, {""kind"": ""particle"", ""kana"": ""が""}, {""kind"": ""word"", ""ja"": ""大きい"", ""reading"": ""おおきい"", ""en"": ""big"", ""kanji"": [""大""], ""targets"": [42]}, {""kind"": ""particle"", ""kana"": ""です""}]"
s1412,"[164, 258, 88]",[120],"[{""kind"": ""word"", ""ja"": ""こうもり"", ""reading"": ""こうもり"", ""en"": ""bats"", ""kanji"": [], ""targets"": [], ""kana_targets"": [120]}, {""kind"": ""particle"", ""kana"": ""は""}, {""kind"": ""word"", ""ja"": ""夜"", ""reading"": ""よる"", ""en"": ""night"", ""kanji"": [""夜""], ""targets"": [164]}, {""kind"": ""particle"", ""kana"": ""の""}, {""kind"": ""word"", ""ja"": ""動物"", ""reading"": ""どうぶつ"", ""en"": ""animals"", ""kanji"": [""動"", ""物""], ""targets"": [258, 88]}, {""kind"": ""particle"", ""kana"": ""です""}]"
s1413,[305],"[125, 20]","[{""kind"": ""word"", ""ja"": ""冷たい"", ""reading"": ""つめたい"", ""en"": ""cold"", ""kanji"": [""冷""], ""targets"": [305]}, {""kind"": ""word"", ""ja"": ""ラーメン"", ""reading"": ""らーめん"", ""en"": ""ramen"", ""kanji"": [], ""targets"": [], ""kana_targets"": [125]}, {""kind"": ""particle"", ""kana"": ""も""}, {""kind"": ""word"", ""ja"": ""うまい"", ""reading"": ""うまい"", ""en"": ""good"", ""kanji"": [], ""targets"": [], ""kana_targets"": [20]}, {""kind"": ""particle"", ""kana"": ""です""}]"
s1414,"[82, 259]",[126],"[{""kind"": ""word"", ""ja"": ""カステラ"", ""reading"": ""かすてら"", ""en"": ""castella"", ""kanji"": [], ""targets"": [], ""kana_targets"": [126]}, {""kind"": ""particle"", ""kana"": ""と""}, {""kind"": ""word"", ""ja"": ""お茶"", ""reading"": ""おちゃ"", ""en"": ""tea"", ""kanji"": [""茶""], ""targets"": [82]}, {""kind"": ""particle"", ""kana"": ""は""}, {""kind"": ""word"", ""ja"": ""合います"", ""reading"": ""あいます"", ""en"": ""go together"", ""kanji"": [""合""], ""targets"": [259], ""lemma"": ""合う""}]"
s1415,"[17, 58]",[128],"[{""kind"": ""word"", ""ja"": ""レモン"", ""reading"": ""れもん"", ""en"": ""lemon"", ""kanji"": [], ""targets"": [], ""kana_targets"": [128]}, {""kind"": ""particle"", ""kana"": ""の""}, {""kind"": ""word"", ""ja"": ""水"", ""reading"": ""みず"", ""en"": ""water"", ""kanji"": [""水""], ""targets"": [17]}, {""kind"": ""particle"", ""kana"": ""を""}, {""kind"": ""word"", ""ja"": ""飲みます"", ""reading"": ""のみます"", ""en"": ""drink"", ""kanji"": [""飲""], ""targets"": [58], ""lemma"": ""飲む""}]"
s1416,[162],[129],"[{""kind"": ""word"", ""ja"": ""バナナ"", ""reading"": ""ばなな"", ""en"": ""banana"", ""kanji"": [], ""targets"": [], ""kana_targets"": [129]}, {""kind"": ""particle"", ""kana"": ""は""}, {""kind"": ""word"", ""ja"": ""朝"", ""reading"": ""あさ"", ""en"": ""morning"", ""kanji"": [""朝""], ""targets"": [162]}, {""kind"": ""particle"", ""kana"": ""に""}, {""kind"": ""particle"", ""kana"": ""いい""}, {""kind"": ""particle"", ""kana"": ""です""}]"
s1417,"[167, 85, 86]",[130],"[{""kind"": ""word"", ""ja"": ""トマト"", ""reading"": ""とまと"", ""en"": ""tomatoes"", ""kanji"": [], ""targets"": [], ""kana_targets"": [130]}, {""kind"": ""particle"", ""kana"": ""は""}, {""kind"": ""word"", ""ja"": ""夏"", ""reading"": ""なつ"", ""en"": ""summer"", ""kanji"": [""夏""], ""targets"": [167]}, {""kind"": ""particle"", ""kana"": ""の""}, {""kind"": ""word"", ""ja"": ""野菜"", ""reading"": ""やさい"", ""en"": ""vegetable"", ""kanji"": [""野"", ""菜""], ""targets"": [85, 86]}, {""kind"": ""particle"", ""kana"": ""です""}]"
s1418,[74],[131],"[{""kind"": ""word"", ""ja"": ""キャベツ"", ""reading"": ""きゃべつ"", ""en"": ""cabbage"", ""kanji"": [], ""targets"": [], ""kana_targets"": [131]}, {""kind"": ""particle"", ""kana"": ""は""}, {""kind"": ""word"", ""ja"": ""安くて"", ""reading"": ""やすくて"", ""en"": ""cheap and"", ""kanji"": [""安""], ""targets"": [74], ""lemma"": ""安い""}, {""kind"": ""particle"", ""kana"": ""いい""}, {""kind"": ""particle"", ""kana"": ""です""}]"
s1419,"[168, 104]",[132],"[{""kind"": ""word"", ""ja"": ""カボチャ"", ""reading"": ""かぼちゃ"", ""en"": ""pumpkin"", ""kanji"": [], ""targets"": [], ""kana_targets"": [132]}, {""kind"": ""particle"", ""kana"": ""は""}, {""kind"": ""word"", ""ja"": ""秋"", ""reading"": ""あき"", ""en"": ""autumn"", ""kanji"": [""秋""], ""targets"": [168]}, {""kind"": ""particle"", ""kana"": ""の""}, {""kind"": ""word"", ""ja"": ""味"", ""reading"": ""あじ"", ""en"": ""taste"", ""kanji"": [""味""], ""targets"": [104]}, {""kind"": ""particle"", ""kana"": ""です""}]"
s1420,"[39, 284]",[134],"[{""kind"": ""word"", ""ja"": ""ガラス"", ""reading"": ""がらす"", ""en"": ""glass"", ""kanji"": [], ""targets"": [], ""kana_targets"": [134]}, {""kind"": ""particle"", ""kana"": ""の""}, {""kind"": ""word"", ""ja"": ""上"", ""reading"": ""うえ"", ""en"": ""top"", ""kanji"": [""上""], ""targets"": [39]}, {""kind"": ""particle"", ""kana"": ""に""}, {""kind"": ""word"", ""ja"": ""花"", ""reading"": ""はな"", ""en"": ""flower"", ""kanji"": [""花""], ""targets"": [284]}, {""kind"": ""particle"", ""kana"": ""を""}, {""kind"": ""particle"", ""kana"": ""おきます""}]"
s1421,"[16, 101]",[136],"[{""kind"": ""word"", ""ja"": ""ロウソク"", ""reading"": ""ろうそく"", ""en"": ""candle"", ""kanji"": [], ""targets"": [], ""kana_targets"": [136]}, {""kind"": ""particle"", ""kana"": ""の""}, {""kind"": ""word"", ""ja"": ""火"", ""reading"": ""ひ"", ""en"": ""flame"", ""kanji"": [""火""], ""targets"": [16]}, {""kind"": ""particle"", ""kana"": ""は""}, {""kind"": ""word"", ""ja"": ""美しい"", ""reading"": ""うつくしい"", ""en"": ""beautiful"", ""kanji"": [""美""], ""targets"": [101]}, {""kind"": ""particle"", ""kana"": ""です""}]"
s1422,[34],"[137, 25]","[{""kind"": ""word"", ""ja"": ""マッチ"", ""reading"": ""まっち"", ""en"": ""matches"", ""kanji"": [], ""targets"": [], ""kana_targets"": [137]}, {""kind"": ""particle"", ""kana"": ""は""}, {""kind"": ""word"", ""ja"": ""子ども"", ""reading"": ""こども"", ""en"": ""children"", ""kanji"": [""子""], ""targets"": [34]}, {""kind"": ""particle"", ""kana"": ""に""}, {""kind"": ""word"", ""ja"": ""だめ"", ""reading"": ""だめ"", ""en"": ""not allowed"", ""kanji"": [], ""targets"": [], ""kana_targets"": [25]}, {""kind"": ""particle"", ""kana"": ""です""}]"
s1423,[1],"[138, 266]","[{""kind"": ""word"", ""ja"": ""ボタン"", ""reading"": ""ぼたん"", ""en"": ""button"", ""kanji"": [], ""targets"": [], ""kana_targets"": [138]}, {""kind"": ""particle"", ""kana"": ""を""}, {""kind"": ""word"", ""ja"": ""一つ"", ""reading"": ""ひとつ"", ""en"": ""one"", ""kanji"": [""一""], ""targets"": [1]}, {""kind"": ""word"", ""ja"": ""つけました"", ""reading"": ""つけました"", ""en"": ""sewed on"", ""kanji"": [], ""targets"": [], ""kana_targets"": [266], ""lemma"": ""つける""}]"
s1424,"[16, 148]",[140],"[{""kind"": ""word"", ""ja"": ""ガス"", ""reading"": ""がす"", ""en"": ""gas"", ""kanji"": [], ""targets"": [], ""kana_targets"": [140]}, {""kind"": ""particle"", ""kana"": ""の""}, {""kind"": ""word"", ""ja"": ""火"", ""reading"": ""ひ"", ""en"": ""flame"", ""kanji"": [""火""], ""targets"": [16]}, {""kind"": ""particle"", ""kana"": ""に""}, {""kind"": ""word"", ""ja"": ""気"", ""reading"": ""き"", ""en"": ""care"", ""kanji"": [""気""], ""targets"": [148]}, {""kind"": ""particle"", ""kana"": ""を""}, {""kind"": ""particle"", ""kana"": ""つけます""}]"
s1425,"[40, 35, 144, 64]",[142],"[{""kind"": ""word"", ""ja"": ""ページ"", ""reading"": ""ぺーじ"", ""en"": ""page"", ""kanji"": [], ""targets"": [], ""kana_targets"": [142]}, {""kind"": ""particle"", ""kana"": ""の""}, {""kind"": ""word"", ""ja"": ""下"", ""reading"": ""した"", ""en"": ""bottom"", ""kanji"": [""下""], ""targets"": [40]}, {""kind"": ""particle"", ""kana"": ""に""}, {""kind"": ""word"", ""ja"": ""名前"", ""reading"": ""なまえ"", ""en"": ""name"", ""kanji"": [""名"", ""前""], ""targets"": [35, 144]}, {""kind"": ""particle"", ""kana"": ""を""}, {""kind"": ""word"", ""ja"": ""書きます"", ""reading"": ""かきます"", ""en"": ""write"", ""kanji"": [""書""], ""targets"": [64], ""lemma"": ""書く""}]"
s1426,[60],"[146, 35]","[{""kind"": ""word"", ""ja"": ""ホコリ"", ""reading"": ""ほこり"", ""en"": ""dust"", ""kanji"": [], ""targets"": [], ""kana_targets"": [146]}, {""kind"": ""particle"", ""kana"": ""で""}, {""kind"": ""word"", ""ja"": ""くしゃみ"", ""reading"": ""くしゃみ"", ""en"": ""sneeze"", ""kanji"": [], ""targets"": [], ""kana_targets"": [35]}, {""kind"": ""particle"", ""kana"": ""が""}, {""kind"": ""word"", ""ja"": ""出ました"", ""reading"": ""でました"", ""en"": ""came out"", ""kanji"": [""出""], ""targets"": [60], ""lemma"": ""出る""}]"
s1427,"[186, 52, 60]",[147],"[{""kind"": ""word"", ""ja"": ""カッパ"", ""reading"": ""かっぱ"", ""en"": ""raincoat"", ""kanji"": [], ""targets"": [], ""kana_targets"": [147]}, {""kind"": ""particle"", ""kana"": ""を""}, {""kind"": ""word"", ""ja"": ""着て"", ""reading"": ""きて"", ""en"": ""wear"", ""kanji"": [""着""], ""targets"": [186], ""lemma"": ""着る""}, {""kind"": ""word"", ""ja"": ""外"", ""reading"": ""そと"", ""en"": ""outside"", ""kanji"": [""外""], ""targets"": [52]}, {""kind"": ""particle"", ""kana"": ""に""}, {""kind"": ""word"", ""ja"": ""出ます"", ""reading"": ""でます"", ""en"": ""go"", ""kanji"": [""出""], ""targets"": [60], ""lemma"": ""出る""}]"
s1428,"[297, 56]",[154],"[{""kind"": ""word"", ""ja"": ""カタログ"", ""reading"": ""かたろぐ"", ""en"": ""catalog"", ""kanji"": [], ""targets"": [], ""kana_targets"": [154]}, {""kind"": ""particle"", ""kana"": ""で""}, {""kind"": ""word"", ""ja"": ""服"", ""reading"": ""ふく"", ""en"": ""clothes"", ""kanji"": [""服""], ""targets"": [297]}, {""kind"": ""particle"", ""kana"": ""を""}, {""kind"": ""word"", ""ja"": ""見ます"", ""reading"": ""みます"", ""en"": ""look at"", ""kanji"": [""見""], ""targets"": [56], ""lemma"": ""見る""}]"
s1429,"[94, 42]",[157],"[{""kind"": ""word"", ""ja"": ""アメリカ"", ""reading"": ""あめりか"", ""en"": ""America"", ""kanji"": [], ""targets"": [], ""kana_targets"": [157]}, {""kind"": ""particle"", ""kana"": ""の""}, {""kind"": ""word"", ""ja"": ""車"", ""reading"": ""くるま"", ""en"": ""cars"", ""kanji"": [""車""], ""targets"": [94]}, {""kind"": ""particle"", ""kana"": ""は""}, {""kind"": ""word"", ""ja"": ""大きい"", ""reading"": ""おおきい"", ""en"": ""big"", ""kanji"": [""大""], ""targets"": [42]}, {""kind"": ""particle"", ""kana"": ""です""}]"
s1430,"[149, 44]",[158],"[{""kind"": ""word"", ""ja"": ""イギリス"", ""reading"": ""いぎりす"", ""en"": ""Britain"", ""kanji"": [], ""targets"": [], ""kana_targets"": [158]}, {""kind"": ""particle"", ""kana"": ""は""}, {""kind"": ""word"", ""ja"": ""雨"", ""reading"": ""あめ"", ""en"": ""rain"", ""kanji"": [""雨""], ""targets"": [149]}, {""kind"": ""particle"", ""kana"": ""の""}, {""kind"": ""word"", ""ja"": ""国"", ""reading"": ""くに"", ""en"": ""country"", ""kanji"": [""国""], ""targets"": [44]}, {""kind"": ""particle"", ""kana"": ""です""}]"
s1431,"[221, 35]","[159, 121]","[{""kind"": ""word"", ""ja"": ""フランス"", ""reading"": ""ふらんす"", ""en"": ""France"", ""kanji"": [], ""targets"": [], ""kana_targets"": [159]}, {""kind"": ""particle"", ""kana"": ""の""}, {""kind"": ""word"", ""ja"": ""パン"", ""reading"": ""ぱん"", ""en"": ""bread"", ""kanji"": [], ""targets"": [], ""kana_targets"": [121]}, {""kind"": ""particle"", ""kana"": ""は""}, {""kind"": ""word"", ""ja"": ""有名"", ""reading"": ""ゆうめい"", ""en"": ""famous"", ""kanji"": [""有"", ""名""], ""targets"": [221, 35]}, {""kind"": ""particle"", ""kana"": ""です""}]"
s1432,[],"[160, 123, 20]","[{""kind"": ""word"", ""ja"": ""ドイツ"", ""reading"": ""どいつ"", ""en"": ""Germany"", ""kanji"": [], ""targets"": [], ""kana_targets"": [160]}, {""kind"": ""particle"", ""kana"": ""の""}, {""kind"": ""word"", ""ja"": ""ビール"", ""reading"": ""びーる"", ""en"": ""beer"", ""kanji"": [], ""targets"": [], ""kana_targets"": [123]}, {""kind"": ""particle"", ""kana"": ""は""}, {""kind"": ""word"", ""ja"": ""うまい"", ""reading"": ""うまい"", ""en"": ""good"", ""kanji"": [], ""targets"": [], ""kana_targets"": [20]}, {""kind"": ""particle"", ""kana"": ""です""}]"
s1433,[54],[161],"[{""kind"": ""word"", ""ja"": ""イタリア"", ""reading"": ""いたりあ"", ""en"": ""Italy"", ""kanji"": [], ""targets"": [], ""kana_targets"": [161]}, {""kind"": ""particle"", ""kana"": ""に""}, {""kind"": ""word"", ""ja"": ""行った"", ""reading"": ""いった"", ""en"": ""went"", ""kanji"": [""行""], ""targets"": [54], ""lemma"": ""行く""}, {""kind"": ""particle"", ""kana"": ""こと""}, {""kind"": ""particle"", ""kana"": ""が""}, {""kind"": ""particle"", ""kana"": ""あります""}, {""kind"": ""particle"", ""kana"": ""か""}]"
s1434,"[59, 265, 191]",[162],"[{""kind"": ""word"", ""ja"": ""スペイン"", ""reading"": ""すぺいん"", ""en"": ""Spain"", ""kanji"": [], ""targets"": [], ""kana_targets"": [162]}, {""kind"": ""particle"", ""kana"": ""の""}, {""kind"": ""word"", ""ja"": ""言葉"", ""reading"": ""ことば"", ""en"": ""language"", ""kanji"": [""言"", ""葉""], ""targets"": [59, 265]}, {""kind"": ""particle"", ""kana"": ""を""}, {""kind"": ""word"", ""ja"": ""習います"", ""reading"": ""ならいます"", ""en"": ""learn"", ""kanji"": [""習""], ""targets"": [191], ""lemma"": ""習う""}]"
s1435,"[204, 44]",[163],"[{""kind"": ""word"", ""ja"": ""ロシア"", ""reading"": ""ろしあ"", ""en"": ""Russia"", ""kanji"": [], ""targets"": [], ""kana_targets"": [163]}, {""kind"": ""particle"", ""kana"": ""は""}, {""kind"": ""word"", ""ja"": ""広い"", ""reading"": ""ひろい"", ""en"": ""vast"", ""kanji"": [""広""], ""targets"": [204]}, {""kind"": ""word"", ""ja"": ""国"", ""reading"": ""くに"", ""en"": ""country"", ""kanji"": [""国""], ""targets"": [44]}, {""kind"": ""particle"", ""kana"": ""です""}]"
s1436,"[284, 221, 35]",[164],"[{""kind"": ""word"", ""ja"": ""オランダ"", ""reading"": ""おらんだ"", ""en"": ""Netherlands"", ""kanji"": [], ""targets"": [], ""kana_targets"": [164]}, {""kind"": ""particle"", ""kana"": ""は""}, {""kind"": ""word"", ""ja"": ""花"", ""reading"": ""はな"", ""en"": ""flowers"", ""kanji"": [""花""], ""targets"": [284]}, {""kind"": ""particle"", ""kana"": ""で""}, {""kind"": ""word"", ""ja"": ""有名"", ""reading"": ""ゆうめい"", ""en"": ""famous"", ""kanji"": [""有"", ""名""], ""targets"": [221, 35]}, {""kind"": ""particle"", ""kana"": ""です""}]"
s1437,"[254, 219, 78]",[165],"[{""kind"": ""word"", ""ja"": ""インド"", ""reading"": ""いんど"", ""en"": ""India"", ""kanji"": [], ""targets"": [], ""kana_targets"": [165]}, {""kind"": ""particle"", ""kana"": ""の""}, {""kind"": ""word"", ""ja"": ""料理"", ""reading"": ""りょうり"", ""en"": ""food"", ""kanji"": [""料"", ""理""], ""targets"": [254, 219]}, {""kind"": ""particle"", ""kana"": ""は""}, {""kind"": ""word"", ""ja"": ""好き"", ""reading"": ""すき"", ""en"": ""like"", ""kanji"": [""好""], ""targets"": [78]}, {""kind"": ""particle"", ""kana"": ""です""}, {""kind"": ""particle"", ""kana"": ""か""}]"
s1438,"[59, 265, 75]",[166],"[{""kind"": ""word"", ""ja"": ""アジア"", ""reading"": ""あじあ"", ""en"": ""Asia"", ""kanji"": [], ""targets"": [], ""kana_targets"": [166]}, {""kind"": ""particle"", ""kana"": ""の""}, {""kind"": ""word"", ""ja"": ""言葉"", ""reading"": ""ことば"", ""en"": ""languages"", ""kanji"": [""言"", ""葉""], ""targets"": [59, 265]}, {""kind"": ""particle"", ""kana"": ""は""}, {""kind"": ""word"", ""ja"": ""多い"", ""reading"": ""おおい"", ""en"": ""many"", ""kanji"": [""多""], ""targets"": [75]}, {""kind"": ""particle"", ""kana"": ""です""}]"
s1439,"[169, 77]",[167],"[{""kind"": ""word"", ""ja"": ""ヨーロッパ"", ""reading"": ""よーろっぱ"", ""en"": ""Europe"", ""kanji"": [], ""targets"": [], ""kana_targets"": [167]}, {""kind"": ""particle"", ""kana"": ""の""}, {""kind"": ""word"", ""ja"": ""冬"", ""reading"": ""ふゆ"", ""en"": ""winter"", ""kanji"": [""冬""], ""targets"": [169]}, {""kind"": ""particle"", ""kana"": ""は""}, {""kind"": ""word"", ""ja"": ""長い"", ""reading"": ""ながい"", ""en"": ""long"", ""kanji"": [""長""], ""targets"": [77]}, {""kind"": ""particle"", ""kana"": ""です""}]"
s1440,"[101, 285, 228, 221, 35]",[168],"[{""kind"": ""word"", ""ja"": ""パリ"", ""reading"": ""ぱり"", ""en"": ""Paris"", ""kanji"": [], ""targets"": [], ""kana_targets"": [168]}, {""kind"": ""particle"", ""kana"": ""の""}, {""kind"": ""word"", ""ja"": ""美術館"", ""reading"": ""びじゅつかん"", ""en"": ""art museums"", ""kanji"": [""美"", ""術"", ""館""], ""targets"": [101, 285, 228]}, {""kind"": ""particle"", ""kana"": ""は""}, {""kind"": ""word"", ""ja"": ""有名"", ""reading"": ""ゆうめい"", ""en"": ""famous"", ""kanji"": [""有"", ""名""], ""targets"": [221, 35]}, {""kind"": ""particle"", ""kana"": ""です""}]"
s1441,"[39, 151]",[171],"[{""kind"": ""word"", ""ja"": ""ソファ"", ""reading"": ""そふぁ"", ""en"": ""sofa"", ""kanji"": [], ""targets"": [], ""kana_targets"": [171]}, {""kind"": ""particle"", ""kana"": ""の""}, {""kind"": ""word"", ""ja"": ""上"", ""reading"": ""うえ"", ""en"": ""top"", ""kanji"": [""上""], ""targets"": [39]}, {""kind"": ""particle"", ""kana"": ""で""}, {""kind"": ""word"", ""ja"": ""休みます"", ""reading"": ""やすみます"", ""en"": ""rest"", ""kanji"": [""休""], ""targets"": [151], ""lemma"": ""休む""}]"
s1442,"[2, 62]",[179],"[{""kind"": ""word"", ""ja"": ""マグカップ"", ""reading"": ""まぐかっぷ"", ""en"": ""mug"", ""kanji"": [], ""targets"": [], ""kana_targets"": [179]}, {""kind"": ""particle"", ""kana"": ""を""}, {""kind"": ""word"", ""ja"": ""二つ"", ""reading"": ""ふたつ"", ""en"": ""two"", ""kanji"": [""二""], ""targets"": [2]}, {""kind"": ""word"", ""ja"": ""買いました"", ""reading"": ""かいました"", ""en"": ""bought"", ""kanji"": [""買""], ""targets"": [62], ""lemma"": ""買う""}]"
s1443,"[17, 61]",[180],"[{""kind"": ""word"", ""ja"": ""コップ"", ""reading"": ""こっぷ"", ""en"": ""cup"", ""kanji"": [], ""targets"": [], ""kana_targets"": [180]}, {""kind"": ""particle"", ""kana"": ""に""}, {""kind"": ""word"", ""ja"": ""お水"", ""reading"": ""おみず"", ""en"": ""water"", ""kanji"": [""水""], ""targets"": [17]}, {""kind"": ""particle"", ""kana"": ""を""}, {""kind"": ""word"", ""ja"": ""入れます"", ""reading"": ""いれます"", ""en"": ""pour"", ""kanji"": [""入""], ""targets"": [61], ""lemma"": ""入れる""}]"
s1444,[57],[182],"[{""kind"": ""word"", ""ja"": ""フォーク"", ""reading"": ""ふぉーく"", ""en"": ""fork"", ""kanji"": [], ""targets"": [], ""kana_targets"": [182]}, {""kind"": ""particle"", ""kana"": ""で""}, {""kind"": ""word"", ""ja"": ""食べて"", ""reading"": ""たべて"", ""en"": ""eat"", ""kanji"": [""食""], ""targets"": [57], ""lemma"": ""食べる""}, {""kind"": ""particle"", ""kana"": ""も""}, {""kind"": ""particle"", ""kana"": ""いい""}, {""kind"": ""particle"", ""kana"": ""です""}, {""kind"": ""particle"", ""kana"": ""か""}]"
s1445,[106],"[185, 112]","[{""kind"": ""word"", ""ja"": ""フライパン"", ""reading"": ""ふらいぱん"", ""en"": ""frying pan"", ""kanji"": [], ""targets"": [], ""kana_targets"": [185]}, {""kind"": ""particle"", ""kana"": ""で""}, {""kind"": ""word"", ""ja"": ""いか"", ""reading"": ""いか"", ""en"": ""squid"", ""kanji"": [], ""targets"": [], ""kana_targets"": [112]}, {""kind"": ""particle"", ""kana"": ""を""}, {""kind"": ""word"", ""ja"": ""焼きます"", ""reading"": ""やきます"", ""en"": ""fry"", ""kanji"": [""焼""], ""targets"": [106], ""lemma"": ""焼く""}]"
s1446,"[2, 23, 68]",[189],"[{""kind"": ""word"", ""ja"": ""レンジ"", ""reading"": ""れんじ"", ""en"": ""microwave"", ""kanji"": [], ""targets"": [], ""kana_targets"": [189]}, {""kind"": ""particle"", ""kana"": ""で""}, {""kind"": ""word"", ""ja"": ""二"", ""reading"": ""に"", ""en"": ""two"", ""kanji"": [""二""], ""targets"": [2]}, {""kind"": ""word"", ""ja"": ""分"", ""reading"": ""ふん"", ""en"": ""minutes"", ""kanji"": [""分""], ""targets"": [23]}, {""kind"": ""word"", ""ja"": ""待ちます"", ""reading"": ""まちます"", ""en"": ""wait"", ""kanji"": [""待""], ""targets"": [68], ""lemma"": ""待つ""}]"
s1447,"[89, 61]",[192],"[{""kind"": ""word"", ""ja"": ""タッパー"", ""reading"": ""たっぱー"", ""en"": ""container"", ""kanji"": [], ""targets"": [], ""kana_targets"": [192]}, {""kind"": ""particle"", ""kana"": ""に""}, {""kind"": ""word"", ""ja"": ""ご飯"", ""reading"": ""ごはん"", ""en"": ""rice"", ""kanji"": [""飯""], ""targets"": [89]}, {""kind"": ""particle"", ""kana"": ""を""}, {""kind"": ""word"", ""ja"": ""入れました"", ""reading"": ""いれました"", ""en"": ""put"", ""kanji"": [""入""], ""targets"": [61], ""lemma"": ""入れる""}]"
s1448,"[17, 193]",[193],"[{""kind"": ""word"", ""ja"": ""バケツ"", ""reading"": ""ばけつ"", ""en"": ""bucket"", ""kanji"": [], ""targets"": [], ""kana_targets"": [193]}, {""kind"": ""particle"", ""kana"": ""で""}, {""kind"": ""word"", ""ja"": ""水"", ""reading"": ""みず"", ""en"": ""water"", ""kanji"": [""水""], ""targets"": [17]}, {""kind"": ""particle"", ""kana"": ""を""}, {""kind"": ""word"", ""ja"": ""運びます"", ""reading"": ""はこびます"", ""en"": ""carry"", ""kanji"": [""運""], ""targets"": [193], ""lemma"": ""運ぶ""}]"
s1449,"[289, 42]",[195],"[{""kind"": ""word"", ""ja"": ""テレビ"", ""reading"": ""てれび"", ""en"": ""TV"", ""kanji"": [], ""targets"": [], ""kana_targets"": [195]}, {""kind"": ""particle"", ""kana"": ""の""}, {""kind"": ""word"", ""ja"": ""音"", ""reading"": ""おと"", ""en"": ""sound"", ""kanji"": [""音""], ""targets"": [289]}, {""kind"": ""particle"", ""kana"": ""が""}, {""kind"": ""word"", ""ja"": ""大きい"", ""reading"": ""おおきい"", ""en"": ""loud"", ""kanji"": [""大""], ""targets"": [42]}, {""kind"": ""particle"", ""kana"": ""です""}]"
s1450,[113],[196],"[{""kind"": ""word"", ""ja"": ""エアコン"", ""reading"": ""えあこん"", ""en"": ""AC"", ""kanji"": [], ""targets"": [], ""kana_targets"": [196]}, {""kind"": ""particle"", ""kana"": ""を""}, {""kind"": ""word"", ""ja"": ""切って"", ""reading"": ""きって"", ""en"": ""turn off"", ""kanji"": [""切""], ""targets"": [113], ""lemma"": ""切る""}, {""kind"": ""particle"", ""kana"": ""ください""}]"
s1451,"[169, 144, 1, 299]",[197],"[{""kind"": ""word"", ""ja"": ""冬"", ""reading"": ""ふゆ"", ""en"": ""winter"", ""kanji"": [""冬""], ""targets"": [169]}, {""kind"": ""particle"", ""kana"": ""は""}, {""kind"": ""word"", ""ja"": ""ストーブ"", ""reading"": ""すとーぶ"", ""en"": ""heater"", ""kanji"": [], ""targets"": [], ""kana_targets"": [197]}, {""kind"": ""particle"", ""kana"": ""の""}, {""kind"": ""word"", ""ja"": ""前"", ""reading"": ""まえ"", ""en"": ""front"", ""kanji"": [""前""], ""targets"": [144]}, {""kind"": ""particle"", ""kana"": ""が""}, {""kind"": ""word"", ""ja"": ""一番"", ""reading"": ""いちばん"", ""en"": ""the best"", ""kanji"": [""一"", ""番""], ""targets"": [1, 299]}, {""kind"": ""particle"", ""kana"": ""です""}]"
s1452,[289],"[198, 18]","[{""kind"": ""word"", ""ja"": ""ドライヤー"", ""reading"": ""どらいやー"", ""en"": ""hair dryer"", ""kanji"": [], ""targets"": [], ""kana_targets"": [198]}, {""kind"": ""particle"", ""kana"": ""の""}, {""kind"": ""word"", ""ja"": ""音"", ""reading"": ""おと"", ""en"": ""sound"", ""kanji"": [""音""], ""targets"": [289]}, {""kind"": ""particle"", ""kana"": ""は""}, {""kind"": ""word"", ""ja"": ""うるさい"", ""reading"": ""うるさい"", ""en"": ""loud"", ""kanji"": [], ""targets"": [], ""kana_targets"": [18]}, {""kind"": ""particle"", ""kana"": ""です""}]"
s1453,"[175, 55]",[200],"[{""kind"": ""word"", ""ja"": ""リモコン"", ""reading"": ""りもこん"", ""en"": ""remote"", ""kanji"": [], ""targets"": [], ""kana_targets"": [200]}, {""kind"": ""particle"", ""kana"": ""を""}, {""kind"": ""word"", ""ja"": ""持って"", ""reading"": ""もって"", ""en"": ""holding"", ""kanji"": [""持""], ""targets"": [175], ""lemma"": ""持つ""}, {""kind"": ""word"", ""ja"": ""来て"", ""reading"": ""きて"", ""en"": ""come"", ""kanji"": [""来""], ""targets"": [55], ""lemma"": ""来る""}, {""kind"": ""particle"", ""kana"": ""ください""}]"
s1454,[40],"[201, 174]","[{""kind"": ""word"", ""ja"": ""コンセント"", ""reading"": ""こんせんと"", ""en"": ""outlet"", ""kanji"": [], ""targets"": [], ""kana_targets"": [201]}, {""kind"": ""particle"", ""kana"": ""は""}, {""kind"": ""word"", ""ja"": ""テーブル"", ""reading"": ""てーぶる"", ""en"": ""table"", ""kanji"": [], ""targets"": [], ""kana_targets"": [174]}, {""kind"": ""particle"", ""kana"": ""の""}, {""kind"": ""word"", ""ja"": ""下"", ""reading"": ""した"", ""en"": ""under"", ""kanji"": [""下""], ""targets"": [40]}, {""kind"": ""particle"", ""kana"": ""に""}, {""kind"": ""particle"", ""kana"": ""あります""}]"
s1455,[100],[204],"[{""kind"": ""word"", ""ja"": ""タオル"", ""reading"": ""たおる"", ""en"": ""towel"", ""kanji"": [], ""targets"": [], ""kana_targets"": [204]}, {""kind"": ""particle"", ""kana"": ""で""}, {""kind"": ""word"", ""ja"": ""手"", ""reading"": ""て"", ""en"": ""hands"", ""kanji"": [""手""], ""targets"": [100]}, {""kind"": ""particle"", ""kana"": ""を""}, {""kind"": ""particle"", ""kana"": ""ふきます""}]"
s1456,"[39, 252, 121, 187]",[208],"[{""kind"": ""word"", ""ja"": ""マンション"", ""reading"": ""まんしょん"", ""en"": ""condo"", ""kanji"": [], ""targets"": [], ""kana_targets"": [208]}, {""kind"": ""particle"", ""kana"": ""の""}, {""kind"": ""word"", ""ja"": ""上"", ""reading"": ""うえ"", ""en"": ""upper"", ""kanji"": [""上""], ""targets"": [39]}, {""kind"": ""particle"", ""kana"": ""の""}, {""kind"": ""word"", ""ja"": ""部屋"", ""reading"": ""へや"", ""en"": ""room"", ""kanji"": [""部"", ""屋""], ""targets"": [252, 121]}, {""kind"": ""particle"", ""kana"": ""に""}, {""kind"": ""word"", ""ja"": ""住んでいます"", ""reading"": ""すんでいます"", ""en"": ""live"", ""kanji"": [""住""], ""targets"": [187], ""lemma"": ""住む""}]"
s1457,"[144, 115, 116]",[209],"[{""kind"": ""word"", ""ja"": ""アパート"", ""reading"": ""あぱーと"", ""en"": ""apartment"", ""kanji"": [], ""targets"": [], ""kana_targets"": [209]}, {""kind"": ""particle"", ""kana"": ""の""}, {""kind"": ""word"", ""ja"": ""前"", ""reading"": ""まえ"", ""en"": ""front"", ""kanji"": [""前""], ""targets"": [144]}, {""kind"": ""particle"", ""kana"": ""に""}, {""kind"": ""word"", ""ja"": ""公園"", ""reading"": ""こうえん"", ""en"": ""park"", ""kanji"": [""公"", ""園""], ""targets"": [115, 116]}, {""kind"": ""particle"", ""kana"": ""が""}, {""kind"": ""particle"", ""kana"": ""あります""}]"
s1458,"[10, 22, 195, 50]",[210],"[{""kind"": ""word"", ""ja"": ""デパート"", ""reading"": ""でぱーと"", ""en"": ""department store"", ""kanji"": [], ""targets"": [], ""kana_targets"": [210]}, {""kind"": ""particle"", ""kana"": ""は""}, {""kind"": ""word"", ""ja"": ""十時"", ""reading"": ""じゅうじ"", ""en"": ""10 oclock"", ""kanji"": [""十"", ""時""], ""targets"": [10, 22]}, {""kind"": ""particle"", ""kana"": ""に""}, {""kind"": ""word"", ""ja"": ""開店"", ""reading"": ""かいてん"", ""en"": ""opens"", ""kanji"": [""開"", ""店""], ""targets"": [195, 50]}, {""kind"": ""particle"", ""kana"": ""します""}]"
s1459,[],"[213, 16]","[{""kind"": ""word"", ""ja"": ""トイレ"", ""reading"": ""といれ"", ""en"": ""bathroom"", ""kanji"": [], ""targets"": [], ""kana_targets"": [213]}, {""kind"": ""particle"", ""kana"": ""を""}, {""kind"": ""word"", ""ja"": ""きれい"", ""reading"": ""きれい"", ""en"": ""clean"", ""kanji"": [], ""targets"": [], ""kana_targets"": [16]}, {""kind"": ""particle"", ""kana"": ""に""}, {""kind"": ""particle"", ""kana"": ""します""}]"
s1460,[173],"[214, 269]","[{""kind"": ""word"", ""ja"": ""キッチン"", ""reading"": ""きっちん"", ""en"": ""kitchen"", ""kanji"": [], ""targets"": [], ""kana_targets"": [214]}, {""kind"": ""particle"", ""kana"": ""で""}, {""kind"": ""word"", ""ja"": ""しょうゆ"", ""reading"": ""しょうゆ"", ""en"": ""soy sauce"", ""kanji"": [], ""targets"": [], ""kana_targets"": [269]}, {""kind"": ""particle"", ""kana"": ""を""}, {""kind"": ""word"", ""ja"": ""使います"", ""reading"": ""つかいます"", ""en"": ""use"", ""kanji"": [""使""], ""targets"": [173], ""lemma"": ""使う""}]"
s1461,[],"[215, 98]","[{""kind"": ""word"", ""ja"": ""ベランダ"", ""reading"": ""べらんだ"", ""en"": ""balcony"", ""kanji"": [], ""targets"": [], ""kana_targets"": [215]}, {""kind"": ""particle"", ""kana"": ""に""}, {""kind"": ""word"", ""ja"": ""ひまわり"", ""reading"": ""ひまわり"", ""en"": ""sunflowers"", ""kanji"": [], ""targets"": [], ""kana_targets"": [98]}, {""kind"": ""particle"", ""kana"": ""が""}, {""kind"": ""particle"", ""kana"": ""あります""}]"
s1462,[138],[216],"[{""kind"": ""word"", ""ja"": ""エレベーター"", ""reading"": ""えれべーたー"", ""en"": ""elevator"", ""kanji"": [], ""targets"": [], ""kana_targets"": [216]}, {""kind"": ""particle"", ""kana"": ""は""}, {""kind"": ""word"", ""ja"": ""右"", ""reading"": ""みぎ"", ""en"": ""right"", ""kanji"": [""右""], ""targets"": [138]}, {""kind"": ""particle"", ""kana"": ""に""}, {""kind"": ""particle"", ""kana"": ""あります""}]"
s1463,[190],[217],"[{""kind"": ""word"", ""ja"": ""ホッチキス"", ""reading"": ""ほっちきす"", ""en"": ""stapler"", ""kanji"": [], ""targets"": [], ""kana_targets"": [217]}, {""kind"": ""particle"", ""kana"": ""を""}, {""kind"": ""word"", ""ja"": ""貸して"", ""reading"": ""かして"", ""en"": ""lend"", ""kanji"": [""貸""], ""targets"": [190], ""lemma"": ""貸す""}, {""kind"": ""particle"", ""kana"": ""ください""}]"
s1464,"[255, 184]",[218],"[{""kind"": ""word"", ""ja"": ""セロテープ"", ""reading"": ""せろてーぷ"", ""en"": ""tape"", ""kanji"": [], ""targets"": [], ""kana_targets"": [218]}, {""kind"": ""particle"", ""kana"": ""で""}, {""kind"": ""word"", ""ja"": ""紙"", ""reading"": ""かみ"", ""en"": ""paper"", ""kanji"": [""紙""], ""targets"": [255]}, {""kind"": ""particle"", ""kana"": ""を""}, {""kind"": ""word"", ""ja"": ""止めます"", ""reading"": ""とめます"", ""en"": ""fasten"", ""kanji"": [""止""], ""targets"": [184], ""lemma"": ""止める""}]"
s1465,"[199, 64]",[219],"[{""kind"": ""word"", ""ja"": ""シャーペン"", ""reading"": ""しゃーぺん"", ""en"": ""mechanical pencil"", ""kanji"": [], ""targets"": [], ""kana_targets"": [219]}, {""kind"": ""particle"", ""kana"": ""で""}, {""kind"": ""word"", ""ja"": ""答え"", ""reading"": ""こたえ"", ""en"": ""answers"", ""kanji"": [""答""], ""targets"": [199]}, {""kind"": ""particle"", ""kana"": ""を""}, {""kind"": ""word"", ""ja"": ""書きます"", ""reading"": ""かきます"", ""en"": ""write"", ""kanji"": [""書""], ""targets"": [64], ""lemma"": ""書く""}]"
s1466,"[144, 77]",[221],"[{""kind"": ""word"", ""ja"": ""パソコン"", ""reading"": ""ぱそこん"", ""en"": ""computer"", ""kanji"": [], ""targets"": [], ""kana_targets"": [221]}, {""kind"": ""particle"", ""kana"": ""の""}, {""kind"": ""word"", ""ja"": ""前"", ""reading"": ""まえ"", ""en"": ""front"", ""kanji"": [""前""], ""targets"": [144]}, {""kind"": ""particle"", ""kana"": ""に""}, {""kind"": ""word"", ""ja"": ""長く"", ""reading"": ""ながく"", ""en"": ""for a long time"", ""kanji"": [""長""], ""targets"": [77], ""lemma"": ""長い""}, {""kind"": ""particle"", ""kana"": ""います""}]"
s1467,"[196, 60]",[225],"[{""kind"": ""word"", ""ja"": ""ダンボール"", ""reading"": ""だんぼーる"", ""en"": ""cardboard"", ""kanji"": [], ""targets"": [], ""kana_targets"": [225]}, {""kind"": ""particle"", ""kana"": ""を""}, {""kind"": ""word"", ""ja"": ""集めて"", ""reading"": ""あつめて"", ""en"": ""collect"", ""kanji"": [""集""], ""targets"": [196], ""lemma"": ""集める""}, {""kind"": ""word"", ""ja"": ""出します"", ""reading"": ""だします"", ""en"": ""put out"", ""kanji"": [""出""], ""targets"": [60], ""lemma"": ""出す""}]"
s1468,"[271, 135]",[226],"[{""kind"": ""word"", ""ja"": ""レストラン"", ""reading"": ""れすとらん"", ""en"": ""restaurant"", ""kanji"": [], ""targets"": [], ""kana_targets"": [226]}, {""kind"": ""particle"", ""kana"": ""の""}, {""kind"": ""word"", ""ja"": ""予約"", ""reading"": ""よやく"", ""en"": ""reservation"", ""kanji"": [""予"", ""約""], ""targets"": [271, 135]}, {""kind"": ""particle"", ""kana"": ""を""}, {""kind"": ""particle"", ""kana"": ""しました""}]"
s1469,"[162, 170, 195]",[229],"[{""kind"": ""word"", ""ja"": ""ベーカリー"", ""reading"": ""べーかりー"", ""en"": ""bakery"", ""kanji"": [], ""targets"": [], ""kana_targets"": [229]}, {""kind"": ""particle"", ""kana"": ""は""}, {""kind"": ""word"", ""ja"": ""朝"", ""reading"": ""あさ"", ""en"": ""morning"", ""kanji"": [""朝""], ""targets"": [162]}, {""kind"": ""word"", ""ja"": ""早く"", ""reading"": ""はやく"", ""en"": ""early"", ""kanji"": [""早""], ""targets"": [170]}, {""kind"": ""word"", ""ja"": ""開きます"", ""reading"": ""あきます"", ""en"": ""opens"", ""kanji"": [""開""], ""targets"": [195], ""lemma"": ""開く""}]"
s1470,"[305, 58]","[230, 123]","[{""kind"": ""word"", ""ja"": ""バー"", ""reading"": ""ばー"", ""en"": ""bar"", ""kanji"": [], ""targets"": [], ""kana_targets"": [230]}, {""kind"": ""particle"", ""kana"": ""で""}, {""kind"": ""word"", ""ja"": ""冷たい"", ""reading"": ""つめたい"", ""en"": ""cold"", ""kanji"": [""冷""], ""targets"": [305]}, {""kind"": ""word"", ""ja"": ""ビール"", ""reading"": ""びーる"", ""en"": ""beer"", ""kanji"": [], ""targets"": [], ""kana_targets"": [123]}, {""kind"": ""particle"", ""kana"": ""を""}, {""kind"": ""word"", ""ja"": ""飲みます"", ""reading"": ""のみます"", ""en"": ""drink"", ""kanji"": [""飲""], ""targets"": [58], ""lemma"": ""飲む""}]"
s1471,"[66, 39, 100]",[231],"[{""kind"": ""word"", ""ja"": ""スナック"", ""reading"": ""すなっく"", ""en"": ""hostess bar"", ""kanji"": [], ""targets"": [], ""kana_targets"": [231]}, {""kind"": ""particle"", ""kana"": ""の""}, {""kind"": ""particle"", ""kana"": ""ママ""}, {""kind"": ""particle"", ""kana"": ""は""}, {""kind"": ""word"", ""ja"": ""話"", ""reading"": ""はなし"", ""en"": ""talking"", ""kanji"": [""話""], ""targets"": [66]}, {""kind"": ""particle"", ""kana"": ""が""}, {""kind"": ""word"", ""ja"": ""上手"", ""reading"": ""じょうず"", ""en"": ""good"", ""kanji"": [""上"", ""手""], ""targets"": [39, 100]}, {""kind"": ""particle"", ""kana"": ""です""}]"
s1472,"[3, 22, 26]",[232],"[{""kind"": ""word"", ""ja"": ""カラオケ"", ""reading"": ""からおけ"", ""en"": ""karaoke"", ""kanji"": [], ""targets"": [], ""kana_targets"": [232]}, {""kind"": ""particle"", ""kana"": ""に""}, {""kind"": ""word"", ""ja"": ""三"", ""reading"": ""さん"", ""en"": ""three"", ""kanji"": [""三""], ""targets"": [3]}, {""kind"": ""word"", ""ja"": ""時間"", ""reading"": ""じかん"", ""en"": ""hours"", ""kanji"": [""時"", ""間""], ""targets"": [22, 26]}, {""kind"": ""particle"", ""kana"": ""いました""}]"
s1473,"[19, 173]",[233],"[{""kind"": ""word"", ""ja"": ""ゲーセン"", ""reading"": ""げーせん"", ""en"": ""arcade"", ""kanji"": [], ""targets"": [], ""kana_targets"": [233]}, {""kind"": ""particle"", ""kana"": ""で""}, {""kind"": ""word"", ""ja"": ""お金"", ""reading"": ""おかね"", ""en"": ""money"", ""kanji"": [""金""], ""targets"": [19]}, {""kind"": ""particle"", ""kana"": ""を""}, {""kind"": ""word"", ""ja"": ""使いました"", ""reading"": ""つかいました"", ""en"": ""spent"", ""kanji"": [""使""], ""targets"": [173], ""lemma"": ""使う""}]"
s1474,[],[234],"[{""kind"": ""word"", ""ja"": ""パチンコ"", ""reading"": ""ぱちんこ"", ""en"": ""pachinko"", ""kanji"": [], ""targets"": [], ""kana_targets"": [234]}, {""kind"": ""particle"", ""kana"": ""は""}, {""kind"": ""particle"", ""kana"": ""もう""}, {""kind"": ""particle"", ""kana"": ""しません""}]"
s1475,"[17, 305]",[236],"[{""kind"": ""word"", ""ja"": ""プール"", ""reading"": ""ぷーる"", ""en"": ""pool"", ""kanji"": [], ""targets"": [], ""kana_targets"": [236]}, {""kind"": ""particle"", ""kana"": ""の""}, {""kind"": ""word"", ""ja"": ""水"", ""reading"": ""みず"", ""en"": ""water"", ""kanji"": [""水""], ""targets"": [17]}, {""kind"": ""particle"", ""kana"": ""は""}, {""kind"": ""word"", ""ja"": ""冷たい"", ""reading"": ""つめたい"", ""en"": ""cold"", ""kanji"": [""冷""], ""targets"": [305]}, {""kind"": ""particle"", ""kana"": ""です""}]"
s1476,"[145, 17, 58]",[237],"[{""kind"": ""word"", ""ja"": ""サウナ"", ""reading"": ""さうな"", ""en"": ""sauna"", ""kanji"": [], ""targets"": [], ""kana_targets"": [237]}, {""kind"": ""particle"", ""kana"": ""の""}, {""kind"": ""word"", ""ja"": ""後"", ""reading"": ""あと"", ""en"": ""after"", ""kanji"": [""後""], ""targets"": [145]}, {""kind"": ""particle"", ""kana"": ""に""}, {""kind"": ""word"", ""ja"": ""お水"", ""reading"": ""おみず"", ""en"": ""water"", ""kanji"": [""水""], ""targets"": [17]}, {""kind"": ""particle"", ""kana"": ""を""}, {""kind"": ""word"", ""ja"": ""飲みます"", ""reading"": ""のみます"", ""en"": ""drink"", ""kanji"": [""飲""], ""targets"": [58], ""lemma"": ""飲む""}]"
s1477,"[25, 14, 151]",[238],"[{""kind"": ""word"", ""ja"": ""ネカフェ"", ""reading"": ""ねかふぇ"", ""en"": ""net cafe"", ""kanji"": [], ""targets"": [], ""kana_targets"": [238]}, {""kind"": ""particle"", ""kana"": ""で""}, {""kind"": ""word"", ""ja"": ""半日"", ""reading"": ""はんにち"", ""en"": ""half a day"", ""kanji"": [""半"", ""日""], ""targets"": [25, 14]}, {""kind"": ""word"", ""ja"": ""休みました"", ""reading"": ""やすみました"", ""en"": ""rested"", ""kanji"": [""休""], ""targets"": [151], ""lemma"": ""休む""}]"
s1478,"[289, 42]",[239],"[{""kind"": ""word"", ""ja"": ""ライブハウス"", ""reading"": ""らいぶはうす"", ""en"": ""music venue"", ""kanji"": [], ""targets"": [], ""kana_targets"": [239]}, {""kind"": ""particle"", ""kana"": ""の""}, {""kind"": ""word"", ""ja"": ""音"", ""reading"": ""おと"", ""en"": ""sound"", ""kanji"": [""音""], ""targets"": [289]}, {""kind"": ""particle"", ""kana"": ""は""}, {""kind"": ""word"", ""ja"": ""大きい"", ""reading"": ""おおきい"", ""en"": ""loud"", ""kanji"": [""大""], ""targets"": [42]}, {""kind"": ""particle"", ""kana"": ""です""}]"
s1479,[62],"[240, 143]","[{""kind"": ""word"", ""ja"": ""ドラッグストア"", ""reading"": ""どらっぐすとあ"", ""en"": ""drugstore"", ""kanji"": [], ""targets"": [], ""kana_targets"": [240]}, {""kind"": ""particle"", ""kana"": ""で""}, {""kind"": ""word"", ""ja"": ""ハブラシ"", ""reading"": ""はぶらし"", ""en"": ""toothbrush"", ""kanji"": [], ""targets"": [], ""kana_targets"": [143]}, {""kind"": ""particle"", ""kana"": ""を""}, {""kind"": ""word"", ""ja"": ""買いました"", ""reading"": ""かいました"", ""en"": ""bought"", ""kanji"": [""買""], ""targets"": [62], ""lemma"": ""買う""}]"
s1480,[62],"[241, 224]","[{""kind"": ""word"", ""ja"": ""ホームセンター"", ""reading"": ""ほーむせんたー"", ""en"": ""hardware store"", ""kanji"": [], ""targets"": [], ""kana_targets"": [241]}, {""kind"": ""particle"", ""kana"": ""で""}, {""kind"": ""word"", ""ja"": ""ペンキ"", ""reading"": ""ぺんき"", ""en"": ""paint"", ""kanji"": [], ""targets"": [], ""kana_targets"": [224]}, {""kind"": ""particle"", ""kana"": ""を""}, {""kind"": ""word"", ""ja"": ""買います"", ""reading"": ""かいます"", ""en"": ""buy"", ""kanji"": [""買""], ""targets"": [62], ""lemma"": ""買う""}]"
s1481,"[30, 75]",[242],"[{""kind"": ""word"", ""ja"": ""ショッピングモール"", ""reading"": ""しょっぴんぐもーる"", ""en"": ""mall"", ""kanji"": [], ""targets"": [], ""kana_targets"": [242]}, {""kind"": ""particle"", ""kana"": ""は""}, {""kind"": ""word"", ""ja"": ""人"", ""reading"": ""ひと"", ""en"": ""people"", ""kanji"": [""人""], ""targets"": [30]}, {""kind"": ""particle"", ""kana"": ""が""}, {""kind"": ""word"", ""ja"": ""多い"", ""reading"": ""おおい"", ""en"": ""crowded"", ""kanji"": [""多""], ""targets"": [75]}, {""kind"": ""particle"", ""kana"": ""です""}]"
s1482,"[297, 62]",[243],"[{""kind"": ""word"", ""ja"": ""アウトレット"", ""reading"": ""あうとれっと"", ""en"": ""outlet mall"", ""kanji"": [], ""targets"": [], ""kana_targets"": [243]}, {""kind"": ""particle"", ""kana"": ""で""}, {""kind"": ""word"", ""ja"": ""服"", ""reading"": ""ふく"", ""en"": ""clothes"", ""kanji"": [""服""], ""targets"": [297]}, {""kind"": ""particle"", ""kana"": ""を""}, {""kind"": ""word"", ""ja"": ""買いました"", ""reading"": ""かいました"", ""en"": ""bought"", ""kanji"": [""買""], ""targets"": [62], ""lemma"": ""買う""}]"
s1483,[188],"[244, 141]","[{""kind"": ""word"", ""ja"": ""リサイクルショップ"", ""reading"": ""りさいくるしょっぷ"", ""en"": ""secondhand shop"", ""kanji"": [], ""targets"": [], ""kana_targets"": [244]}, {""kind"": ""particle"", ""kana"": ""に""}, {""kind"": ""word"", ""ja"": ""ランプ"", ""reading"": ""らんぷ"", ""en"": ""lamp"", ""kanji"": [], ""targets"": [], ""kana_targets"": [141]}, {""kind"": ""particle"", ""kana"": ""を""}, {""kind"": ""word"", ""ja"": ""売りました"", ""reading"": ""うりました"", ""en"": ""sold"", ""kanji"": [""売""], ""targets"": [188], ""lemma"": ""売る""}]"
s1484,"[171, 56]","[245, 154]","[{""kind"": ""word"", ""ja"": ""フリマ"", ""reading"": ""ふりま"", ""en"": ""flea market"", ""kanji"": [], ""targets"": [], ""kana_targets"": [245]}, {""kind"": ""particle"", ""kana"": ""で""}, {""kind"": ""word"", ""ja"": ""古い"", ""reading"": ""ふるい"", ""en"": ""old"", ""kanji"": [""古""], ""targets"": [171]}, {""kind"": ""word"", ""ja"": ""カタログ"", ""reading"": ""かたろぐ"", ""en"": ""catalog"", ""kanji"": [], ""targets"": [], ""kana_targets"": [154]}, {""kind"": ""particle"", ""kana"": ""を""}, {""kind"": ""word"", ""ja"": ""見ました"", ""reading"": ""みました"", ""en"": ""found"", ""kanji"": [""見""], ""targets"": [56], ""lemma"": ""見る""}]"
s1485,"[47, 207]",[246],"[{""kind"": ""word"", ""ja"": ""コインランドリー"", ""reading"": ""こいんらんどりー"", ""en"": ""laundromat"", ""kanji"": [], ""targets"": [], ""kana_targets"": [246]}, {""kind"": ""particle"", ""kana"": ""は""}, {""kind"": ""word"", ""ja"": ""駅"", ""reading"": ""えき"", ""en"": ""station"", ""kanji"": [""駅""], ""targets"": [47]}, {""kind"": ""particle"", ""kana"": ""の""}, {""kind"": ""word"", ""ja"": ""近く"", ""reading"": ""ちかく"", ""en"": ""near"", ""kanji"": [""近""], ""targets"": [207]}, {""kind"": ""particle"", ""kana"": ""に""}, {""kind"": ""particle"", ""kana"": ""あります""}]"
s1486,"[297, 60]",[247],"[{""kind"": ""word"", ""ja"": ""クリーニング"", ""reading"": ""くりーにんぐ"", ""en"": ""dry cleaner"", ""kanji"": [], ""targets"": [], ""kana_targets"": [247]}, {""kind"": ""particle"", ""kana"": ""に""}, {""kind"": ""word"", ""ja"": ""服"", ""reading"": ""ふく"", ""en"": ""clothes"", ""kanji"": [""服""], ""targets"": [297]}, {""kind"": ""particle"", ""kana"": ""を""}, {""kind"": ""word"", ""ja"": ""出しました"", ""reading"": ""だしました"", ""en"": ""dropped off"", ""kanji"": [""出""], ""targets"": [60], ""lemma"": ""出す""}]"
s1487,[69],[249],"[{""kind"": ""word"", ""ja"": ""コインパーキング"", ""reading"": ""こいんぱーきんぐ"", ""en"": ""pay parking"", ""kanji"": [], ""targets"": [], ""kana_targets"": [249]}, {""kind"": ""particle"", ""kana"": ""は""}, {""kind"": ""word"", ""ja"": ""高い"", ""reading"": ""たかい"", ""en"": ""expensive"", ""kanji"": [""高""], ""targets"": [69]}, {""kind"": ""particle"", ""kana"": ""です""}]"
s1488,[57],"[250, 76]","[{""kind"": ""word"", ""ja"": ""サービスエリア"", ""reading"": ""さーびすえりあ"", ""en"": ""rest stop"", ""kanji"": [], ""targets"": [], ""kana_targets"": [250]}, {""kind"": ""particle"", ""kana"": ""で""}, {""kind"": ""word"", ""ja"": ""うどん"", ""reading"": ""うどん"", ""en"": ""udon"", ""kanji"": [], ""targets"": [], ""kana_targets"": [76]}, {""kind"": ""particle"", ""kana"": ""を""}, {""kind"": ""word"", ""ja"": ""食べました"", ""reading"": ""たべました"", ""en"": ""ate"", ""kanji"": [""食""], ""targets"": [57], ""lemma"": ""食べる""}]"
s1489,"[38, 68]",[251],"[{""kind"": ""word"", ""ja"": ""ロータリー"", ""reading"": ""ろーたりー"", ""en"": ""plaza"", ""kanji"": [], ""targets"": [], ""kana_targets"": [251]}, {""kind"": ""particle"", ""kana"": ""で""}, {""kind"": ""word"", ""ja"": ""母"", ""reading"": ""はは"", ""en"": ""mother"", ""kanji"": [""母""], ""targets"": [38]}, {""kind"": ""particle"", ""kana"": ""を""}, {""kind"": ""word"", ""ja"": ""待ちます"", ""reading"": ""まちます"", ""en"": ""wait for"", ""kanji"": [""待""], ""targets"": [68], ""lemma"": ""待つ""}]"
s1490,"[149, 14]",[252],"[{""kind"": ""word"", ""ja"": ""アーケード"", ""reading"": ""あーけーど"", ""en"": ""arcade street"", ""kanji"": [], ""targets"": [], ""kana_targets"": [252]}, {""kind"": ""particle"", ""kana"": ""は""}, {""kind"": ""word"", ""ja"": ""雨"", ""reading"": ""あめ"", ""en"": ""rain"", ""kanji"": [""雨""], ""targets"": [149]}, {""kind"": ""particle"", ""kana"": ""の""}, {""kind"": ""word"", ""ja"": ""日"", ""reading"": ""ひ"", ""en"": ""days"", ""kanji"": [""日""], ""targets"": [14]}, {""kind"": ""particle"", ""kana"": ""に""}, {""kind"": ""particle"", ""kana"": ""いい""}, {""kind"": ""particle"", ""kana"": ""です""}]"
s1491,"[15, 29, 14, 195]",[253],"[{""kind"": ""word"", ""ja"": ""ハローワーク"", ""reading"": ""はろーわーく"", ""en"": ""job center"", ""kanji"": [], ""targets"": [], ""kana_targets"": [253]}, {""kind"": ""particle"", ""kana"": ""は""}, {""kind"": ""word"", ""ja"": ""月曜日"", ""reading"": ""げつようび"", ""en"": ""Monday"", ""kanji"": [""月"", ""曜"", ""日""], ""targets"": [15, 29, 14]}, {""kind"": ""particle"", ""kana"": ""から""}, {""kind"": ""word"", ""ja"": ""開いています"", ""reading"": ""あいています"", ""en"": ""is open"", ""kanji"": [""開""], ""targets"": [195], ""lemma"": ""開く""}]"
s1492,"[82, 62]",[255],"[{""kind"": ""word"", ""ja"": ""キオスク"", ""reading"": ""きおすく"", ""en"": ""kiosk"", ""kanji"": [], ""targets"": [], ""kana_targets"": [255]}, {""kind"": ""particle"", ""kana"": ""で""}, {""kind"": ""word"", ""ja"": ""お茶"", ""reading"": ""おちゃ"", ""en"": ""tea"", ""kanji"": [""茶""], ""targets"": [82]}, {""kind"": ""particle"", ""kana"": ""を""}, {""kind"": ""word"", ""ja"": ""買いました"", ""reading"": ""かいました"", ""en"": ""bought"", ""kanji"": [""買""], ""targets"": [62], ""lemma"": ""買う""}]"
s1493,"[3, 11, 72]",[256],"[{""kind"": ""word"", ""ja"": ""コインロッカー"", ""reading"": ""こいんろっかー"", ""en"": ""coin locker"", ""kanji"": [], ""targets"": [], ""kana_targets"": [256]}, {""kind"": ""particle"", ""kana"": ""は""}, {""kind"": ""word"", ""ja"": ""三百"", ""reading"": ""さんびゃく"", ""en"": ""300"", ""kanji"": [""三"", ""百""], ""targets"": [3, 11]}, {""kind"": ""word"", ""ja"": ""円"", ""reading"": ""えん"", ""en"": ""yen"", ""kanji"": [""円""], ""targets"": [72]}, {""kind"": ""particle"", ""kana"": ""です""}]"
s1494,"[2, 14]",[258],"[{""kind"": ""word"", ""ja"": ""ビジネスホテル"", ""reading"": ""びじねすほてる"", ""en"": ""business hotel"", ""kanji"": [], ""targets"": [], ""kana_targets"": [258]}, {""kind"": ""particle"", ""kana"": ""に""}, {""kind"": ""word"", ""ja"": ""二日"", ""reading"": ""ふつか"", ""en"": ""two nights"", ""kanji"": [""二"", ""日""], ""targets"": [2, 14]}, {""kind"": ""word"", ""ja"": ""います"", ""reading"": ""います"", ""en"": ""stay"", ""kanji"": [], ""targets"": []}]"
s1495,"[43, 74]",[259],"[{""kind"": ""word"", ""ja"": ""カプセルホテル"", ""reading"": ""かぷせるほてる"", ""en"": ""capsule hotel"", ""kanji"": [], ""targets"": [], ""kana_targets"": [259]}, {""kind"": ""particle"", ""kana"": ""は""}, {""kind"": ""word"", ""ja"": ""小さくて"", ""reading"": ""ちいさくて"", ""en"": ""small but"", ""kanji"": [""小""], ""targets"": [43], ""lemma"": ""小さい""}, {""kind"": ""word"", ""ja"": ""安い"", ""reading"": ""やすい"", ""en"": ""cheap"", ""kanji"": [""安""], ""targets"": [74]}, {""kind"": ""particle"", ""kana"": ""です""}]"
s1496,"[162, 148, 175]",[260],"[{""kind"": ""word"", ""ja"": ""ペンション"", ""reading"": ""ぺんしょん"", ""en"": ""guesthouse"", ""kanji"": [], ""targets"": [], ""kana_targets"": [260]}, {""kind"": ""particle"", ""kana"": ""の""}, {""kind"": ""word"", ""ja"": ""朝"", ""reading"": ""あさ"", ""en"": ""morning"", ""kanji"": [""朝""], ""targets"": [162]}, {""kind"": ""particle"", ""kana"": ""は""}, {""kind"": ""word"", ""ja"": ""気持ち"", ""reading"": ""きもち"", ""en"": ""feeling"", ""kanji"": [""気"", ""持""], ""targets"": [148, 175]}, {""kind"": ""particle"", ""kana"": ""が""}, {""kind"": ""particle"", ""kana"": ""いい""}, {""kind"": ""particle"", ""kana"": ""です""}]"
s1497,"[39, 48, 56]",[261],"[{""kind"": ""word"", ""ja"": ""タワー"", ""reading"": ""たわー"", ""en"": ""tower"", ""kanji"": [], ""targets"": [], ""kana_targets"": [261]}, {""kind"": ""particle"", ""kana"": ""の""}, {""kind"": ""word"", ""ja"": ""上"", ""reading"": ""うえ"", ""en"": ""top"", ""kanji"": [""上""], ""targets"": [39]}, {""kind"": ""particle"", ""kana"": ""から""}, {""kind"": ""word"", ""ja"": ""町"", ""reading"": ""まち"", ""en"": ""town"", ""kanji"": [""町""], ""targets"": [48]}, {""kind"": ""particle"", ""kana"": ""が""}, {""kind"": ""word"", ""ja"": ""見えます"", ""reading"": ""みえます"", ""en"": ""can see"", ""kanji"": [""見""], ""targets"": [56], ""lemma"": ""見る""}]"
s1498,"[144, 196, 259]",[263],"[{""kind"": ""word"", ""ja"": ""スタジアム"", ""reading"": ""すたじあむ"", ""en"": ""stadium"", ""kanji"": [], ""targets"": [], ""kana_targets"": [263]}, {""kind"": ""particle"", ""kana"": ""の""}, {""kind"": ""word"", ""ja"": ""前"", ""reading"": ""まえ"", ""en"": ""front"", ""kanji"": [""前""], ""targets"": [144]}, {""kind"": ""particle"", ""kana"": ""で""}, {""kind"": ""word"", ""ja"": ""集合"", ""reading"": ""しゅうごう"", ""en"": ""assemble"", ""kanji"": [""集"", ""合""], ""targets"": [196, 259]}, {""kind"": ""particle"", ""kana"": ""します""}]"
s1499,"[293, 294, 56]",[264],"[{""kind"": ""word"", ""ja"": ""シネコン"", ""reading"": ""しねこん"", ""en"": ""multiplex"", ""kanji"": [], ""targets"": [], ""kana_targets"": [264]}, {""kind"": ""particle"", ""kana"": ""で""}, {""kind"": ""word"", ""ja"": ""映画"", ""reading"": ""えいが"", ""en"": ""movie"", ""kanji"": [""映"", ""画""], ""targets"": [293, 294]}, {""kind"": ""particle"", ""kana"": ""を""}, {""kind"": ""word"", ""ja"": ""見ました"", ""reading"": ""みました"", ""en"": ""watched"", ""kanji"": [""見""], ""targets"": [56], ""lemma"": ""見る""}]"
s1500,"[290, 173]",[265],"[{""kind"": ""word"", ""ja"": ""バッティングセンター"", ""reading"": ""ばってぃんぐせんたー"", ""en"": ""batting cages"", ""kanji"": [], ""targets"": [], ""kana_targets"": [265]}, {""kind"": ""particle"", ""kana"": ""で""}, {""kind"": ""word"", ""ja"": ""力"", ""reading"": ""ちから"", ""en"": ""strength"", ""kanji"": [""力""], ""targets"": [290]}, {""kind"": ""particle"", ""kana"": ""を""}, {""kind"": ""word"", ""ja"": ""使いました"", ""reading"": ""つかいました"", ""en"": ""used"", ""kanji"": [""使""], ""targets"": [173], ""lemma"": ""使う""}]"
s1501,"[48, 127, 159, 56]",[],"[{""kind"": ""word"", ""ja"": ""町"", ""reading"": ""まち"", ""en"": ""town"", ""kanji"": [""町""], ""targets"": [48]}, {""kind"": ""particle"", ""kana"": ""の""}, {""kind"": ""word"", ""ja"": ""全体"", ""reading"": ""ぜんたい"", ""en"": ""the whole"", ""kanji"": [""全"", ""体""], ""targets"": [127, 159]}, {""kind"": ""particle"", ""kana"": ""が""}, {""kind"": ""word"", ""ja"": ""見えます"", ""reading"": ""みえます"", ""en"": ""can see"", ""kanji"": [""見""], ""targets"": [56], ""lemma"": ""見る""}]"
s1502,"[296, 99, 297, 158, 67]",[],"[{""kind"": ""word"", ""ja"": ""黒"", ""reading"": ""くろ"", ""en"": ""black"", ""kanji"": [""黒""], ""targets"": [296]}, {""kind"": ""particle"", ""kana"": ""より""}, {""kind"": ""word"", ""ja"": ""白"", ""reading"": ""しろ"", ""en"": ""white"", ""kanji"": [""白""], ""targets"": [99]}, {""kind"": ""particle"", ""kana"": ""の""}, {""kind"": ""word"", ""ja"": ""服"", ""reading"": ""ふく"", ""en"": ""clothes"", ""kanji"": [""服""], ""targets"": [297]}, {""kind"": ""particle"", ""kana"": ""が""}, {""kind"": ""word"", ""ja"": ""目立ちます"", ""reading"": ""めだちます"", ""en"": ""stand out"", ""kanji"": [""目"", ""立""], ""targets"": [158, 67], ""lemma"": ""目立つ""}]"
s1503,"[99, 255, 173]",[220],"[{""kind"": ""word"", ""ja"": ""白紙"", ""reading"": ""はくし"", ""en"": ""blank"", ""kanji"": [""白"", ""紙""], ""targets"": [99, 255]}, {""kind"": ""particle"", ""kana"": ""の""}, {""kind"": ""word"", ""ja"": ""ノート"", ""reading"": ""のーと"", ""en"": ""notebook"", ""kanji"": [], ""targets"": [], ""kana_targets"": [220]}, {""kind"": ""particle"", ""kana"": ""を""}, {""kind"": ""word"", ""ja"": ""使います"", ""reading"": ""つかいます"", ""en"": ""use"", ""kanji"": [""使""], ""targets"": [173], ""lemma"": ""使う""}]"
s1504,"[159, 205]",[67],"[{""kind"": ""word"", ""ja"": ""たばこ"", ""reading"": ""たばこ"", ""en"": ""cigarettes"", ""kanji"": [], ""targets"": [], ""kana_targets"": [67]}, {""kind"": ""particle"", ""kana"": ""は""}, {""kind"": ""word"", ""ja"": ""体"", ""reading"": ""からだ"", ""en"": ""body"", ""kanji"": [""体""], ""targets"": [159]}, {""kind"": ""particle"", ""kana"": ""に""}, {""kind"": ""word"", ""ja"": ""悪い"", ""reading"": ""わるい"", ""en"": ""bad"", ""kanji"": [""悪""], ""targets"": [205]}, {""kind"": ""particle"", ""kana"": ""です""}]"
s1505,"[17, 61]",[150],"[{""kind"": ""word"", ""ja"": ""ジョウロ"", ""reading"": ""じょうろ"", ""en"": ""watering can"", ""kanji"": [], ""targets"": [], ""kana_targets"": [150]}, {""kind"": ""particle"", ""kana"": ""に""}, {""kind"": ""word"", ""ja"": ""水"", ""reading"": ""みず"", ""en"": ""water"", ""kanji"": [""水""], ""targets"": [17]}, {""kind"": ""particle"", ""kana"": ""を""}, {""kind"": ""word"", ""ja"": ""入れます"", ""reading"": ""いれます"", ""en"": ""fill"", ""kanji"": [""入""], ""targets"": [61], ""lemma"": ""入れる""}]"
s1506,[113],"[184, 121]","[{""kind"": ""word"", ""ja"": ""ナイフ"", ""reading"": ""ないふ"", ""en"": ""knife"", ""kanji"": [], ""targets"": [], ""kana_targets"": [184]}, {""kind"": ""particle"", ""kana"": ""で""}, {""kind"": ""word"", ""ja"": ""パン"", ""reading"": ""ぱん"", ""en"": ""bread"", ""kanji"": [], ""targets"": [], ""kana_targets"": [121]}, {""kind"": ""particle"", ""kana"": ""を""}, {""kind"": ""word"", ""ja"": ""切ります"", ""reading"": ""きります"", ""en"": ""cut"", ""kanji"": [""切""], ""targets"": [113], ""lemma"": ""切る""}]"
s1507,"[42, 173]",[186],"[{""kind"": ""word"", ""ja"": ""大きい"", ""reading"": ""おおきい"", ""en"": ""big"", ""kanji"": [""大""], ""targets"": [42]}, {""kind"": ""word"", ""ja"": ""ボウル"", ""reading"": ""ぼうる"", ""en"": ""bowl"", ""kanji"": [], ""targets"": [], ""kana_targets"": [186]}, {""kind"": ""particle"", ""kana"": ""を""}, {""kind"": ""word"", ""ja"": ""使います"", ""reading"": ""つかいます"", ""en"": ""use"", ""kanji"": [""使""], ""targets"": [173], ""lemma"": ""使う""}]"
s1508,"[171, 97, 283, 78]",[],"[{""kind"": ""word"", ""ja"": ""古い"", ""reading"": ""ふるい"", ""en"": ""old"", ""kanji"": [""古""], ""targets"": [171]}, {""kind"": ""word"", ""ja"": ""校舎"", ""reading"": ""こうしゃ"", ""en"": ""school building"", ""kanji"": [""校"", ""舎""], ""targets"": [97, 283]}, {""kind"": ""particle"", ""kana"": ""が""}, {""kind"": ""word"", ""ja"": ""好き"", ""reading"": ""すき"", ""en"": ""like"", ""kanji"": [""好""], ""targets"": [78]}, {""kind"": ""particle"", ""kana"": ""です""}]"
s1509,"[10, 1, 15, 295, 305]",[],"[{""kind"": ""word"", ""ja"": ""十一月"", ""reading"": ""じゅういちがつ"", ""en"": ""November"", ""kanji"": [""十"", ""一"", ""月""], ""targets"": [10, 1, 15]}, {""kind"": ""particle"", ""kana"": ""は""}, {""kind"": ""word"", ""ja"": ""風"", ""reading"": ""かぜ"", ""en"": ""wind"", ""kanji"": [""風""], ""targets"": [295]}, {""kind"": ""particle"", ""kana"": ""が""}, {""kind"": ""word"", ""ja"": ""冷たい"", ""reading"": ""つめたい"", ""en"": ""cold"", ""kanji"": [""冷""], ""targets"": [305]}, {""kind"": ""particle"", ""kana"": ""です""}]"
s1510,"[10, 2, 15, 253, 122, 75]",[],"[{""kind"": ""word"", ""ja"": ""十二月"", ""reading"": ""じゅうにがつ"", ""en"": ""December"", ""kanji"": [""十"", ""二"", ""月""], ""targets"": [10, 2, 15]}, {""kind"": ""particle"", ""kana"": ""は""}, {""kind"": ""word"", ""ja"": ""仕事"", ""reading"": ""しごと"", ""en"": ""work"", ""kanji"": [""仕"", ""事""], ""targets"": [253, 122]}, {""kind"": ""particle"", ""kana"": ""が""}, {""kind"": ""word"", ""ja"": ""多い"", ""reading"": ""おおい"", ""en"": ""busy"", ""kanji"": [""多""], ""targets"": [75]}, {""kind"": ""particle"", ""kana"": ""です""}]"
s1511,"[307, 115, 116, 183]",[],"[{""kind"": ""word"", ""ja"": ""犬"", ""reading"": ""いぬ"", ""en"": ""dog"", ""kanji"": [""犬""], ""targets"": [307]}, {""kind"": ""particle"", ""kana"": ""と""}, {""kind"": ""word"", ""ja"": ""公園"", ""reading"": ""こうえん"", ""en"": ""park"", ""kanji"": [""公"", ""園""], ""targets"": [115, 116]}, {""kind"": ""particle"", ""kana"": ""を""}, {""kind"": ""word"", ""ja"": ""歩きます"", ""reading"": ""あるきます"", ""en"": ""walk"", ""kanji"": [""歩""], ""targets"": [183], ""lemma"": ""歩く""}]"
s1512,"[34, 307, 98]",[],"[{""kind"": ""word"", ""ja"": ""子犬"", ""reading"": ""こいぬ"", ""en"": ""puppies"", ""kanji"": [""子"", ""犬""], ""targets"": [34, 307]}, {""kind"": ""particle"", ""kana"": ""が""}, {""kind"": ""word"", ""ja"": ""生まれました"", ""reading"": ""うまれました"", ""en"": ""were born"", ""kanji"": [""生""], ""targets"": [98], ""lemma"": ""生まれる""}]"
s1513,"[299, 307, 74, 161]",[],"[{""kind"": ""word"", ""ja"": ""番犬"", ""reading"": ""ばんけん"", ""en"": ""watchdog"", ""kanji"": [""番"", ""犬""], ""targets"": [299, 307]}, {""kind"": ""particle"", ""kana"": ""が""}, {""kind"": ""particle"", ""kana"": ""いる""}, {""kind"": ""particle"", ""kana"": ""から""}, {""kind"": ""word"", ""ja"": ""安心"", ""reading"": ""あんしん"", ""en"": ""at ease"", ""kanji"": [""安"", ""心""], ""targets"": [74, 161]}, {""kind"": ""particle"", ""kana"": ""です""}]"
s1514,"[308, 81, 78]",[],"[{""kind"": ""word"", ""ja"": ""猫"", ""reading"": ""ねこ"", ""en"": ""cats"", ""kanji"": [""猫""], ""targets"": [308]}, {""kind"": ""particle"", ""kana"": ""は""}, {""kind"": ""word"", ""ja"": ""魚"", ""reading"": ""さかな"", ""en"": ""fish"", ""kanji"": [""魚""], ""targets"": [81]}, {""kind"": ""particle"", ""kana"": ""が""}, {""kind"": ""word"", ""ja"": ""好き"", ""reading"": ""すき"", ""en"": ""like"", ""kanji"": [""好""], ""targets"": [78]}, {""kind"": ""particle"", ""kana"": ""です""}]"
s1515,"[34, 308, 40]",[174],"[{""kind"": ""word"", ""ja"": ""子猫"", ""reading"": ""こねこ"", ""en"": ""kitten"", ""kanji"": [""子"", ""猫""], ""targets"": [34, 308]}, {""kind"": ""particle"", ""kana"": ""が""}, {""kind"": ""word"", ""ja"": ""テーブル"", ""reading"": ""てーぶる"", ""en"": ""table"", ""kanji"": [], ""targets"": [], ""kana_targets"": [174]}, {""kind"": ""particle"", ""kana"": ""の""}, {""kind"": ""word"", ""ja"": ""下"", ""reading"": ""した"", ""en"": ""under"", ""kanji"": [""下""], ""targets"": [40]}, {""kind"": ""particle"", ""kana"": ""に""}, {""kind"": ""particle"", ""kana"": ""います""}]"
s1516,"[296, 308, 49, 183]",[],"[{""kind"": ""word"", ""ja"": ""黒猫"", ""reading"": ""くろねこ"", ""en"": ""black cat"", ""kanji"": [""黒"", ""猫""], ""targets"": [296, 308]}, {""kind"": ""particle"", ""kana"": ""が""}, {""kind"": ""word"", ""ja"": ""道"", ""reading"": ""みち"", ""en"": ""street"", ""kanji"": [""道""], ""targets"": [49]}, {""kind"": ""particle"", ""kana"": ""を""}, {""kind"": ""word"", ""ja"": ""歩いています"", ""reading"": ""あるいています"", ""en"": ""is walking"", ""kanji"": [""歩""], ""targets"": [183], ""lemma"": ""歩く""}]"
s1517,"[262, 54, 309]",[],"[{""kind"": ""word"", ""ja"": ""旅行"", ""reading"": ""りょこう"", ""en"": ""traveling"", ""kanji"": [""旅"", ""行""], ""targets"": [262, 54]}, {""kind"": ""particle"", ""kana"": ""は""}, {""kind"": ""word"", ""ja"": ""楽しい"", ""reading"": ""たのしい"", ""en"": ""fun"", ""kanji"": [""楽""], ""targets"": [309]}, {""kind"": ""particle"", ""kana"": ""です""}]"
s1518,"[289, 309, 65, 151]",[],"[{""kind"": ""word"", ""ja"": ""音楽"", ""reading"": ""おんがく"", ""en"": ""music"", ""kanji"": [""音"", ""楽""], ""targets"": [289, 309]}, {""kind"": ""particle"", ""kana"": ""を""}, {""kind"": ""word"", ""ja"": ""聞いて"", ""reading"": ""きいて"", ""en"": ""listen"", ""kanji"": [""聞""], ""targets"": [65], ""lemma"": ""聞く""}, {""kind"": ""word"", ""ja"": ""休みます"", ""reading"": ""やすみます"", ""en"": ""relax"", ""kanji"": [""休""], ""targets"": [151], ""lemma"": ""休む""}]"
s1519,"[253, 122, 309]",[],"[{""kind"": ""word"", ""ja"": ""この"", ""reading"": ""この"", ""en"": ""this"", ""kanji"": [], ""targets"": []}, {""kind"": ""word"", ""ja"": ""仕事"", ""reading"": ""しごと"", ""en"": ""job"", ""kanji"": [""仕"", ""事""], ""targets"": [253, 122]}, {""kind"": ""particle"", ""kana"": ""は""}, {""kind"": ""word"", ""ja"": ""楽"", ""reading"": ""らく"", ""en"": ""easy"", ""kanji"": [""楽""], ""targets"": [309]}, {""kind"": ""particle"", ""kana"": ""です""}]"
s1520,"[148, 309, 66]",[],"[{""kind"": ""word"", ""ja"": ""気楽"", ""reading"": ""きらく"", ""en"": ""relaxed"", ""kanji"": [""気"", ""楽""], ""targets"": [148, 309]}, {""kind"": ""particle"", ""kana"": ""に""}, {""kind"": ""word"", ""ja"": ""話して"", ""reading"": ""はなして"", ""en"": ""talk"", ""kanji"": [""話""], ""targets"": [66], ""lemma"": ""話す""}, {""kind"": ""particle"", ""kana"": ""ください""}]"
s1521,"[164, 170, 310]",[],"[{""kind"": ""word"", ""ja"": ""夜"", ""reading"": ""よる"", ""en"": ""night"", ""kanji"": [""夜""], ""targets"": [164]}, {""kind"": ""particle"", ""kana"": ""は""}, {""kind"": ""word"", ""ja"": ""早く"", ""reading"": ""はやく"", ""en"": ""early"", ""kanji"": [""早""], ""targets"": [170]}, {""kind"": ""word"", ""ja"": ""寝ます"", ""reading"": ""ねます"", ""en"": ""sleep"", ""kanji"": [""寝""], ""targets"": [310], ""lemma"": ""寝る""}]"
s1522,"[163, 89, 145, 310]",[],"[{""kind"": ""word"", ""ja"": ""昼ご飯"", ""reading"": ""ひるごはん"", ""en"": ""lunch"", ""kanji"": [""昼"", ""飯""], ""targets"": [163, 89]}, {""kind"": ""particle"", ""kana"": ""の""}, {""kind"": ""word"", ""ja"": ""後"", ""reading"": ""あと"", ""en"": ""after"", ""kanji"": [""後""], ""targets"": [145]}, {""kind"": ""particle"", ""kana"": ""に""}, {""kind"": ""word"", ""ja"": ""昼寝"", ""reading"": ""ひるね"", ""en"": ""nap"", ""kanji"": [""昼"", ""寝""], ""targets"": [163, 310]}, {""kind"": ""particle"", ""kana"": ""を""}, {""kind"": ""particle"", ""kana"": ""します""}]"
s1523,"[310, 229]","[173, 70]","[{""kind"": ""word"", ""ja"": ""寝室"", ""reading"": ""しんしつ"", ""en"": ""bedroom"", ""kanji"": [""寝"", ""室""], ""targets"": [310, 229]}, {""kind"": ""particle"", ""kana"": ""に""}, {""kind"": ""word"", ""ja"": ""ベッド"", ""reading"": ""べっど"", ""en"": ""bed"", ""kanji"": [], ""targets"": [], ""kana_targets"": [173]}, {""kind"": ""particle"", ""kana"": ""と""}, {""kind"": ""word"", ""ja"": ""たんす"", ""reading"": ""たんす"", ""en"": ""dresser"", ""kanji"": [], ""targets"": [], ""kana_targets"": [70]}, {""kind"": ""particle"", ""kana"": ""が""}, {""kind"": ""particle"", ""kana"": ""あります""}]"
s1524,"[310, 212, 160, 162, 60]",[36],"[{""kind"": ""word"", ""ja"": ""寝不足"", ""reading"": ""ねぶそく"", ""en"": ""lack of sleep"", ""kanji"": [""寝"", ""不"", ""足""], ""targets"": [310, 212, 160]}, {""kind"": ""particle"", ""kana"": ""で""}, {""kind"": ""word"", ""ja"": ""朝"", ""reading"": ""あさ"", ""en"": ""morning"", ""kanji"": [""朝""], ""targets"": [162]}, {""kind"": ""particle"", ""kana"": ""から""}, {""kind"": ""word"", ""ja"": ""あくび"", ""reading"": ""あくび"", ""en"": ""yawns"", ""kanji"": [], ""targets"": [], ""kana_targets"": [36]}, {""kind"": ""particle"", ""kana"": ""が""}, {""kind"": ""word"", ""ja"": ""出ます"", ""reading"": ""でます"", ""en"": ""come out"", ""kanji"": [""出""], ""targets"": [60], ""lemma"": ""出る""}]"
s1525,"[34, 115, 116, 311]",[],"[{""kind"": ""word"", ""ja"": ""子ども"", ""reading"": ""こども"", ""en"": ""children"", ""kanji"": [""子""], ""targets"": [34]}, {""kind"": ""particle"", ""kana"": ""が""}, {""kind"": ""word"", ""ja"": ""公園"", ""reading"": ""こうえん"", ""en"": ""park"", ""kanji"": [""公"", ""園""], ""targets"": [115, 116]}, {""kind"": ""particle"", ""kana"": ""で""}, {""kind"": ""word"", ""ja"": ""遊んでいます"", ""reading"": ""あそんでいます"", ""en"": ""are playing"", ""kanji"": [""遊""], ""targets"": [311], ""lemma"": ""遊ぶ""}]"
s1526,"[311, 22, 26, 181]",[],"[{""kind"": ""word"", ""ja"": ""遊び"", ""reading"": ""あそび"", ""en"": ""playtime"", ""kanji"": [""遊""], ""targets"": [311]}, {""kind"": ""particle"", ""kana"": ""の""}, {""kind"": ""word"", ""ja"": ""時間"", ""reading"": ""じかん"", ""en"": ""time"", ""kanji"": [""時"", ""間""], ""targets"": [22, 26]}, {""kind"": ""particle"", ""kana"": ""は""}, {""kind"": ""word"", ""ja"": ""終わり"", ""reading"": ""おわり"", ""en"": ""over"", ""kanji"": [""終""], ""targets"": [181]}, {""kind"": ""particle"", ""kana"": ""です""}]"
s1527,"[311, 116, 226, 54, 266, 88]",[],"[{""kind"": ""word"", ""ja"": ""遊園地"", ""reading"": ""ゆうえんち"", ""en"": ""amusement park"", ""kanji"": [""遊"", ""園"", ""地""], ""targets"": [311, 116, 226]}, {""kind"": ""particle"", ""kana"": ""に""}, {""kind"": ""word"", ""ja"": ""行って"", ""reading"": ""いって"", ""en"": ""go"", ""kanji"": [""行""], ""targets"": [54], ""lemma"": ""行く""}, {""kind"": ""word"", ""ja"": ""乗り物"", ""reading"": ""のりもの"", ""en"": ""rides"", ""kanji"": [""乗"", ""物""], ""targets"": [266, 88]}, {""kind"": ""particle"", ""kana"": ""に""}, {""kind"": ""word"", ""ja"": ""乗りました"", ""reading"": ""のりました"", ""en"": ""rode"", ""kanji"": [""乗""], ""targets"": [266], ""lemma"": ""乗る""}]"
s1528,"[46, 34, 311, 117]",[],"[{""kind"": ""word"", ""ja"": ""川"", ""reading"": ""かわ"", ""en"": ""river"", ""kanji"": [""川""], ""targets"": [46]}, {""kind"": ""particle"", ""kana"": ""は""}, {""kind"": ""word"", ""ja"": ""子ども"", ""reading"": ""こども"", ""en"": ""children"", ""kanji"": [""子""], ""targets"": [34]}, {""kind"": ""particle"", ""kana"": ""の""}, {""kind"": ""word"", ""ja"": ""遊び場"", ""reading"": ""あそびば"", ""en"": ""playground"", ""kanji"": [""遊"", ""場""], ""targets"": [311, 117]}, {""kind"": ""particle"", ""kana"": ""でした""}]"
s1529,"[34, 312]",[17],"[{""kind"": ""word"", ""ja"": ""その"", ""reading"": ""その"", ""en"": ""that"", ""kanji"": [], ""targets"": []}, {""kind"": ""word"", ""ja"": ""子"", ""reading"": ""こ"", ""en"": ""child"", ""kanji"": [""子""], ""targets"": [34]}, {""kind"": ""particle"", ""kana"": ""の""}, {""kind"": ""word"", ""ja"": ""顔"", ""reading"": ""かお"", ""en"": ""face"", ""kanji"": [""顔""], ""targets"": [312]}, {""kind"": ""particle"", ""kana"": ""は""}, {""kind"": ""word"", ""ja"": ""かわいい"", ""reading"": ""かわいい"", ""en"": ""cute"", ""kanji"": [], ""targets"": [], ""kana_targets"": [17]}, {""kind"": ""particle"", ""kana"": ""です""}]"
s1530,"[162, 312, 17]",[],"[{""kind"": ""word"", ""ja"": ""朝顔"", ""reading"": ""あさがお"", ""en"": ""morning glories"", ""kanji"": [""朝"", ""顔""], ""targets"": [162, 312]}, {""kind"": ""particle"", ""kana"": ""に""}, {""kind"": ""word"", ""ja"": ""水"", ""reading"": ""みず"", ""en"": ""water"", ""kanji"": [""水""], ""targets"": [17]}, {""kind"": ""particle"", ""kana"": ""を""}, {""kind"": ""particle"", ""kana"": ""あげます""}]"
s1531,"[34, 310, 312]",[17],"[{""kind"": ""word"", ""ja"": ""子ども"", ""reading"": ""こども"", ""en"": ""child"", ""kanji"": [""子""], ""targets"": [34]}, {""kind"": ""particle"", ""kana"": ""の""}, {""kind"": ""word"", ""ja"": ""寝顔"", ""reading"": ""ねがお"", ""en"": ""sleeping face"", ""kanji"": [""寝"", ""顔""], ""targets"": [310, 312]}, {""kind"": ""particle"", ""kana"": ""は""}, {""kind"": ""word"", ""ja"": ""かわいい"", ""reading"": ""かわいい"", ""en"": ""adorable"", ""kanji"": [], ""targets"": [], ""kana_targets"": [17]}, {""kind"": ""particle"", ""kana"": ""です""}]"
s1532,"[146, 98, 313, 65]",[],"[{""kind"": ""word"", ""ja"": ""先生"", ""reading"": ""せんせい"", ""en"": ""teacher"", ""kanji"": [""先"", ""生""], ""targets"": [146, 98]}, {""kind"": ""particle"", ""kana"": ""の""}, {""kind"": ""word"", ""ja"": ""声"", ""reading"": ""こえ"", ""en"": ""voice"", ""kanji"": [""声""], ""targets"": [313]}, {""kind"": ""particle"", ""kana"": ""が""}, {""kind"": ""word"", ""ja"": ""よく"", ""reading"": ""よく"", ""en"": ""well"", ""kanji"": [], ""targets"": []}, {""kind"": ""word"", ""ja"": ""聞こえます"", ""reading"": ""きこえます"", ""en"": ""can be heard"", ""kanji"": [""聞""], ""targets"": [65], ""lemma"": ""聞こえる""}]"
s1533,"[42, 313, 60]",[],"[{""kind"": ""word"", ""ja"": ""大声"", ""reading"": ""おおごえ"", ""en"": ""loud voice"", ""kanji"": [""大"", ""声""], ""targets"": [42, 313]}, {""kind"": ""particle"", ""kana"": ""を""}, {""kind"": ""word"", ""ja"": ""出さないで"", ""reading"": ""ださないで"", ""en"": ""dont raise"", ""kanji"": [""出""], ""targets"": [60], ""lemma"": ""出す""}, {""kind"": ""particle"", ""kana"": ""ください""}]"
s1534,"[227, 64, 228, 43, 313, 66]",[],"[{""kind"": ""word"", ""ja"": ""図書館"", ""reading"": ""としょかん"", ""en"": ""library"", ""kanji"": [""図"", ""書"", ""館""], ""targets"": [227, 64, 228]}, {""kind"": ""particle"", ""kana"": ""で""}, {""kind"": ""particle"", ""kana"": ""は""}, {""kind"": ""word"", ""ja"": ""小声"", ""reading"": ""こごえ"", ""en"": ""whisper"", ""kanji"": [""小"", ""声""], ""targets"": [43, 313]}, {""kind"": ""particle"", ""kana"": ""で""}, {""kind"": ""word"", ""ja"": ""話します"", ""reading"": ""はなします"", ""en"": ""talk"", ""kanji"": [""話""], ""targets"": [66], ""lemma"": ""話す""}]"
s1535,"[289, 313, 42]",[],"[{""kind"": ""word"", ""ja"": ""音声"", ""reading"": ""おんせい"", ""en"": ""volume"", ""kanji"": [""音"", ""声""], ""targets"": [289, 313]}, {""kind"": ""particle"", ""kana"": ""を""}, {""kind"": ""word"", ""ja"": ""大きく"", ""reading"": ""おおきく"", ""en"": ""louder"", ""kanji"": [""大""], ""targets"": [42], ""lemma"": ""大きい""}, {""kind"": ""particle"", ""kana"": ""して""}, {""kind"": ""particle"", ""kana"": ""ください""}]"
s1536,"[160, 314]",[],"[{""kind"": ""word"", ""ja"": ""足"", ""reading"": ""あし"", ""en"": ""leg"", ""kanji"": [""足""], ""targets"": [160]}, {""kind"": ""particle"", ""kana"": ""が""}, {""kind"": ""word"", ""ja"": ""痛い"", ""reading"": ""いたい"", ""en"": ""hurts"", ""kanji"": [""痛""], ""targets"": [314]}, {""kind"": ""particle"", ""kana"": ""です""}]"
s1537,"[314, 184]",[],"[{""kind"": ""word"", ""ja"": ""痛み"", ""reading"": ""いたみ"", ""en"": ""pain"", ""kanji"": [""痛""], ""targets"": [314]}, {""kind"": ""particle"", ""kana"": ""が""}, {""kind"": ""word"", ""ja"": ""止まりません"", ""reading"": ""とまりません"", ""en"": ""wont stop"", ""kanji"": [""止""], ""targets"": [184], ""lemma"": ""止まる""}]"
s1538,"[314, 184, 58]",[],"[{""kind"": ""word"", ""ja"": ""痛み止め"", ""reading"": ""いたみどめ"", ""en"": ""painkiller"", ""kanji"": [""痛"", ""止""], ""targets"": [314, 184]}, {""kind"": ""particle"", ""kana"": ""を""}, {""kind"": ""word"", ""ja"": ""飲みました"", ""reading"": ""のみました"", ""en"": ""took"", ""kanji"": [""飲""], ""targets"": [58], ""lemma"": ""飲む""}]"
s1539,"[52, 315]",[],"[{""kind"": ""word"", ""ja"": ""外"", ""reading"": ""そと"", ""en"": ""outside"", ""kanji"": [""外""], ""targets"": [52]}, {""kind"": ""particle"", ""kana"": ""は""}, {""kind"": ""word"", ""ja"": ""寒い"", ""reading"": ""さむい"", ""en"": ""cold"", ""kanji"": [""寒""], ""targets"": [315]}, {""kind"": ""particle"", ""kana"": ""です""}]"
s1540,"[315, 100, 314]",[],"[{""kind"": ""word"", ""ja"": ""寒さ"", ""reading"": ""さむさ"", ""en"": ""the cold"", ""kanji"": [""寒""], ""targets"": [315]}, {""kind"": ""particle"", ""kana"": ""で""}, {""kind"": ""word"", ""ja"": ""手"", ""reading"": ""て"", ""en"": ""hands"", ""kanji"": [""手""], ""targets"": [100]}, {""kind"": ""particle"", ""kana"": ""が""}, {""kind"": ""word"", ""ja"": ""痛く"", ""reading"": ""いたく"", ""en"": ""painful"", ""kanji"": [""痛""], ""targets"": [314], ""lemma"": ""痛い""}, {""kind"": ""particle"", ""kana"": ""なりました""}]"
s1541,"[315, 148, 170, 179]",[],"[{""kind"": ""word"", ""ja"": ""寒気"", ""reading"": ""さむけ"", ""en"": ""chills"", ""kanji"": [""寒"", ""気""], ""targets"": [315, 148]}, {""kind"": ""particle"", ""kana"": ""が""}, {""kind"": ""particle"", ""kana"": ""して""}, {""kind"": ""word"", ""ja"": ""早く"", ""reading"": ""はやく"", ""en"": ""early"", ""kanji"": [""早""], ""targets"": [170]}, {""kind"": ""word"", ""ja"": ""帰りました"", ""reading"": ""かえりました"", ""en"": ""went home"", ""kanji"": [""帰""], ""targets"": [179], ""lemma"": ""帰る""}]"
s1542,"[167, 163, 26, 316]",[],"[{""kind"": ""word"", ""ja"": ""夏"", ""reading"": ""なつ"", ""en"": ""summer"", ""kanji"": [""夏""], ""targets"": [167]}, {""kind"": ""particle"", ""kana"": ""の""}, {""kind"": ""word"", ""ja"": ""昼間"", ""reading"": ""ひるま"", ""en"": ""midday"", ""kanji"": [""昼"", ""間""], ""targets"": [163, 26]}, {""kind"": ""particle"", ""kana"": ""は""}, {""kind"": ""word"", ""ja"": ""暑い"", ""reading"": ""あつい"", ""en"": ""hot"", ""kanji"": [""暑""], ""targets"": [316]}, {""kind"": ""particle"", ""kana"": ""です""}]"
s1543,"[316, 307, 183]",[],"[{""kind"": ""word"", ""ja"": ""暑さ"", ""reading"": ""あつさ"", ""en"": ""the heat"", ""kanji"": [""暑""], ""targets"": [316]}, {""kind"": ""particle"", ""kana"": ""で""}, {""kind"": ""word"", ""ja"": ""犬"", ""reading"": ""いぬ"", ""en"": ""dog"", ""kanji"": [""犬""], ""targets"": [307]}, {""kind"": ""particle"", ""kana"": ""も""}, {""kind"": ""word"", ""ja"": ""歩きません"", ""reading"": ""あるきません"", ""en"": ""wont walk"", ""kanji"": [""歩""], ""targets"": [183], ""lemma"": ""歩く""}]"
s1544,"[96, 97, 54]",[271],"[{""kind"": ""word"", ""ja"": ""バス"", ""reading"": ""ばす"", ""en"": ""bus"", ""kanji"": [], ""targets"": [], ""kana_targets"": [271]}, {""kind"": ""particle"", ""kana"": ""で""}, {""kind"": ""word"", ""ja"": ""学校"", ""reading"": ""がっこう"", ""en"": ""school"", ""kanji"": [""学"", ""校""], ""targets"": [96, 97]}, {""kind"": ""particle"", ""kana"": ""に""}, {""kind"": ""word"", ""ja"": ""行きます"", ""reading"": ""いきます"", ""en"": ""go"", ""kanji"": [""行""], ""targets"": [54], ""lemma"": ""行く""}]"
s1545,[55],[271],"[{""kind"": ""word"", ""ja"": ""バス"", ""reading"": ""ばす"", ""en"": ""bus"", ""kanji"": [], ""targets"": [], ""kana_targets"": [271]}, {""kind"": ""particle"", ""kana"": ""が""}, {""kind"": ""word"", ""ja"": ""来ません"", ""reading"": ""きません"", ""en"": ""isnt coming"", ""kanji"": [""来""], ""targets"": [55], ""lemma"": ""来る""}]"
s1546,[69],[272],"[{""kind"": ""word"", ""ja"": ""タクシー"", ""reading"": ""たくしー"", ""en"": ""taxi"", ""kanji"": [], ""targets"": [], ""kana_targets"": [272]}, {""kind"": ""particle"", ""kana"": ""は""}, {""kind"": ""word"", ""ja"": ""高い"", ""reading"": ""たかい"", ""en"": ""expensive"", ""kanji"": [""高""], ""targets"": [69]}, {""kind"": ""particle"", ""kana"": ""です""}]"
s1547,"[47, 266]",[272],"[{""kind"": ""word"", ""ja"": ""駅"", ""reading"": ""えき"", ""en"": ""station"", ""kanji"": [""駅""], ""targets"": [47]}, {""kind"": ""particle"", ""kana"": ""から""}, {""kind"": ""word"", ""ja"": ""タクシー"", ""reading"": ""たくしー"", ""en"": ""taxi"", ""kanji"": [], ""targets"": [], ""kana_targets"": [272]}, {""kind"": ""particle"", ""kana"": ""に""}, {""kind"": ""word"", ""ja"": ""乗りました"", ""reading"": ""のりました"", ""en"": ""rode"", ""kanji"": [""乗""], ""targets"": [266], ""lemma"": ""乗る""}]"
s1548,[2],[273],"[{""kind"": ""word"", ""ja"": ""ジュース"", ""reading"": ""じゅーす"", ""en"": ""juice"", ""kanji"": [], ""targets"": [], ""kana_targets"": [273]}, {""kind"": ""particle"", ""kana"": ""を""}, {""kind"": ""word"", ""ja"": ""二つ"", ""reading"": ""ふたつ"", ""en"": ""two"", ""kanji"": [""二""], ""targets"": [2]}, {""kind"": ""particle"", ""kana"": ""ください""}]"
s1549,"[34, 78]",[273],"[{""kind"": ""word"", ""ja"": ""子ども"", ""reading"": ""こども"", ""en"": ""kids"", ""kanji"": [""子""], ""targets"": [34]}, {""kind"": ""particle"", ""kana"": ""は""}, {""kind"": ""word"", ""ja"": ""ジュース"", ""reading"": ""じゅーす"", ""en"": ""juice"", ""kanji"": [], ""targets"": [], ""kana_targets"": [273]}, {""kind"": ""particle"", ""kana"": ""が""}, {""kind"": ""word"", ""ja"": ""好き"", ""reading"": ""すき"", ""en"": ""like"", ""kanji"": [""好""], ""targets"": [78]}, {""kind"": ""particle"", ""kana"": ""です""}]"
s1550,[61],"[122, 274]","[{""kind"": ""word"", ""ja"": ""コーヒー"", ""reading"": ""こーひー"", ""en"": ""coffee"", ""kanji"": [], ""targets"": [], ""kana_targets"": [122]}, {""kind"": ""particle"", ""kana"": ""に""}, {""kind"": ""word"", ""ja"": ""ミルク"", ""reading"": ""みるく"", ""en"": ""milk"", ""kanji"": [], ""targets"": [], ""kana_targets"": [274]}, {""kind"": ""particle"", ""kana"": ""を""}, {""kind"": ""word"", ""ja"": ""入れます"", ""reading"": ""いれます"", ""en"": ""add"", ""kanji"": [""入""], ""targets"": [61], ""lemma"": ""入れる""}, {""kind"": ""particle"", ""kana"": ""か""}]"
s1551,[162],"[121, 274]","[{""kind"": ""word"", ""ja"": ""朝"", ""reading"": ""あさ"", ""en"": ""morning"", ""kanji"": [""朝""], ""targets"": [162]}, {""kind"": ""particle"", ""kana"": ""は""}, {""kind"": ""word"", ""ja"": ""パン"", ""reading"": ""ぱん"", ""en"": ""bread"", ""kanji"": [], ""targets"": [], ""kana_targets"": [121]}, {""kind"": ""particle"", ""kana"": ""と""}, {""kind"": ""word"", ""ja"": ""ミルク"", ""reading"": ""みるく"", ""en"": ""milk"", ""kanji"": [], ""targets"": [], ""kana_targets"": [274]}, {""kind"": ""particle"", ""kana"": ""です""}]"
s1552,[62],"[275, 121]","[{""kind"": ""word"", ""ja"": ""チーズ"", ""reading"": ""ちーず"", ""en"": ""cheese"", ""kanji"": [], ""targets"": [], ""kana_targets"": [275]}, {""kind"": ""particle"", ""kana"": ""と""}, {""kind"": ""word"", ""ja"": ""パン"", ""reading"": ""ぱん"", ""en"": ""bread"", ""kanji"": [], ""targets"": [], ""kana_targets"": [121]}, {""kind"": ""particle"", ""kana"": ""を""}, {""kind"": ""word"", ""ja"": ""買いました"", ""reading"": ""かいました"", ""en"": ""bought"", ""kanji"": [""買""], ""targets"": [62], ""lemma"": ""買う""}]"
s1553,[],"[275, 20]","[{""kind"": ""word"", ""ja"": ""この"", ""reading"": ""この"", ""en"": ""this"", ""kanji"": [], ""targets"": []}, {""kind"": ""word"", ""ja"": ""チーズ"", ""reading"": ""ちーず"", ""en"": ""cheese"", ""kanji"": [], ""targets"": [], ""kana_targets"": [275]}, {""kind"": ""particle"", ""kana"": ""は""}, {""kind"": ""word"", ""ja"": ""うまい"", ""reading"": ""うまい"", ""en"": ""tasty"", ""kanji"": [], ""targets"": [], ""kana_targets"": [20]}, {""kind"": ""particle"", ""kana"": ""です""}]"
s1554,[],"[276, 121, 266]","[{""kind"": ""word"", ""ja"": ""バター"", ""reading"": ""ばたー"", ""en"": ""butter"", ""kanji"": [], ""targets"": [], ""kana_targets"": [276]}, {""kind"": ""particle"", ""kana"": ""を""}, {""kind"": ""word"", ""ja"": ""パン"", ""reading"": ""ぱん"", ""en"": ""bread"", ""kanji"": [], ""targets"": [], ""kana_targets"": [121]}, {""kind"": ""particle"", ""kana"": ""に""}, {""kind"": ""word"", ""ja"": ""つけます"", ""reading"": ""つけます"", ""en"": ""spread"", ""kanji"": [], ""targets"": [], ""kana_targets"": [266], ""lemma"": ""つける""}]"
s1555,"[84, 106]",[276],"[{""kind"": ""word"", ""ja"": ""バター"", ""reading"": ""ばたー"", ""en"": ""butter"", ""kanji"": [], ""targets"": [], ""kana_targets"": [276]}, {""kind"": ""particle"", ""kana"": ""で""}, {""kind"": ""word"", ""ja"": ""卵"", ""reading"": ""たまご"", ""en"": ""eggs"", ""kanji"": [""卵""], ""targets"": [84]}, {""kind"": ""particle"", ""kana"": ""を""}, {""kind"": ""word"", ""ja"": ""焼きます"", ""reading"": ""やきます"", ""en"": ""fry"", ""kanji"": [""焼""], ""targets"": [106], ""lemma"": ""焼く""}]"
s1556,[305],[277],"[{""kind"": ""word"", ""ja"": ""スープ"", ""reading"": ""すーぷ"", ""en"": ""soup"", ""kanji"": [], ""targets"": [], ""kana_targets"": [277]}, {""kind"": ""particle"", ""kana"": ""が""}, {""kind"": ""word"", ""ja"": ""冷たく"", ""reading"": ""つめたく"", ""en"": ""cold"", ""kanji"": [""冷""], ""targets"": [305], ""lemma"": ""冷たい""}, {""kind"": ""particle"", ""kana"": ""なりました""}]"
s1557,[163],"[121, 277]","[{""kind"": ""word"", ""ja"": ""昼"", ""reading"": ""ひる"", ""en"": ""lunch"", ""kanji"": [""昼""], ""targets"": [163]}, {""kind"": ""particle"", ""kana"": ""は""}, {""kind"": ""word"", ""ja"": ""パン"", ""reading"": ""ぱん"", ""en"": ""bread"", ""kanji"": [], ""targets"": [], ""kana_targets"": [121]}, {""kind"": ""particle"", ""kana"": ""と""}, {""kind"": ""word"", ""ja"": ""スープ"", ""reading"": ""すーぷ"", ""en"": ""soup"", ""kanji"": [], ""targets"": [], ""kana_targets"": [277]}, {""kind"": ""particle"", ""kana"": ""です""}]"
s1558,[92],[278],"[{""kind"": ""word"", ""ja"": ""サラダ"", ""reading"": ""さらだ"", ""en"": ""salad"", ""kanji"": [], ""targets"": [], ""kana_targets"": [278]}, {""kind"": ""particle"", ""kana"": ""に""}, {""kind"": ""word"", ""ja"": ""塩"", ""reading"": ""しお"", ""en"": ""salt"", ""kanji"": [""塩""], ""targets"": [92]}, {""kind"": ""particle"", ""kana"": ""を""}, {""kind"": ""particle"", ""kana"": ""かけます""}]"
s1559,"[85, 86, 174]",[278],"[{""kind"": ""word"", ""ja"": ""野菜"", ""reading"": ""やさい"", ""en"": ""vegetable"", ""kanji"": [""野"", ""菜""], ""targets"": [85, 86]}, {""kind"": ""particle"", ""kana"": ""の""}, {""kind"": ""word"", ""ja"": ""サラダ"", ""reading"": ""さらだ"", ""en"": ""salad"", ""kanji"": [], ""targets"": [], ""kana_targets"": [278]}, {""kind"": ""particle"", ""kana"": ""を""}, {""kind"": ""word"", ""ja"": ""作ります"", ""reading"": ""つくります"", ""en"": ""make"", ""kanji"": [""作""], ""targets"": [174], ""lemma"": ""作る""}]"
s1560,"[25, 23, 57]",[279],"[{""kind"": ""word"", ""ja"": ""ケーキ"", ""reading"": ""けーき"", ""en"": ""cake"", ""kanji"": [], ""targets"": [], ""kana_targets"": [279]}, {""kind"": ""particle"", ""kana"": ""を""}, {""kind"": ""word"", ""ja"": ""半分"", ""reading"": ""はんぶん"", ""en"": ""half"", ""kanji"": [""半"", ""分""], ""targets"": [25, 23]}, {""kind"": ""word"", ""ja"": ""食べました"", ""reading"": ""たべました"", ""en"": ""ate"", ""kanji"": [""食""], ""targets"": [57], ""lemma"": ""食べる""}]"
s1561,"[38, 14, 62]",[279],"[{""kind"": ""word"", ""ja"": ""母"", ""reading"": ""はは"", ""en"": ""mother"", ""kanji"": [""母""], ""targets"": [38]}, {""kind"": ""particle"", ""kana"": ""の""}, {""kind"": ""word"", ""ja"": ""日"", ""reading"": ""ひ"", ""en"": ""day"", ""kanji"": [""日""], ""targets"": [14]}, {""kind"": ""particle"", ""kana"": ""に""}, {""kind"": ""word"", ""ja"": ""ケーキ"", ""reading"": ""けーき"", ""en"": ""cake"", ""kanji"": [], ""targets"": [], ""kana_targets"": [279]}, {""kind"": ""particle"", ""kana"": ""を""}, {""kind"": ""word"", ""ja"": ""買いました"", ""reading"": ""かいました"", ""en"": ""bought"", ""kanji"": [""買""], ""targets"": [62], ""lemma"": ""買う""}]"
s1562,"[167, 1, 299]",[280],"[{""kind"": ""word"", ""ja"": ""夏"", ""reading"": ""なつ"", ""en"": ""summer"", ""kanji"": [""夏""], ""targets"": [167]}, {""kind"": ""particle"", ""kana"": ""は""}, {""kind"": ""word"", ""ja"": ""アイス"", ""reading"": ""あいす"", ""en"": ""ice cream"", ""kanji"": [], ""targets"": [], ""kana_targets"": [280]}, {""kind"": ""particle"", ""kana"": ""が""}, {""kind"": ""word"", ""ja"": ""一番"", ""reading"": ""いちばん"", ""en"": ""the best"", ""kanji"": [""一"", ""番""], ""targets"": [1, 299]}, {""kind"": ""particle"", ""kana"": ""です""}]"
s1563,"[2, 62]",[280],"[{""kind"": ""word"", ""ja"": ""アイス"", ""reading"": ""あいす"", ""en"": ""ice cream"", ""kanji"": [], ""targets"": [], ""kana_targets"": [280]}, {""kind"": ""particle"", ""kana"": ""を""}, {""kind"": ""word"", ""ja"": ""二つ"", ""reading"": ""ふたつ"", ""en"": ""two"", ""kanji"": [""二""], ""targets"": [2]}, {""kind"": ""word"", ""ja"": ""買いました"", ""reading"": ""かいました"", ""en"": ""bought"", ""kanji"": [""買""], ""targets"": [62], ""lemma"": ""買う""}]"
s1564,"[99, 186]",[281],"[{""kind"": ""word"", ""ja"": ""白い"", ""reading"": ""しろい"", ""en"": ""white"", ""kanji"": [""白""], ""targets"": [99]}, {""kind"": ""word"", ""ja"": ""シャツ"", ""reading"": ""しゃつ"", ""en"": ""shirt"", ""kanji"": [], ""targets"": [], ""kana_targets"": [281]}, {""kind"": ""particle"", ""kana"": ""を""}, {""kind"": ""word"", ""ja"": ""着ます"", ""reading"": ""きます"", ""en"": ""wear"", ""kanji"": [""着""], ""targets"": [186], ""lemma"": ""着る""}]"
s1565,[],"[281, 199]","[{""kind"": ""word"", ""ja"": ""シャツ"", ""reading"": ""しゃつ"", ""en"": ""shirt"", ""kanji"": [], ""targets"": [], ""kana_targets"": [281]}, {""kind"": ""particle"", ""kana"": ""に""}, {""kind"": ""word"", ""ja"": ""アイロン"", ""reading"": ""あいろん"", ""en"": ""iron"", ""kanji"": [], ""targets"": [], ""kana_targets"": [199]}, {""kind"": ""particle"", ""kana"": ""を""}, {""kind"": ""particle"", ""kana"": ""かけます""}]"
s1566,[77],[282],"[{""kind"": ""word"", ""ja"": ""この"", ""reading"": ""この"", ""en"": ""these"", ""kanji"": [], ""targets"": []}, {""kind"": ""word"", ""ja"": ""ズボン"", ""reading"": ""ずぼん"", ""en"": ""pants"", ""kanji"": [], ""targets"": [], ""kana_targets"": [282]}, {""kind"": ""particle"", ""kana"": ""は""}, {""kind"": ""word"", ""ja"": ""長い"", ""reading"": ""ながい"", ""en"": ""long"", ""kanji"": [""長""], ""targets"": [77]}, {""kind"": ""particle"", ""kana"": ""です""}]"
s1567,"[70, 62]",[282],"[{""kind"": ""word"", ""ja"": ""新しい"", ""reading"": ""あたらしい"", ""en"": ""new"", ""kanji"": [""新""], ""targets"": [70]}, {""kind"": ""word"", ""ja"": ""ズボン"", ""reading"": ""ずぼん"", ""en"": ""pants"", ""kanji"": [], ""targets"": [], ""kana_targets"": [282]}, {""kind"": ""particle"", ""kana"": ""を""}, {""kind"": ""word"", ""ja"": ""買いました"", ""reading"": ""かいました"", ""en"": ""bought"", ""kanji"": [""買""], ""targets"": [62], ""lemma"": ""買う""}]"
s1568,"[169, 186]",[283],"[{""kind"": ""word"", ""ja"": ""冬"", ""reading"": ""ふゆ"", ""en"": ""winter"", ""kanji"": [""冬""], ""targets"": [169]}, {""kind"": ""particle"", ""kana"": ""は""}, {""kind"": ""word"", ""ja"": ""コート"", ""reading"": ""こーと"", ""en"": ""coat"", ""kanji"": [], ""targets"": [], ""kana_targets"": [283]}, {""kind"": ""particle"", ""kana"": ""を""}, {""kind"": ""word"", ""ja"": ""着ます"", ""reading"": ""きます"", ""en"": ""wear"", ""kanji"": [""着""], ""targets"": [186], ""lemma"": ""着る""}]"
s1569,[],"[283, 205]","[{""kind"": ""word"", ""ja"": ""コート"", ""reading"": ""こーと"", ""en"": ""coat"", ""kanji"": [], ""targets"": [], ""kana_targets"": [283]}, {""kind"": ""particle"", ""kana"": ""を""}, {""kind"": ""word"", ""ja"": ""ハンガー"", ""reading"": ""はんがー"", ""en"": ""hanger"", ""kanji"": [], ""targets"": [], ""kana_targets"": [205]}, {""kind"": ""particle"", ""kana"": ""に""}, {""kind"": ""particle"", ""kana"": ""かけます""}]"
s1570,[61],"[284, 145]","[{""kind"": ""word"", ""ja"": ""ポケット"", ""reading"": ""ぽけっと"", ""en"": ""pocket"", ""kanji"": [], ""targets"": [], ""kana_targets"": [284]}, {""kind"": ""particle"", ""kana"": ""に""}, {""kind"": ""word"", ""ja"": ""ハンコ"", ""reading"": ""はんこ"", ""en"": ""seal"", ""kanji"": [], ""targets"": [], ""kana_targets"": [145]}, {""kind"": ""particle"", ""kana"": ""を""}, {""kind"": ""word"", ""ja"": ""入れました"", ""reading"": ""いれました"", ""en"": ""put"", ""kanji"": [""入""], ""targets"": [61], ""lemma"": ""入れる""}]"
s1571,"[41, 73]",[284],"[{""kind"": ""word"", ""ja"": ""ポケット"", ""reading"": ""ぽけっと"", ""en"": ""pocket"", ""kanji"": [], ""targets"": [], ""kana_targets"": [284]}, {""kind"": ""particle"", ""kana"": ""の""}, {""kind"": ""word"", ""ja"": ""中"", ""reading"": ""なか"", ""en"": ""inside"", ""kanji"": [""中""], ""targets"": [41]}, {""kind"": ""particle"", ""kana"": ""に""}, {""kind"": ""word"", ""ja"": ""何"", ""reading"": ""なに"", ""en"": ""what"", ""kanji"": [""何""], ""targets"": [73]}, {""kind"": ""particle"", ""kana"": ""が""}, {""kind"": ""particle"", ""kana"": ""あります""}, {""kind"": ""particle"", ""kana"": ""か""}]"
s1572,[178],[285],"[{""kind"": ""word"", ""ja"": ""メール"", ""reading"": ""めーる"", ""en"": ""email"", ""kanji"": [], ""targets"": [], ""kana_targets"": [285]}, {""kind"": ""particle"", ""kana"": ""を""}, {""kind"": ""word"", ""ja"": ""送りました"", ""reading"": ""おくりました"", ""en"": ""sent"", ""kanji"": [""送""], ""targets"": [178], ""lemma"": ""送る""}]"
s1573,"[146, 98, 64]",[285],"[{""kind"": ""word"", ""ja"": ""先生"", ""reading"": ""せんせい"", ""en"": ""teacher"", ""kanji"": [""先"", ""生""], ""targets"": [146, 98]}, {""kind"": ""particle"", ""kana"": ""に""}, {""kind"": ""word"", ""ja"": ""メール"", ""reading"": ""めーる"", ""en"": ""email"", ""kanji"": [], ""targets"": [], ""kana_targets"": [285]}, {""kind"": ""particle"", ""kana"": ""を""}, {""kind"": ""word"", ""ja"": ""書きます"", ""reading"": ""かきます"", ""en"": ""write"", ""kanji"": [""書""], ""targets"": [64], ""lemma"": ""書く""}]"
s1574,[164],[286],"[{""kind"": ""word"", ""ja"": ""夜"", ""reading"": ""よる"", ""en"": ""night"", ""kanji"": [""夜""], ""targets"": [164]}, {""kind"": ""particle"", ""kana"": ""は""}, {""kind"": ""word"", ""ja"": ""ゲーム"", ""reading"": ""げーむ"", ""en"": ""games"", ""kanji"": [], ""targets"": [], ""kana_targets"": [286]}, {""kind"": ""particle"", ""kana"": ""を""}, {""kind"": ""particle"", ""kana"": ""します""}]"
s1575,"[22, 26, 1]",[286],"[{""kind"": ""word"", ""ja"": ""ゲーム"", ""reading"": ""げーむ"", ""en"": ""game"", ""kanji"": [], ""targets"": [], ""kana_targets"": [286]}, {""kind"": ""particle"", ""kana"": ""の""}, {""kind"": ""word"", ""ja"": ""時間"", ""reading"": ""じかん"", ""en"": ""time"", ""kanji"": [""時"", ""間""], ""targets"": [22, 26]}, {""kind"": ""particle"", ""kana"": ""は""}, {""kind"": ""word"", ""ja"": ""一"", ""reading"": ""いち"", ""en"": ""one"", ""kanji"": [""一""], ""targets"": [1]}, {""kind"": ""word"", ""ja"": ""時間"", ""reading"": ""じかん"", ""en"": ""hours"", ""kanji"": [""時"", ""間""], ""targets"": [22, 26]}, {""kind"": ""particle"", ""kana"": ""まで""}, {""kind"": ""particle"", ""kana"": ""です""}]"
s1576,"[70, 197, 220]",[287],"[{""kind"": ""word"", ""ja"": ""新しい"", ""reading"": ""あたらしい"", ""en"": ""new"", ""kanji"": [""新""], ""targets"": [70]}, {""kind"": ""word"", ""ja"": ""カメラ"", ""reading"": ""かめら"", ""en"": ""camera"", ""kanji"": [], ""targets"": [], ""kana_targets"": [287]}, {""kind"": ""particle"", ""kana"": ""で""}, {""kind"": ""word"", ""ja"": ""写真"", ""reading"": ""しゃしん"", ""en"": ""photos"", ""kanji"": [""写"", ""真""], ""targets"": [197, 220]}, {""kind"": ""particle"", ""kana"": ""を""}, {""kind"": ""word"", ""ja"": ""写します"", ""reading"": ""うつします"", ""en"": ""take"", ""kanji"": [""写""], ""targets"": [197], ""lemma"": ""写す""}]"
s1577,"[175, 262, 54]",[287],"[{""kind"": ""word"", ""ja"": ""カメラ"", ""reading"": ""かめら"", ""en"": ""camera"", ""kanji"": [], ""targets"": [], ""kana_targets"": [287]}, {""kind"": ""particle"", ""kana"": ""を""}, {""kind"": ""word"", ""ja"": ""持って"", ""reading"": ""もって"", ""en"": ""bring"", ""kanji"": [""持""], ""targets"": [175], ""lemma"": ""持つ""}, {""kind"": ""word"", ""ja"": ""旅行"", ""reading"": ""りょこう"", ""en"": ""trip"", ""kanji"": [""旅"", ""行""], ""targets"": [262, 54]}, {""kind"": ""particle"", ""kana"": ""に""}, {""kind"": ""word"", ""ja"": ""行きます"", ""reading"": ""いきます"", ""en"": ""go"", ""kanji"": [""行""], ""targets"": [54], ""lemma"": ""行く""}]"
s1578,"[162, 56]",[288],"[{""kind"": ""word"", ""ja"": ""朝"", ""reading"": ""あさ"", ""en"": ""morning"", ""kanji"": [""朝""], ""targets"": [162]}, {""kind"": ""particle"", ""kana"": ""の""}, {""kind"": ""word"", ""ja"": ""ニュース"", ""reading"": ""にゅーす"", ""en"": ""news"", ""kanji"": [], ""targets"": [], ""kana_targets"": [288]}, {""kind"": ""particle"", ""kana"": ""を""}, {""kind"": ""word"", ""ja"": ""見ます"", ""reading"": ""みます"", ""en"": ""watch"", ""kanji"": [""見""], ""targets"": [56], ""lemma"": ""見る""}]"
s1579,"[292, 295, 177]",[288],"[{""kind"": ""word"", ""ja"": ""ニュース"", ""reading"": ""にゅーす"", ""en"": ""news"", ""kanji"": [], ""targets"": [], ""kana_targets"": [288]}, {""kind"": ""particle"", ""kana"": ""で""}, {""kind"": ""word"", ""ja"": ""台風"", ""reading"": ""たいふう"", ""en"": ""typhoon"", ""kanji"": [""台"", ""風""], ""targets"": [292, 295]}, {""kind"": ""particle"", ""kana"": ""の""}, {""kind"": ""particle"", ""kana"": ""こと""}, {""kind"": ""particle"", ""kana"": ""を""}, {""kind"": ""word"", ""ja"": ""知りました"", ""reading"": ""しりました"", ""en"": ""learned"", ""kanji"": [""知""], ""targets"": [177], ""lemma"": ""知る""}]"
s1580,"[17, 305]",[289],"[{""kind"": ""word"", ""ja"": ""シャワー"", ""reading"": ""しゃわー"", ""en"": ""shower"", ""kanji"": [], ""targets"": [], ""kana_targets"": [289]}, {""kind"": ""particle"", ""kana"": ""の""}, {""kind"": ""word"", ""ja"": ""水"", ""reading"": ""みず"", ""en"": ""water"", ""kanji"": [""水""], ""targets"": [17]}, {""kind"": ""particle"", ""kana"": ""が""}, {""kind"": ""word"", ""ja"": ""冷たい"", ""reading"": ""つめたい"", ""en"": ""cold"", ""kanji"": [""冷""], ""targets"": [305]}, {""kind"": ""particle"", ""kana"": ""です""}]"
s1581,"[162, 145, 89, 57]",[289],"[{""kind"": ""word"", ""ja"": ""朝"", ""reading"": ""あさ"", ""en"": ""morning"", ""kanji"": [""朝""], ""targets"": [162]}, {""kind"": ""word"", ""ja"": ""シャワー"", ""reading"": ""しゃわー"", ""en"": ""shower"", ""kanji"": [], ""targets"": [], ""kana_targets"": [289]}, {""kind"": ""particle"", ""kana"": ""の""}, {""kind"": ""word"", ""ja"": ""後"", ""reading"": ""あと"", ""en"": ""after"", ""kanji"": [""後""], ""targets"": [145]}, {""kind"": ""particle"", ""kana"": ""に""}, {""kind"": ""word"", ""ja"": ""ご飯"", ""reading"": ""ごはん"", ""en"": ""breakfast"", ""kanji"": [""飯""], ""targets"": [89]}, {""kind"": ""particle"", ""kana"": ""を""}, {""kind"": ""word"", ""ja"": ""食べます"", ""reading"": ""たべます"", ""en"": ""eat"", ""kanji"": [""食""], ""targets"": [57], ""lemma"": ""食べる""}]"
s1582,"[82, 62]",[270],"[{""kind"": ""word"", ""ja"": ""ペットボトル"", ""reading"": ""ぺっとぼとる"", ""en"": ""plastic bottle"", ""kanji"": [], ""targets"": [], ""kana_targets"": [270]}, {""kind"": ""particle"", ""kana"": ""の""}, {""kind"": ""word"", ""ja"": ""お茶"", ""reading"": ""おちゃ"", ""en"": ""tea"", ""kanji"": [""茶""], ""targets"": [82]}, {""kind"": ""particle"", ""kana"": ""を""}, {""kind"": ""word"", ""ja"": ""買いました"", ""reading"": ""かいました"", ""en"": ""bought"", ""kanji"": [""買""], ""targets"": [62], ""lemma"": ""買う""}]"
s1583,[60],"[270, 64]","[{""kind"": ""word"", ""ja"": ""ペットボトル"", ""reading"": ""ぺっとぼとる"", ""en"": ""plastic bottles"", ""kanji"": [], ""targets"": [], ""kana_targets"": [270]}, {""kind"": ""particle"", ""kana"": ""を""}, {""kind"": ""word"", ""ja"": ""ごみ"", ""reading"": ""ごみ"", ""en"": ""trash"", ""kanji"": [], ""targets"": [], ""kana_targets"": [64]}, {""kind"": ""particle"", ""kana"": ""に""}, {""kind"": ""word"", ""ja"": ""出します"", ""reading"": ""だします"", ""en"": ""put out"", ""kanji"": [""出""], ""targets"": [60], ""lemma"": ""出す""}]"
s1584,"[36, 256, 291, 294, 174]",[291],"[{""kind"": ""word"", ""ja"": ""友達"", ""reading"": ""ともだち"", ""en"": ""friends"", ""kanji"": [""友"", ""達""], ""targets"": [36, 256]}, {""kind"": ""particle"", ""kana"": ""と""}, {""kind"": ""word"", ""ja"": ""パーティー"", ""reading"": ""ぱーてぃー"", ""en"": ""party"", ""kanji"": [], ""targets"": [], ""kana_targets"": [291]}, {""kind"": ""particle"", ""kana"": ""の""}, {""kind"": ""word"", ""ja"": ""計画"", ""reading"": ""けいかく"", ""en"": ""plan"", ""kanji"": [""計"", ""画""], ""targets"": [291, 294]}, {""kind"": ""particle"", ""kana"": ""を""}, {""kind"": ""word"", ""ja"": ""作ります"", ""reading"": ""つくります"", ""en"": ""make"", ""kanji"": [""作""], ""targets"": [174], ""lemma"": ""作る""}]"
s1585,"[167, 316, 14, 298]",[],"[{""kind"": ""word"", ""ja"": ""夏"", ""reading"": ""なつ"", ""en"": ""summer"", ""kanji"": [""夏""], ""targets"": [167]}, {""kind"": ""particle"", ""kana"": ""の""}, {""kind"": ""word"", ""ja"": ""暑い"", ""reading"": ""あつい"", ""en"": ""hot"", ""kanji"": [""暑""], ""targets"": [316]}, {""kind"": ""word"", ""ja"": ""日"", ""reading"": ""ひ"", ""en"": ""days"", ""kanji"": [""日""], ""targets"": [14]}, {""kind"": ""particle"", ""kana"": ""も""}, {""kind"": ""word"", ""ja"": ""働きます"", ""reading"": ""はたらきます"", ""en"": ""work"", ""kanji"": [""働""], ""targets"": [298], ""lemma"": ""働く""}]"
s1586,"[153, 306, 250, 298]",[],"[{""kind"": ""word"", ""ja"": ""兄"", ""reading"": ""あに"", ""en"": ""older brother"", ""kanji"": [""兄""], ""targets"": [153]}, {""kind"": ""particle"", ""kana"": ""は""}, {""kind"": ""word"", ""ja"": ""卒業"", ""reading"": ""そつぎょう"", ""en"": ""graduate"", ""kanji"": [""卒"", ""業""], ""targets"": [306, 250]}, {""kind"": ""particle"", ""kana"": ""して""}, {""kind"": ""particle"", ""kana"": ""から""}, {""kind"": ""word"", ""ja"": ""働きます"", ""reading"": ""はたらきます"", ""en"": ""will work"", ""kanji"": [""働""], ""targets"": [298], ""lemma"": ""働く""}]"
s1587,"[306, 250, 14, 197, 220]",[],"[{""kind"": ""word"", ""ja"": ""卒業"", ""reading"": ""そつぎょう"", ""en"": ""graduation"", ""kanji"": [""卒"", ""業""], ""targets"": [306, 250]}, {""kind"": ""particle"", ""kana"": ""の""}, {""kind"": ""word"", ""ja"": ""日"", ""reading"": ""ひ"", ""en"": ""day"", ""kanji"": [""日""], ""targets"": [14]}, {""kind"": ""particle"", ""kana"": ""に""}, {""kind"": ""word"", ""ja"": ""写真"", ""reading"": ""しゃしん"", ""en"": ""photos"", ""kanji"": [""写"", ""真""], ""targets"": [197, 220]}, {""kind"": ""particle"", ""kana"": ""を""}, {""kind"": ""word"", ""ja"": ""写しました"", ""reading"": ""うつしました"", ""en"": ""took"", ""kanji"": [""写""], ""targets"": [197], ""lemma"": ""写す""}]"
s1588,"[235, 259, 302, 87, 74, 161]",[],"[{""kind"": ""word"", ""ja"": ""試合"", ""reading"": ""しあい"", ""en"": ""match"", ""kanji"": [""試"", ""合""], ""targets"": [235, 259]}, {""kind"": ""particle"", ""kana"": ""の""}, {""kind"": ""word"", ""ja"": ""結果"", ""reading"": ""けっか"", ""en"": ""result"", ""kanji"": [""結"", ""果""], ""targets"": [302, 87]}, {""kind"": ""particle"", ""kana"": ""が""}, {""kind"": ""particle"", ""kana"": ""よくて""}, {""kind"": ""word"", ""ja"": ""安心"", ""reading"": ""あんしん"", ""en"": ""relief"", ""kanji"": [""安"", ""心""], ""targets"": [74, 161]}, {""kind"": ""word"", ""ja"": ""しました"", ""reading"": ""しました"", ""en"": ""did"", ""kanji"": [], ""targets"": []}]"
s1589,"[145, 40]",[],"[{""kind"": ""word"", ""ja"": ""後ろ"", ""reading"": ""うしろ"", ""en"": ""back"", ""kanji"": [""後""], ""targets"": [145]}, {""kind"": ""particle"", ""kana"": ""に""}, {""kind"": ""word"", ""ja"": ""下がって"", ""reading"": ""さがって"", ""en"": ""step back"", ""kanji"": [""下""], ""targets"": [40], ""lemma"": ""下がる""}, {""kind"": ""particle"", ""kana"": ""ください""}]"
s1590,[6],[85],"[{""kind"": ""word"", ""ja"": ""みかん"", ""reading"": ""みかん"", ""en"": ""mandarins"", ""kanji"": [], ""targets"": [], ""kana_targets"": [85]}, {""kind"": ""particle"", ""kana"": ""を""}, {""kind"": ""word"", ""ja"": ""六つ"", ""reading"": ""むっつ"", ""en"": ""six"", ""kanji"": [""六""], ""targets"": [6]}, {""kind"": ""particle"", ""kana"": ""ください""}]"
s1591,"[72, 62]",[174],"[{""kind"": ""word"", ""ja"": ""円い"", ""reading"": ""まるい"", ""en"": ""round"", ""kanji"": [""円""], ""targets"": [72]}, {""kind"": ""word"", ""ja"": ""テーブル"", ""reading"": ""てーぶる"", ""en"": ""table"", ""kanji"": [], ""targets"": [], ""kana_targets"": [174]}, {""kind"": ""particle"", ""kana"": ""を""}, {""kind"": ""word"", ""ja"": ""買いました"", ""reading"": ""かいました"", ""en"": ""bought"", ""kanji"": [""買""], ""targets"": [62], ""lemma"": ""買う""}]"
s1592,"[111, 277, 258]",[],"[{""kind"": ""word"", ""ja"": ""この"", ""reading"": ""この"", ""en"": ""this"", ""kanji"": [], ""targets"": []}, {""kind"": ""word"", ""ja"": ""機械"", ""reading"": ""きかい"", ""en"": ""machine"", ""kanji"": [""機"", ""械""], ""targets"": [111, 277]}, {""kind"": ""particle"", ""kana"": ""は""}, {""kind"": ""word"", ""ja"": ""動きません"", ""reading"": ""うごきません"", ""en"": ""doesnt move"", ""kanji"": [""動""], ""targets"": [258], ""lemma"": ""動く""}]"
s1593,[4],[84],"[{""kind"": ""word"", ""ja"": ""りんご"", ""reading"": ""りんご"", ""en"": ""apples"", ""kanji"": [], ""targets"": [], ""kana_targets"": [84]}, {""kind"": ""particle"", ""kana"": ""を""}, {""kind"": ""word"", ""ja"": ""四つ"", ""reading"": ""よっつ"", ""en"": ""four"", ""kanji"": [""四""], ""targets"": [4]}, {""kind"": ""particle"", ""kana"": ""ください""}]"
s1594,"[153, 171, 289, 309, 78]",[],"[{""kind"": ""word"", ""ja"": ""兄"", ""reading"": ""あに"", ""en"": ""older brother"", ""kanji"": [""兄""], ""targets"": [153]}, {""kind"": ""particle"", ""kana"": ""は""}, {""kind"": ""word"", ""ja"": ""古い"", ""reading"": ""ふるい"", ""en"": ""old"", ""kanji"": [""古""], ""targets"": [171]}, {""kind"": ""word"", ""ja"": ""音楽"", ""reading"": ""おんがく"", ""en"": ""music"", ""kanji"": [""音"", ""楽""], ""targets"": [289, 309]}, {""kind"": ""particle"", ""kana"": ""を""}, {""kind"": ""word"", ""ja"": ""好みます"", ""reading"": ""このみます"", ""en"": ""prefers"", ""kanji"": [""好""], ""targets"": [78], ""lemma"": ""好む""}]"
s1595,"[273, 131, 96, 97, 98]",[],"[{""kind"": ""word"", ""ja"": ""彼ら"", ""reading"": ""かれら"", ""en"": ""they"", ""kanji"": [""彼""], ""targets"": [273]}, {""kind"": ""particle"", ""kana"": ""は""}, {""kind"": ""word"", ""ja"": ""同じ"", ""reading"": ""おなじ"", ""en"": ""same"", ""kanji"": [""同""], ""targets"": [131]}, {""kind"": ""word"", ""ja"": ""学校"", ""reading"": ""がっこう"", ""en"": ""school"", ""kanji"": [""学"", ""校""], ""targets"": [96, 97]}, {""kind"": ""particle"", ""kana"": ""の""}, {""kind"": ""word"", ""ja"": ""学生"", ""reading"": ""がくせい"", ""en"": ""students"", ""kanji"": [""学"", ""生""], ""targets"": [96, 98]}, {""kind"": ""particle"", ""kana"": ""です""}]"
s1596,"[17, 45, 293]",[],"[{""kind"": ""word"", ""ja"": ""水"", ""reading"": ""みず"", ""en"": ""water"", ""kanji"": [""水""], ""targets"": [17]}, {""kind"": ""particle"", ""kana"": ""に""}, {""kind"": ""word"", ""ja"": ""山"", ""reading"": ""やま"", ""en"": ""mountain"", ""kanji"": [""山""], ""targets"": [45]}, {""kind"": ""particle"", ""kana"": ""が""}, {""kind"": ""word"", ""ja"": ""映ります"", ""reading"": ""うつります"", ""en"": ""is reflected"", ""kanji"": [""映""], ""targets"": [293], ""lemma"": ""映る""}]"
s1597,"[262, 54, 14, 300]",[],"[{""kind"": ""word"", ""ja"": ""旅行"", ""reading"": ""りょこう"", ""en"": ""trip"", ""kanji"": [""旅"", ""行""], ""targets"": [262, 54]}, {""kind"": ""particle"", ""kana"": ""の""}, {""kind"": ""word"", ""ja"": ""日"", ""reading"": ""ひ"", ""en"": ""date"", ""kanji"": [""日""], ""targets"": [14]}, {""kind"": ""particle"", ""kana"": ""が""}, {""kind"": ""word"", ""ja"": ""決まりました"", ""reading"": ""きまりました"", ""en"": ""was decided"", ""kanji"": [""決""], ""targets"": [300], ""lemma"": ""決まる""}]"
s1598,"[79, 237]",[],"[{""kind"": ""word"", ""ja"": ""お米"", ""reading"": ""おこめ"", ""en"": ""rice"", ""kanji"": [""米""], ""targets"": [79]}, {""kind"": ""particle"", ""kana"": ""を""}, {""kind"": ""word"", ""ja"": ""研ぎます"", ""reading"": ""とぎます"", ""en"": ""wash/polish"", ""kanji"": [""研""], ""targets"": [237], ""lemma"": ""研ぐ""}]"
s1599,[136],[65],"[{""kind"": ""word"", ""ja"": ""これ"", ""reading"": ""これ"", ""en"": ""this"", ""kanji"": [], ""targets"": []}, {""kind"": ""particle"", ""kana"": ""は""}, {""kind"": ""word"", ""ja"": ""誰の"", ""reading"": ""だれの"", ""en"": ""whose"", ""kanji"": [""誰""], ""targets"": [136]}, {""kind"": ""word"", ""ja"": ""かばん"", ""reading"": ""かばん"", ""en"": ""bag"", ""kanji"": [], ""targets"": [], ""kana_targets"": [65]}, {""kind"": ""particle"", ""kana"": ""です""}, {""kind"": ""particle"", ""kana"": ""か""}]"
s1600,"[296, 186]",[283],"[{""kind"": ""word"", ""ja"": ""黒い"", ""reading"": ""くろい"", ""en"": ""black"", ""kanji"": [""黒""], ""targets"": [296]}, {""kind"": ""word"", ""ja"": ""コート"", ""reading"": ""こーと"", ""en"": ""coat"", ""kanji"": [], ""targets"": [], ""kana_targets"": [283]}, {""kind"": ""particle"", ""kana"": ""を""}, {""kind"": ""word"", ""ja"": ""着ます"", ""reading"": ""きます"", ""en"": ""wear"", ""kanji"": [""着""], ""targets"": [186], ""lemma"": ""着る""}]"
s1601,"[45, 40, 51, 179]",[],"[{""kind"": ""word"", ""ja"": ""山"", ""reading"": ""やま"", ""en"": ""mountain"", ""kanji"": [""山""], ""targets"": [45]}, {""kind"": ""particle"", ""kana"": ""を""}, {""kind"": ""word"", ""ja"": ""下りて"", ""reading"": ""おりて"", ""en"": ""descend"", ""kanji"": [""下""], ""targets"": [40], ""lemma"": ""下りる""}, {""kind"": ""word"", ""ja"": ""家"", ""reading"": ""いえ"", ""en"": ""home"", ""kanji"": [""家""], ""targets"": [51]}, {""kind"": ""particle"", ""kana"": ""に""}, {""kind"": ""word"", ""ja"": ""帰ります"", ""reading"": ""かえります"", ""en"": ""return"", ""kanji"": [""帰""], ""targets"": [179], ""lemma"": ""帰る""}]"
s1602,"[15, 140, 244, 39]",[],"[{""kind"": ""word"", ""ja"": ""月"", ""reading"": ""つき"", ""en"": ""moon"", ""kanji"": [""月""], ""targets"": [15]}, {""kind"": ""particle"", ""kana"": ""が""}, {""kind"": ""word"", ""ja"": ""東"", ""reading"": ""ひがし"", ""en"": ""east"", ""kanji"": [""東""], ""targets"": [140]}, {""kind"": ""particle"", ""kana"": ""の""}, {""kind"": ""word"", ""ja"": ""空"", ""reading"": ""そら"", ""en"": ""sky"", ""kanji"": [""空""], ""targets"": [244]}, {""kind"": ""particle"", ""kana"": ""に""}, {""kind"": ""word"", ""ja"": ""上ります"", ""reading"": ""のぼります"", ""en"": ""rises"", ""kanji"": [""上""], ""targets"": [39], ""lemma"": ""上る""}]"
s1603,"[35, 144, 39, 100, 64]",[],"[{""kind"": ""word"", ""ja"": ""名前"", ""reading"": ""なまえ"", ""en"": ""name"", ""kanji"": [""名"", ""前""], ""targets"": [35, 144]}, {""kind"": ""particle"", ""kana"": ""を""}, {""kind"": ""word"", ""ja"": ""上手に"", ""reading"": ""じょうずに"", ""en"": ""skillfully"", ""kanji"": [""上"", ""手""], ""targets"": [39, 100]}, {""kind"": ""word"", ""ja"": ""書きます"", ""reading"": ""かきます"", ""en"": ""write"", ""kanji"": [""書""], ""targets"": [64], ""lemma"": ""書く""}]"
s1604,"[11, 21, 98, 30]",[],"[{""kind"": ""word"", ""ja"": ""百年"", ""reading"": ""ひゃくねん"", ""en"": ""100 years"", ""kanji"": [""百"", ""年""], ""targets"": [11, 21]}, {""kind"": ""word"", ""ja"": ""生きる"", ""reading"": ""いきる"", ""en"": ""live"", ""kanji"": [""生""], ""targets"": [98]}, {""kind"": ""word"", ""ja"": ""人"", ""reading"": ""ひと"", ""en"": ""people"", ""kanji"": [""人""], ""targets"": [30]}, {""kind"": ""particle"", ""kana"": ""も""}, {""kind"": ""particle"", ""kana"": ""います""}]"
s1605,"[18, 70, 265, 98]",[],"[{""kind"": ""word"", ""ja"": ""木"", ""reading"": ""き"", ""en"": ""tree"", ""kanji"": [""木""], ""targets"": [18]}, {""kind"": ""particle"", ""kana"": ""に""}, {""kind"": ""word"", ""ja"": ""新しい"", ""reading"": ""あたらしい"", ""en"": ""new"", ""kanji"": [""新""], ""targets"": [70]}, {""kind"": ""word"", ""ja"": ""葉"", ""reading"": ""は"", ""en"": ""leaves"", ""kanji"": [""葉""], ""targets"": [265]}, {""kind"": ""particle"", ""kana"": ""が""}, {""kind"": ""word"", ""ja"": ""生えました"", ""reading"": ""はえました"", ""en"": ""grew"", ""kanji"": [""生""], ""targets"": [98], ""lemma"": ""生える""}]"
s1606,"[248, 152, 230, 125]",[],"[{""kind"": ""word"", ""ja"": ""英語"", ""reading"": ""えいご"", ""en"": ""English"", ""kanji"": [""英"", ""語""], ""targets"": [248, 152]}, {""kind"": ""particle"", ""kana"": ""の""}, {""kind"": ""word"", ""ja"": ""文"", ""reading"": ""ぶん"", ""en"": ""sentence"", ""kanji"": [""文""], ""targets"": [230]}, {""kind"": ""particle"", ""kana"": ""を""}, {""kind"": ""word"", ""ja"": ""訳します"", ""reading"": ""やくします"", ""en"": ""translate"", ""kanji"": [""訳""], ""targets"": [125], ""lemma"": ""訳す""}]"
s1607,"[19, 127]",[],"[{""kind"": ""word"", ""ja"": ""お金"", ""reading"": ""おかね"", ""en"": ""money"", ""kanji"": [""金""], ""targets"": [19]}, {""kind"": ""particle"", ""kana"": ""が""}, {""kind"": ""word"", ""ja"": ""全く"", ""reading"": ""まったく"", ""en"": ""at all"", ""kanji"": [""全""], ""targets"": [127]}, {""kind"": ""particle"", ""kana"": ""ありません""}]"
s1608,"[28, 162, 289, 63]",[],"[{""kind"": ""word"", ""ja"": ""毎朝"", ""reading"": ""まいあさ"", ""en"": ""every morning"", ""kanji"": [""毎"", ""朝""], ""targets"": [28, 162]}, {""kind"": ""word"", ""ja"": ""音読"", ""reading"": ""おんどく"", ""en"": ""reading aloud"", ""kanji"": [""音"", ""読""], ""targets"": [289, 63]}, {""kind"": ""particle"", ""kana"": ""を""}, {""kind"": ""particle"", ""kana"": ""します""}]"
s1609,"[289, 63, 301, 233]",[],"[{""kind"": ""word"", ""ja"": ""音読"", ""reading"": ""おんどく"", ""en"": ""reading aloud"", ""kanji"": [""音"", ""読""], ""targets"": [289, 63]}, {""kind"": ""particle"", ""kana"": ""の""}, {""kind"": ""word"", ""ja"": ""宿題"", ""reading"": ""しゅくだい"", ""en"": ""homework"", ""kanji"": [""宿"", ""題""], ""targets"": [301, 233]}, {""kind"": ""particle"", ""kana"": ""が""}, {""kind"": ""particle"", ""kana"": ""あります""}]"
s1610,"[2, 11, 173]","[276, 292]","[{""kind"": ""word"", ""ja"": ""バター"", ""reading"": ""ばたー"", ""en"": ""butter"", ""kanji"": [], ""targets"": [], ""kana_targets"": [276]}, {""kind"": ""particle"", ""kana"": ""を""}, {""kind"": ""word"", ""ja"": ""二百"", ""reading"": ""にひゃく"", ""en"": ""200"", ""kanji"": [""二"", ""百""], ""targets"": [2, 11]}, {""kind"": ""word"", ""ja"": ""グラム"", ""reading"": ""ぐらむ"", ""en"": ""grams"", ""kanji"": [], ""targets"": [], ""kana_targets"": [292]}, {""kind"": ""word"", ""ja"": ""使います"", ""reading"": ""つかいます"", ""en"": ""use"", ""kanji"": [""使""], ""targets"": [173], ""lemma"": ""使う""}]"
s1611,[184],[286],"[{""kind"": ""word"", ""ja"": ""ゲーム"", ""reading"": ""げーむ"", ""en"": ""gaming"", ""kanji"": [], ""targets"": [], ""kana_targets"": [286]}, {""kind"": ""particle"", ""kana"": ""を""}, {""kind"": ""word"", ""ja"": ""止めます"", ""reading"": ""やめます"", ""en"": ""quit"", ""kanji"": [""止""], ""targets"": [184], ""lemma"": ""止める""}]"
s1612,"[114, 53, 69]",[257],"[{""kind"": ""word"", ""ja"": ""市内"", ""reading"": ""しない"", ""en"": ""the city"", ""kanji"": [""市"", ""内""], ""targets"": [114, 53]}, {""kind"": ""particle"", ""kana"": ""の""}, {""kind"": ""word"", ""ja"": ""ホテル"", ""reading"": ""ほてる"", ""en"": ""hotels"", ""kanji"": [], ""targets"": [], ""kana_targets"": [257]}, {""kind"": ""particle"", ""kana"": ""は""}, {""kind"": ""word"", ""ja"": ""高い"", ""reading"": ""たかい"", ""en"": ""expensive"", ""kanji"": [""高""], ""targets"": [69]}, {""kind"": ""particle"", ""kana"": ""です""}]"
s1613,"[20, 14, 253, 122, 151]",[],"[{""kind"": ""word"", ""ja"": ""土日"", ""reading"": ""どにち"", ""en"": ""weekends"", ""kanji"": [""土"", ""日""], ""targets"": [20, 14]}, {""kind"": ""particle"", ""kana"": ""は""}, {""kind"": ""word"", ""ja"": ""仕事"", ""reading"": ""しごと"", ""en"": ""work"", ""kanji"": [""仕"", ""事""], ""targets"": [253, 122]}, {""kind"": ""particle"", ""kana"": ""が""}, {""kind"": ""word"", ""ja"": ""休み"", ""reading"": ""やすみ"", ""en"": ""off"", ""kanji"": [""休""], ""targets"": [151]}, {""kind"": ""particle"", ""kana"": ""です""}]"
s1614,"[17, 58, 254]",[],"[{""kind"": ""word"", ""ja"": ""この"", ""reading"": ""この"", ""en"": ""this"", ""kanji"": [], ""targets"": []}, {""kind"": ""word"", ""ja"": ""水"", ""reading"": ""みず"", ""en"": ""water"", ""kanji"": [""水""], ""targets"": [17]}, {""kind"": ""particle"", ""kana"": ""は""}, {""kind"": ""word"", ""ja"": ""飲料水"", ""reading"": ""いんりょうすい"", ""en"": ""drinking water"", ""kanji"": [""飲"", ""料"", ""水""], ""targets"": [58, 254, 17]}, {""kind"": ""particle"", ""kana"": ""です""}]"
s1615,"[245, 98, 88, 202, 203]",[],"[{""kind"": ""word"", ""ja"": ""海"", ""reading"": ""うみ"", ""en"": ""sea"", ""kanji"": [""海""], ""targets"": [245]}, {""kind"": ""particle"", ""kana"": ""の""}, {""kind"": ""word"", ""ja"": ""生物"", ""reading"": ""せいぶつ"", ""en"": ""creatures"", ""kanji"": [""生"", ""物""], ""targets"": [98, 88]}, {""kind"": ""particle"", ""kana"": ""を""}, {""kind"": ""word"", ""ja"": ""勉強"", ""reading"": ""べんきょう"", ""en"": ""study"", ""kanji"": [""勉"", ""強""], ""targets"": [202, 203]}, {""kind"": ""particle"", ""kana"": ""します""}]"
s1616,"[132, 47, 95, 94, 179]",[],"[{""kind"": ""word"", ""ja"": ""各駅"", ""reading"": ""かくえき"", ""en"": ""local"", ""kanji"": [""各"", ""駅""], ""targets"": [132, 47]}, {""kind"": ""particle"", ""kana"": ""の""}, {""kind"": ""word"", ""ja"": ""電車"", ""reading"": ""でんしゃ"", ""en"": ""train"", ""kanji"": [""電"", ""車""], ""targets"": [95, 94]}, {""kind"": ""particle"", ""kana"": ""で""}, {""kind"": ""word"", ""ja"": ""帰ります"", ""reading"": ""かえります"", ""en"": ""go home"", ""kanji"": [""帰""], ""targets"": [179], ""lemma"": ""帰る""}]"
s1617,"[281, 37, 61, 119]",[],"[{""kind"": ""word"", ""ja"": ""祖父"", ""reading"": ""そふ"", ""en"": ""grandfather"", ""kanji"": [""祖"", ""父""], ""targets"": [281, 37]}, {""kind"": ""particle"", ""kana"": ""が""}, {""kind"": ""word"", ""ja"": ""入院"", ""reading"": ""にゅういん"", ""en"": ""was hospitalized"", ""kanji"": [""入"", ""院""], ""targets"": [61, 119]}, {""kind"": ""particle"", ""kana"": ""しました""}]"
s1618,"[48, 35, 88]",[76],"[{""kind"": ""word"", ""ja"": ""この"", ""reading"": ""この"", ""en"": ""this"", ""kanji"": [], ""targets"": []}, {""kind"": ""word"", ""ja"": ""町"", ""reading"": ""まち"", ""en"": ""town"", ""kanji"": [""町""], ""targets"": [48]}, {""kind"": ""particle"", ""kana"": ""の""}, {""kind"": ""word"", ""ja"": ""名物"", ""reading"": ""めいぶつ"", ""en"": ""specialty"", ""kanji"": [""名"", ""物""], ""targets"": [35, 88]}, {""kind"": ""particle"", ""kana"": ""は""}, {""kind"": ""word"", ""ja"": ""うどん"", ""reading"": ""うどん"", ""en"": ""udon"", ""kanji"": [], ""targets"": [], ""kana_targets"": [76]}, {""kind"": ""particle"", ""kana"": ""です""}]"
s1619,"[155, 42, 96, 98]",[],"[{""kind"": ""word"", ""ja"": ""姉"", ""reading"": ""あね"", ""en"": ""older sister"", ""kanji"": [""姉""], ""targets"": [155]}, {""kind"": ""particle"", ""kana"": ""は""}, {""kind"": ""word"", ""ja"": ""大学生"", ""reading"": ""だいがくせい"", ""en"": ""university student"", ""kanji"": [""大"", ""学"", ""生""], ""targets"": [42, 96, 98]}, {""kind"": ""particle"", ""kana"": ""です""}]"
s1620,"[88, 177, 36, 256]",[],"[{""kind"": ""word"", ""ja"": ""物知り"", ""reading"": ""ものしり"", ""en"": ""knowledgeable"", ""kanji"": [""物"", ""知""], ""targets"": [88, 177]}, {""kind"": ""particle"", ""kana"": ""の""}, {""kind"": ""word"", ""ja"": ""友達"", ""reading"": ""ともだち"", ""en"": ""friend"", ""kanji"": [""友"", ""達""], ""targets"": [36, 256]}, {""kind"": ""particle"", ""kana"": ""が""}, {""kind"": ""particle"", ""kana"": ""います""}]"
s1621,"[34, 242, 174]",[],"[{""kind"": ""word"", ""ja"": ""子ども"", ""reading"": ""こども"", ""en"": ""kids"", ""kanji"": [""子""], ""targets"": [34]}, {""kind"": ""particle"", ""kana"": ""と""}, {""kind"": ""word"", ""ja"": ""工作"", ""reading"": ""こうさく"", ""en"": ""crafts"", ""kanji"": [""工"", ""作""], ""targets"": [242, 174]}, {""kind"": ""particle"", ""kana"": ""を""}, {""kind"": ""particle"", ""kana"": ""します""}]"
s1622,"[273, 96, 97, 30, 148, 269]",[],"[{""kind"": ""word"", ""ja"": ""彼"", ""reading"": ""かれ"", ""en"": ""he"", ""kanji"": [""彼""], ""targets"": [273]}, {""kind"": ""particle"", ""kana"": ""は""}, {""kind"": ""word"", ""ja"": ""学校"", ""reading"": ""がっこう"", ""en"": ""school"", ""kanji"": [""学"", ""校""], ""targets"": [96, 97]}, {""kind"": ""particle"", ""kana"": ""の""}, {""kind"": ""word"", ""ja"": ""人気者"", ""reading"": ""にんきもの"", ""en"": ""popular one"", ""kanji"": [""人"", ""気"", ""者""], ""targets"": [30, 148, 269]}, {""kind"": ""particle"", ""kana"": ""です""}]"
s1623,"[98, 84, 57]",[],"[{""kind"": ""word"", ""ja"": ""生"", ""reading"": ""なま"", ""en"": ""raw"", ""kanji"": [""生""], ""targets"": [98]}, {""kind"": ""particle"", ""kana"": ""の""}, {""kind"": ""word"", ""ja"": ""卵"", ""reading"": ""たまご"", ""en"": ""egg"", ""kanji"": [""卵""], ""targets"": [84]}, {""kind"": ""particle"", ""kana"": ""を""}, {""kind"": ""word"", ""ja"": ""食べます"", ""reading"": ""たべます"", ""en"": ""eat"", ""kanji"": [""食""], ""targets"": [57], ""lemma"": ""食べる""}, {""kind"": ""particle"", ""kana"": ""か""}]"
s1624,"[50, 58, 254, 75]",[],"[{""kind"": ""word"", ""ja"": ""店"", ""reading"": ""みせ"", ""en"": ""shop"", ""kanji"": [""店""], ""targets"": [50]}, {""kind"": ""particle"", ""kana"": ""に""}, {""kind"": ""word"", ""ja"": ""飲料"", ""reading"": ""いんりょう"", ""en"": ""beverages"", ""kanji"": [""飲"", ""料""], ""targets"": [58, 254]}, {""kind"": ""particle"", ""kana"": ""が""}, {""kind"": ""word"", ""ja"": ""多く"", ""reading"": ""おおく"", ""en"": ""many"", ""kanji"": [""多""], ""targets"": [75], ""lemma"": ""多い""}, {""kind"": ""particle"", ""kana"": ""あります""}]"
s1625,"[58, 254, 105]",[],"[{""kind"": ""word"", ""ja"": ""この"", ""reading"": ""この"", ""en"": ""this"", ""kanji"": [], ""targets"": []}, {""kind"": ""word"", ""ja"": ""飲料"", ""reading"": ""いんりょう"", ""en"": ""beverage"", ""kanji"": [""飲"", ""料""], ""targets"": [58, 254]}, {""kind"": ""particle"", ""kana"": ""は""}, {""kind"": ""word"", ""ja"": ""甘い"", ""reading"": ""あまい"", ""en"": ""sweet"", ""kanji"": [""甘""], ""targets"": [105]}, {""kind"": ""particle"", ""kana"": ""です""}]"
s1626,"[179, 95, 94, 151]",[],"[{""kind"": ""word"", ""ja"": ""帰り"", ""reading"": ""かえり"", ""en"": ""the way home"", ""kanji"": [""帰""], ""targets"": [179]}, {""kind"": ""particle"", ""kana"": ""の""}, {""kind"": ""word"", ""ja"": ""電車"", ""reading"": ""でんしゃ"", ""en"": ""train"", ""kanji"": [""電"", ""車""], ""targets"": [95, 94]}, {""kind"": ""particle"", ""kana"": ""で""}, {""kind"": ""word"", ""ja"": ""休みます"", ""reading"": ""やすみます"", ""en"": ""rest"", ""kanji"": [""休""], ""targets"": [151], ""lemma"": ""休む""}]"
s1627,"[262, 54, 291, 294, 67]",[],"[{""kind"": ""word"", ""ja"": ""旅行"", ""reading"": ""りょこう"", ""en"": ""trip"", ""kanji"": [""旅"", ""行""], ""targets"": [262, 54]}, {""kind"": ""particle"", ""kana"": ""の""}, {""kind"": ""word"", ""ja"": ""計画"", ""reading"": ""けいかく"", ""en"": ""plan"", ""kanji"": [""計"", ""画""], ""targets"": [291, 294]}, {""kind"": ""particle"", ""kana"": ""を""}, {""kind"": ""word"", ""ja"": ""立てます"", ""reading"": ""たてます"", ""en"": ""make"", ""kanji"": [""立""], ""targets"": [67], ""lemma"": ""立てる""}]"
